system,nodes,ppn,matrix,rank,messages sent per iteration,messages received per iteration,bytes sent per iteration,bytes received per iteration,total bytes sent,total bytes received
Frontier,1,1,audikw_1,0,0,0,0,0,0,0
Frontier,1,1,Bump_2911,0,0,0,0,0,0,0
Frontier,1,1,Cube_Coup_dt0,0,0,0,0,0,0,0
Frontier,1,1,Flan_1565,0,0,0,0,0,0,0
Frontier,1,1,Queen_4147,0,0,0,0,0,0,0
Frontier,1,1,Serena,0,0,0,0,0,0,0
Frontier,1,1,nd24k,0,0,0,0,0,0,0
Frontier,1,1,ldoor,0,0,0,0,0,0,0
Frontier,1,2,audikw_1,0,1,1,44000,47248,207680000,223010560
Frontier,1,2,audikw_1,1,1,1,47248,44000,223010560,207680000
Frontier,1,2,Bump_2911,0,1,1,255984,256032,6471787488,6473001024
Frontier,1,2,Bump_2911,1,1,1,256032,255984,6473001024,6471787488
Frontier,1,2,Cube_Coup_dt0,0,1,1,188224,187648,77171840,76935680
Frontier,1,2,Cube_Coup_dt0,1,1,1,187648,188224,76935680,77171840
Frontier,1,2,Flan_1565,0,1,1,13128,13128,15215352,15215352
Frontier,1,2,Flan_1565,1,1,1,13128,13128,15215352,15215352
Frontier,1,2,Queen_4147,0,1,1,260880,261024,6880710000,6884508000
Frontier,1,2,Queen_4147,1,1,1,261024,260880,6884508000,6880710000
Frontier,1,2,Serena,0,1,1,140144,139120,520354672,516552560
Frontier,1,2,Serena,1,1,1,139120,140144,516552560,520354672
Frontier,1,2,nd24k,0,1,1,67040,66728,48939200,48711440
Frontier,1,2,nd24k,1,1,1,66728,67040,48711440,48939200
Frontier,1,2,ldoor,0,1,1,14640,14368,134131680,131639616
Frontier,1,2,ldoor,1,1,1,14368,14640,131639616,134131680
Frontier,1,4,audikw_1,0,1,1,37176,39696,178965264,191096544
Frontier,1,4,audikw_1,1,3,3,85496,84424,411577744,406417136
Frontier,1,4,audikw_1,2,2,2,99128,100864,477202192,485559296
Frontier,1,4,audikw_1,3,2,2,93632,90448,450744448,435416672
Frontier,1,4,Bump_2911,0,3,3,271304,271384,6871045104,6873071184
Frontier,1,4,Bump_2911,1,3,3,303952,304616,7697888352,7714704816
Frontier,1,4,Bump_2911,2,3,3,330624,328824,8373383424,8327796624
Frontier,1,4,Bump_2911,3,3,3,321408,322464,8139979008,8166723264
Frontier,1,4,Cube_Coup_dt0,0,3,3,180024,180488,73629816,73819592
Frontier,1,4,Cube_Coup_dt0,1,3,3,208808,207704,85402472,84950936
Frontier,1,4,Cube_Coup_dt0,2,3,3,186168,186056,76142712,76096904
Frontier,1,4,Cube_Coup_dt0,3,3,3,173320,174072,70887880,71195448
Frontier,1,4,Flan_1565,0,1,1,12200,12112,14176400,14074144
Frontier,1,4,Flan_1565,1,2,2,25240,25328,29328880,29431136
Frontier,1,4,Flan_1565,2,1,1,12560,12568,14594720,14604016
Frontier,1,4,Flan_1565,3,2,2,25696,25688,29858752,29849456
Frontier,1,4,Queen_4147,0,2,2,327248,328768,8524810400,8564406400
Frontier,1,4,Queen_4147,1,3,3,364768,363752,9502206400,9475739600
Frontier,1,4,Queen_4147,2,2,2,330152,331432,8600459600,8633803600
Frontier,1,4,Queen_4147,3,3,3,344056,342272,8962658800,8916185600
Frontier,1,4,Serena,0,3,3,157560,156600,587068560,583491600
Frontier,1,4,Serena,1,3,3,137384,136888,511892784,510044688
Frontier,1,4,Serena,2,3,3,152704,151016,568975104,562685616
Frontier,1,4,Serena,3,3,3,124488,127632,463842288,475556832
Frontier,1,4,nd24k,0,3,3,73680,71416,53491680,51848016
Frontier,1,4,nd24k,1,3,3,68600,70880,49803600,51458880
Frontier,1,4,nd24k,2,3,3,68224,68528,49530624,49751328
Frontier,1,4,nd24k,3,3,3,70776,70456,51383376,51151056
Frontier,1,4,ldoor,0,3,3,15688,15224,144486480,140213040
Frontier,1,4,ldoor,1,2,2,11440,11576,105362400,106614960
Frontier,1,4,ldoor,2,3,3,16320,16888,150307200,155538480
Frontier,1,4,ldoor,3,2,2,14120,13880,130045200,127834800
Frontier,1,8,audikw_1,0,2,2,85472,90520,414710144,439203040
Frontier,1,8,audikw_1,1,1,1,50824,48296,246598048,234332192
Frontier,1,8,audikw_1,2,3,3,93448,93128,453409696,451857056
Frontier,1,8,audikw_1,3,2,2,85576,84200,415214752,408538400
Frontier,1,8,audikw_1,4,1,1,49584,48576,240581568,235690752
Frontier,1,8,audikw_1,5,4,4,140344,140840,680949088,683355680
Frontier,1,8,audikw_1,6,3,3,110480,106048,536048960,514544896
Frontier,1,8,audikw_1,7,2,2,83968,88088,407412736,427402976
Frontier,1,8,Bump_2911,0,4,4,180576,178944,4660485984,4618365696
Frontier,1,8,Bump_2911,1,6,6,258848,260608,6680608032,6726031872
Frontier,1,8,Bump_2911,2,6,6,228568,227648,5899111512,5875367232
Frontier,1,8,Bump_2911,3,7,7,303144,304488,7823843496,7858530792
Frontier,1,8,Bump_2911,4,5,5,263472,266424,6799948848,6876137016
Frontier,1,8,Bump_2911,5,6,6,305832,305088,7893218088,7874016192
Frontier,1,8,Bump_2911,6,7,7,241656,241320,6236899704,6228227880
Frontier,1,8,Bump_2911,7,5,5,255120,252696,6584392080,6521831064
Frontier,1,8,Cube_Coup_dt0,0,6,6,248728,247944,101729752,101409096
Frontier,1,8,Cube_Coup_dt0,1,4,4,140352,140928,57403968,57639552
Frontier,1,8,Cube_Coup_dt0,2,4,4,137144,137256,56091896,56137704
Frontier,1,8,Cube_Coup_dt0,3,4,4,240368,241936,98310512,98951824
Frontier,1,8,Cube_Coup_dt0,4,3,3,125216,125088,51213344,51160992
Frontier,1,8,Cube_Coup_dt0,5,6,6,228912,227336,93625008,92980424
Frontier,1,8,Cube_Coup_dt0,6,5,5,159384,160264,65188056,65547976
Frontier,1,8,Cube_Coup_dt0,7,6,6,223064,222416,91233176,90968144
Frontier,1,8,Flan_1565,0,2,2,42856,42776,49670104,49577384
Frontier,1,8,Flan_1565,1,1,1,30664,30656,35539576,35530304
Frontier,1,8,Flan_1565,2,3,3,58792,58880,68139928,68241920
Frontier,1,8,Flan_1565,3,1,1,33552,33552,38886768,38886768
Frontier,1,8,Flan_1565,4,3,3,66112,66320,76623808,76864880
Frontier,1,8,Flan_1565,5,1,1,39400,39392,45664600,45655328
Frontier,1,8,Flan_1565,6,2,2,47344,47144,54871696,54639896
Frontier,1,8,Flan_1565,7,1,1,33552,33552,38886768,38886768
Frontier,1,8,Queen_4147,0,2,2,199008,200664,5357096352,5401674216
Frontier,1,8,Queen_4147,1,4,4,357128,357160,9613528632,9614390040
Frontier,1,8,Queen_4147,2,4,4,339928,339848,9150521832,9148368312
Frontier,1,8,Queen_4147,3,3,3,212112,210528,5709842928,5667203232
Frontier,1,8,Queen_4147,4,4,4,360864,360744,9714098016,9710867736
Frontier,1,8,Queen_4147,5,2,2,214568,216256,5775955992,5821395264
Frontier,1,8,Queen_4147,6,3,3,244576,243296,6583741344,6549285024
Frontier,1,8,Queen_4147,7,4,4,372648,372336,10031311512,10022912784
Frontier,1,8,Serena,0,7,7,168072,164424,623883264,610341888
Frontier,1,8,Serena,1,6,6,108984,110232,404548608,409181184
Frontier,1,8,Serena,2,6,6,126424,126128,469285888,468187136
Frontier,1,8,Serena,3,5,5,101152,102368,375476224,379990016
Frontier,1,8,Serena,4,7,7,112872,111456,418980864,413724672
Frontier,1,8,Serena,5,6,6,159952,160832,593741824,597008384
Frontier,1,8,Serena,6,5,5,100704,101904,373813248,378267648
Frontier,1,8,Serena,7,6,6,152064,152880,564461568,567490560
Frontier,1,8,nd24k,0,7,7,65560,64072,47858800,46772560
Frontier,1,8,nd24k,1,7,7,59920,60024,43741600,43817520
Frontier,1,8,nd24k,2,7,7,62536,65192,45651280,47590160
Frontier,1,8,nd24k,3,7,7,53104,53560,38765920,39098800
Frontier,1,8,nd24k,4,7,7,60232,57576,43969360,42030480
Frontier,1,8,nd24k,5,7,7,62632,63040,45721360,46019200
Frontier,1,8,nd24k,6,7,7,57240,58296,41785200,42556080
Frontier,1,8,nd24k,7,7,7,59440,58904,43391200,42999920
Frontier,1,8,ldoor,0,2,2,11520,11664,106133760,107460432
Frontier,1,8,ldoor,1,6,6,16880,16272,155515440,149913936
Frontier,1,8,ldoor,2,3,3,12296,11952,113283048,110113776
Frontier,1,8,ldoor,3,2,2,11128,11608,102522264,106944504
Frontier,1,8,ldoor,4,4,4,16232,16192,149545416,149176896
Frontier,1,8,ldoor,5,3,3,11624,11728,107091912,108050064
Frontier,1,8,ldoor,6,4,4,13088,13176,120579744,121390488
Frontier,1,8,ldoor,7,2,2,10552,10728,97215576,98837064
Frontier,2,1,audikw_1,0,1,1,44000,47248,207680000,223010560
Frontier,2,1,audikw_1,1,1,1,47248,44000,223010560,207680000
Frontier,2,1,Bump_2911,0,1,1,255984,256032,6471787488,6473001024
Frontier,2,1,Bump_2911,1,1,1,256032,255984,6473001024,6471787488
Frontier,2,1,Cube_Coup_dt0,0,1,1,188224,187648,77171840,76935680
Frontier,2,1,Cube_Coup_dt0,1,1,1,187648,188224,76935680,77171840
Frontier,2,1,Flan_1565,0,1,1,13128,13128,15215352,15215352
Frontier,2,1,Flan_1565,1,1,1,13128,13128,15215352,15215352
Frontier,2,1,Queen_4147,0,1,1,260880,261024,6880710000,6884508000
Frontier,2,1,Queen_4147,1,1,1,261024,260880,6884508000,6880710000
Frontier,2,1,Serena,0,1,1,140144,139120,520354672,516552560
Frontier,2,1,Serena,1,1,1,139120,140144,516552560,520354672
Frontier,2,1,nd24k,0,1,1,67040,66728,48939200,48711440
Frontier,2,1,nd24k,1,1,1,66728,67040,48711440,48939200
Frontier,2,1,ldoor,0,1,1,14640,14368,134131680,131639616
Frontier,2,1,ldoor,1,1,1,14368,14640,131639616,134131680
Frontier,2,2,audikw_1,0,1,1,37176,39696,179560080,191731680
Frontier,2,2,audikw_1,1,3,3,85496,84424,412945680,407767920
Frontier,2,2,audikw_1,2,2,2,99128,100864,478788240,487173120
Frontier,2,2,audikw_1,3,2,2,93632,90448,452242560,436863840
Frontier,2,2,Bump_2911,0,3,3,271304,271384,6820582560,6822593760
Frontier,2,2,Bump_2911,1,3,3,303952,304616,7641353280,7658046240
Frontier,2,2,Bump_2911,2,3,3,330624,328824,8311887360,8266635360
Frontier,2,2,Bump_2911,3,3,3,321408,322464,8080197120,8106744960
Frontier,2,2,Cube_Coup_dt0,0,3,3,180024,180488,73809840,74000080
Frontier,2,2,Cube_Coup_dt0,1,3,3,208808,207704,85611280,85158640
Frontier,2,2,Cube_Coup_dt0,2,3,3,186168,186056,76328880,76282960
Frontier,2,2,Cube_Coup_dt0,3,3,3,173320,174072,71061200,71369520
Frontier,2,2,Flan_1565,0,1,1,12200,12112,14127600,14025696
Frontier,2,2,Flan_1565,1,2,2,25240,25328,29227920,29329824
Frontier,2,2,Flan_1565,2,1,1,12560,12568,14544480,14553744
Frontier,2,2,Flan_1565,3,2,2,25696,25688,29755968,29746704
Frontier,2,2,Queen_4147,0,2,2,327248,328768,8609567632,8649557312
Frontier,2,2,Queen_4147,1,3,3,364768,363752,9596681312,9569951368
Frontier,2,2,Queen_4147,2,2,2,330152,331432,8685968968,8719644488
Frontier,2,2,Queen_4147,3,3,3,344056,342272,9051769304,9004834048
Frontier,2,2,Serena,0,3,3,157560,156600,582972000,579420000
Frontier,2,2,Serena,1,3,3,137384,136888,508320800,506485600
Frontier,2,2,Serena,2,3,3,152704,151016,565004800,558759200
Frontier,2,2,Serena,3,3,3,124488,127632,460605600,472238400
Frontier,2,2,nd24k,0,3,3,73680,71416,53786400,52133680
Frontier,2,2,nd24k,1,3,3,68600,70880,50078000,51742400
Frontier,2,2,nd24k,2,3,3,68224,68528,49803520,50025440
Frontier,2,2,nd24k,3,3,3,70776,70456,51666480,51432880
Frontier,2,2,ldoor,0,3,3,15688,15224,144125656,139862888
Frontier,2,2,ldoor,1,2,2,11440,11576,105099280,106348712
Frontier,2,2,ldoor,2,3,3,16320,16888,149931840,155150056
Frontier,2,2,ldoor,3,2,2,14120,13880,129720440,127515560
Frontier,2,4,audikw_1,0,2,2,85472,90520,411120320,435401200
Frontier,2,4,audikw_1,1,1,1,50824,48296,244463440,232303760
Frontier,2,4,audikw_1,2,3,3,93448,93128,449484880,447945680
Frontier,2,4,audikw_1,3,2,2,85576,84200,411620560,405002000
Frontier,2,4,audikw_1,4,1,1,49584,48576,238499040,233650560
Frontier,2,4,audikw_1,5,4,4,140344,140840,675054640,677440400
Frontier,2,4,audikw_1,6,3,3,110480,106048,531408800,510090880
Frontier,2,4,audikw_1,7,2,2,83968,88088,403886080,423703280
Frontier,2,4,Bump_2911,0,4,4,180576,178944,4591867104,4550366976
Frontier,2,4,Bump_2911,1,6,6,258848,260608,6582245792,6627000832
Frontier,2,4,Bump_2911,2,6,6,228568,227648,5812255672,5788860992
Frontier,2,4,Bump_2911,3,7,7,303144,304488,7708648776,7742825352
Frontier,2,4,Bump_2911,4,5,5,263472,266424,6699829488,6774895896
Frontier,2,4,Bump_2911,5,6,6,305832,305088,7777001928,7758082752
Frontier,2,4,Bump_2911,6,7,7,241656,241320,6145070424,6136526280
Frontier,2,4,Bump_2911,7,5,5,255120,252696,6487446480,6425806584
Frontier,2,4,Cube_Coup_dt0,0,6,6,248728,247944,101729752,101409096
Frontier,2,4,Cube_Coup_dt0,1,4,4,140352,140928,57403968,57639552
Frontier,2,4,Cube_Coup_dt0,2,4,4,137144,137256,56091896,56137704
Frontier,2,4,Cube_Coup_dt0,3,4,4,240368,241936,98310512,98951824
Frontier,2,4,Cube_Coup_dt0,4,3,3,125216,125088,51213344,51160992
Frontier,2,4,Cube_Coup_dt0,5,6,6,228912,227336,93625008,92980424
Frontier,2,4,Cube_Coup_dt0,6,5,5,159384,160264,65188056,65547976
Frontier,2,4,Cube_Coup_dt0,7,6,6,223064,222416,91233176,90968144
Frontier,2,4,Flan_1565,0,2,2,42856,42776,49755816,49662936
Frontier,2,4,Flan_1565,1,1,1,30664,30656,35600904,35591616
Frontier,2,4,Flan_1565,2,3,3,58792,58880,68257512,68359680
Frontier,2,4,Flan_1565,3,1,1,33552,33552,38953872,38953872
Frontier,2,4,Flan_1565,4,3,3,66112,66320,76756032,76997520
Frontier,2,4,Flan_1565,5,1,1,39400,39392,45743400,45734112
Frontier,2,4,Flan_1565,6,2,2,47344,47144,54966384,54734184
Frontier,2,4,Flan_1565,7,1,1,33552,33552,38953872,38953872
Frontier,2,4,Queen_4147,0,2,2,199008,200664,5187740544,5230909152
Frontier,2,4,Queen_4147,1,4,4,357128,357160,9309612704,9310446880
Frontier,2,4,Queen_4147,2,4,4,339928,339848,8861243104,8859157664
Frontier,2,4,Queen_4147,3,3,3,212112,210528,5529335616,5488043904
Frontier,2,4,Queen_4147,4,4,4,360864,360744,9407002752,9403874592
Frontier,2,4,Queen_4147,5,2,2,214568,216256,5593358624,5637361408
Frontier,2,4,Queen_4147,6,3,3,244576,243296,6375607168,6342240128
Frontier,2,4,Queen_4147,7,4,4,372648,372336,9714188064,9706054848
Frontier,2,4,Serena,0,7,7,168072,164424,629261568,615603456
Frontier,2,4,Serena,1,6,6,108984,110232,408036096,412708608
Frontier,2,4,Serena,2,6,6,126424,126128,473331456,472223232
Frontier,2,4,Serena,3,5,5,101152,102368,378713088,383265792
Frontier,2,4,Serena,4,7,7,112872,111456,422592768,417291264
Frontier,2,4,Serena,5,6,6,159952,160832,598860288,602155008
Frontier,2,4,Serena,6,5,5,100704,101904,377035776,381528576
Frontier,2,4,Serena,7,6,6,152064,152880,569327616,572382720
Frontier,2,4,nd24k,0,7,7,65560,64072,48448840,47349208
Frontier,2,4,nd24k,1,7,7,59920,60024,44280880,44357736
Frontier,2,4,nd24k,2,7,7,62536,65192,46214104,48176888
Frontier,2,4,nd24k,3,7,7,53104,53560,39243856,39580840
Frontier,2,4,nd24k,4,7,7,60232,57576,44511448,42548664
Frontier,2,4,nd24k,5,7,7,62632,63040,46285048,46586560
Frontier,2,4,nd24k,6,7,7,57240,58296,42300360,43080744
Frontier,2,4,nd24k,7,7,7,59440,58904,43926160,43530056
Frontier,2,4,ldoor,0,2,2,11520,11664,105765120,107087184
Frontier,2,4,ldoor,1,6,6,16880,16272,154975280,149393232
Frontier,2,4,ldoor,2,3,3,12296,11952,112889576,109731312
Frontier,2,4,ldoor,3,2,2,11128,11608,102166168,106573048
Frontier,2,4,ldoor,4,4,4,16232,16192,149025992,148658752
Frontier,2,4,ldoor,5,3,3,11624,11728,106719944,107674768
Frontier,2,4,ldoor,6,4,4,13088,13176,120160928,120968856
Frontier,2,4,ldoor,7,2,2,10552,10728,96877912,98493768
Frontier,2,8,audikw_1,0,3,3,47168,49048,224708352,233664672
Frontier,2,8,audikw_1,1,3,3,77304,80928,368276256,385540992
Frontier,2,8,audikw_1,2,3,3,57296,53008,272958144,252530112
Frontier,2,8,audikw_1,3,2,2,48968,50272,233283552,239495808
Frontier,2,8,audikw_1,4,5,5,78040,80144,371782560,381806016
Frontier,2,8,audikw_1,5,6,6,83208,87072,396402912,414811008
Frontier,2,8,audikw_1,6,3,3,85792,84992,408713088,404901888
Frontier,2,8,audikw_1,7,3,3,97416,90504,464089824,431161056
Frontier,2,8,audikw_1,8,3,3,47144,44464,224594016,211826496
Frontier,2,8,audikw_1,9,4,4,52288,52880,249100032,251920320
Frontier,2,8,audikw_1,10,9,9,122192,117784,582122688,561122976
Frontier,2,8,audikw_1,11,5,5,63368,68848,301885152,327991872
Frontier,2,8,audikw_1,12,5,5,71592,73896,341064288,352040544
Frontier,2,8,audikw_1,13,5,5,89744,86608,427540416,412600512
Frontier,2,8,audikw_1,14,7,7,109528,110288,521791392,525412032
Frontier,2,8,audikw_1,15,4,4,68400,68712,325857600,327343968
Frontier,2,8,Bump_2911,0,9,9,189672,187944,4773475224,4729986648
Frontier,2,8,Bump_2911,1,6,6,113400,113208,2853937800,2849105736
Frontier,2,8,Bump_2911,2,12,12,198608,199288,4998367536,5015481096
Frontier,2,8,Bump_2911,3,10,10,206280,209016,5191448760,5260305672
Frontier,2,8,Bump_2911,4,7,7,134232,132240,3378216744,3328084080
Frontier,2,8,Bump_2911,5,11,11,212464,214016,5347081488,5386140672
Frontier,2,8,Bump_2911,6,11,11,177408,178200,4464827136,4484759400
Frontier,2,8,Bump_2911,7,11,11,201504,201936,5071251168,5082123312
Frontier,2,8,Bump_2911,8,6,6,146280,146496,3681428760,3686864832
Frontier,2,8,Bump_2911,9,12,12,211560,210624,5324330520,5300774208
Frontier,2,8,Bump_2911,10,9,9,207504,207240,5222253168,5215609080
Frontier,2,8,Bump_2911,11,5,5,156264,156336,3932696088,3934508112
Frontier,2,8,Bump_2911,12,9,9,150024,149784,3775654008,3769613928
Frontier,2,8,Bump_2911,13,12,12,191088,190056,4809111696,4783139352
Frontier,2,8,Bump_2911,14,10,10,186432,187296,4691934144,4713678432
Frontier,2,8,Bump_2911,15,8,8,167088,166128,4205103696,4180943376
Frontier,2,8,Cube_Coup_dt0,0,7,7,167752,169752,68778320,69598320
Frontier,2,8,Cube_Coup_dt0,1,9,9,177424,176176,72743840,72232160
Frontier,2,8,Cube_Coup_dt0,2,4,4,110808,110344,45431280,45241040
Frontier,2,8,Cube_Coup_dt0,3,4,4,124712,125976,51131920,51650160
Frontier,2,8,Cube_Coup_dt0,4,8,8,147752,147672,60578320,60545520
Frontier,2,8,Cube_Coup_dt0,5,7,7,178472,177560,73173520,72799600
Frontier,2,8,Cube_Coup_dt0,6,4,4,91120,91728,37359200,37608480
Frontier,2,8,Cube_Coup_dt0,7,5,5,140584,139608,57639440,57239280
Frontier,2,8,Cube_Coup_dt0,8,7,7,171560,171640,70339600,70372400
Frontier,2,8,Cube_Coup_dt0,9,7,7,139984,137488,57393440,56370080
Frontier,2,8,Cube_Coup_dt0,10,6,6,130296,129896,53421360,53257360
Frontier,2,8,Cube_Coup_dt0,11,3,3,96872,96440,39717520,39540400
Frontier,2,8,Cube_Coup_dt0,12,9,9,182896,182576,74987360,74856160
Frontier,2,8,Cube_Coup_dt0,13,6,6,168032,169472,68893120,69483520
Frontier,2,8,Cube_Coup_dt0,14,6,6,137256,139384,56274960,57147440
Frontier,2,8,Cube_Coup_dt0,15,4,4,104080,103888,42672800,42594080
Frontier,2,8,Flan_1565,0,4,4,46288,46736,53647792,54167024
Frontier,2,8,Flan_1565,1,3,3,43104,43632,49957536,50569488
Frontier,2,8,Flan_1565,2,3,3,33288,32760,38580792,37968840
Frontier,2,8,Flan_1565,3,3,3,31744,31208,36791296,36170072
Frontier,2,8,Flan_1565,4,3,3,45984,46248,53295456,53601432
Frontier,2,8,Flan_1565,5,4,4,60112,60464,69669808,70077776
Frontier,2,8,Flan_1565,6,3,3,31968,31440,37050912,36438960
Frontier,2,8,Flan_1565,7,2,2,30936,30936,35854824,35854824
Frontier,2,8,Flan_1565,8,3,3,34080,33552,39498720,38886768
Frontier,2,8,Flan_1565,9,3,3,35688,35160,41362392,40750440
Frontier,2,8,Flan_1565,10,5,5,62200,62648,72089800,72609032
Frontier,2,8,Flan_1565,11,3,3,50776,51296,58849384,59452064
Frontier,2,8,Flan_1565,12,3,3,44376,44112,51431784,51125808
Frontier,2,8,Flan_1565,13,3,3,52408,53024,60740872,61454816
Frontier,2,8,Flan_1565,14,3,3,33840,33576,39220560,38914584
Frontier,2,8,Flan_1565,15,2,2,32496,32496,37662864,37662864
Frontier,2,8,Queen_4147,0,4,4,175920,176160,4814402640,4820970720
Frontier,2,8,Queen_4147,1,4,4,179592,181080,4914894264,4955616360
Frontier,2,8,Queen_4147,2,9,9,261216,256176,7148698272,7010768592
Frontier,2,8,Queen_4147,3,5,5,240776,244984,6589316792,6704477128
Frontier,2,8,Queen_4147,4,5,5,193856,193720,5305257152,5301535240
Frontier,2,8,Queen_4147,5,7,7,195840,195384,5359553280,5347073928
Frontier,2,8,Queen_4147,6,6,6,232368,235200,6359215056,6436718400
Frontier,2,8,Queen_4147,7,8,8,263648,262720,7215254816,7189858240
Frontier,2,8,Queen_4147,8,8,8,267936,265224,7332604512,7258385208
Frontier,2,8,Queen_4147,9,9,9,270048,269688,7390403616,7380551496
Frontier,2,8,Queen_4147,10,4,4,191328,194736,5236073376,5329340112
Frontier,2,8,Queen_4147,11,5,5,202616,201352,5544992072,5510400184
Frontier,2,8,Queen_4147,12,5,5,214616,213448,5873396072,5841431416
Frontier,2,8,Queen_4147,13,7,7,305168,301336,8351532656,8246662312
Frontier,2,8,Queen_4147,14,7,7,290328,290640,7945406376,7953944880
Frontier,2,8,Queen_4147,15,3,3,182184,185592,4985829528,5079096264
Frontier,2,8,Serena,0,11,11,118280,118144,439765040,439259392
Frontier,2,8,Serena,1,7,7,103912,102392,386344816,380693456
Frontier,2,8,Serena,2,6,6,103448,102784,384619664,382150912
Frontier,2,8,Serena,3,11,11,66616,68168,247678288,253448624
Frontier,2,8,Serena,4,8,8,126200,126088,469211600,468795184
Frontier,2,8,Serena,5,8,8,115328,115600,428789504,429800800
Frontier,2,8,Serena,6,7,7,28640,28624,106483520,106424032
Frontier,2,8,Serena,7,10,10,83600,83368,310824800,309962224
Frontier,2,8,Serena,8,9,9,101320,102224,376707760,380068832
Frontier,2,8,Serena,9,7,7,122712,122328,456243216,454815504
Frontier,2,8,Serena,10,6,6,21944,21208,81587792,78851344
Frontier,2,8,Serena,11,12,12,70360,72512,261598480,269599616
Frontier,2,8,Serena,12,8,8,96488,97432,358742384,362252176
Frontier,2,8,Serena,13,5,5,83224,83672,309426832,311092496
Frontier,2,8,Serena,14,11,11,108272,105976,402555296,394018768
Frontier,2,8,Serena,15,10,10,132136,131960,491281648,490627280
Frontier,2,8,nd24k,0,12,12,59536,56632,43758960,41624520
Frontier,2,8,nd24k,1,7,7,44872,47632,32980920,35009520
Frontier,2,8,nd24k,2,8,8,44384,43776,32622240,32175360
Frontier,2,8,nd24k,3,9,9,47344,48992,34797840,36009120
Frontier,2,8,nd24k,4,11,11,53168,52840,39078480,38837400
Frontier,2,8,nd24k,5,6,6,41904,46408,30799440,34109880
Frontier,2,8,nd24k,6,9,9,52392,49528,38508120,36403080
Frontier,2,8,nd24k,7,5,5,37848,41936,27818280,30822960
Frontier,2,8,nd24k,8,7,7,35936,41800,26412960,30723000
Frontier,2,8,nd24k,9,11,11,60728,54240,44635080,39866400
Frontier,2,8,nd24k,10,12,12,59792,56416,43947120,41465760
Frontier,2,8,nd24k,11,6,6,40008,40896,29405880,30058560
Frontier,2,8,nd24k,12,13,13,58832,55568,43241520,40842480
Frontier,2,8,nd24k,13,10,10,47072,46312,34597920,34039320
Frontier,2,8,nd24k,14,8,8,49776,50072,36585360,36802920
Frontier,2,8,nd24k,15,12,12,52264,52808,38414040,38813880
Frontier,2,8,ldoor,0,3,3,11416,11208,105324016,103405008
Frontier,2,8,ldoor,1,4,4,11808,12104,108940608,111671504
Frontier,2,8,ldoor,2,7,7,12080,12560,111450080,115878560
Frontier,2,8,ldoor,3,3,3,11912,10936,109900112,100895536
Frontier,2,8,ldoor,4,3,3,9232,9472,85174432,87388672
Frontier,2,8,ldoor,5,4,4,10352,10704,95507552,98755104
Frontier,2,8,ldoor,6,2,2,10232,9928,94400432,91595728
Frontier,2,8,ldoor,7,5,5,12424,12216,114623824,112704816
Frontier,2,8,ldoor,8,4,4,15672,15408,144589872,142154208
Frontier,2,8,ldoor,9,6,6,10808,11144,99714608,102814544
Frontier,2,8,ldoor,10,3,3,11976,12664,110490576,116838064
Frontier,2,8,ldoor,11,2,2,11296,11104,104216896,102445504
Frontier,2,8,ldoor,12,5,5,14208,15024,131083008,138611424
Frontier,2,8,ldoor,13,3,3,11192,10592,103257392,97721792
Frontier,2,8,ldoor,14,3,3,10800,9808,99640800,90488608
Frontier,2,8,ldoor,15,5,5,13032,13568,120233232,125178368
Frontier,4,1,audikw_1,0,1,1,37176,39696,179560080,191731680
Frontier,4,1,audikw_1,1,3,3,85496,84424,412945680,407767920
Frontier,4,1,audikw_1,2,2,2,99128,100864,478788240,487173120
Frontier,4,1,audikw_1,3,2,2,93632,90448,452242560,436863840
Frontier,4,1,Bump_2911,0,3,3,271304,271384,6820582560,6822593760
Frontier,4,1,Bump_2911,1,3,3,303952,304616,7641353280,7658046240
Frontier,4,1,Bump_2911,2,3,3,330624,328824,8311887360,8266635360
Frontier,4,1,Bump_2911,3,3,3,321408,322464,8080197120,8106744960
Frontier,4,1,Cube_Coup_dt0,0,3,3,180024,180488,73809840,74000080
Frontier,4,1,Cube_Coup_dt0,1,3,3,208808,207704,85611280,85158640
Frontier,4,1,Cube_Coup_dt0,2,3,3,186168,186056,76328880,76282960
Frontier,4,1,Cube_Coup_dt0,3,3,3,173320,174072,71061200,71369520
Frontier,4,1,Flan_1565,0,1,1,12200,12112,14127600,14025696
Frontier,4,1,Flan_1565,1,2,2,25240,25328,29227920,29329824
Frontier,4,1,Flan_1565,2,1,1,12560,12568,14544480,14553744
Frontier,4,1,Flan_1565,3,2,2,25696,25688,29755968,29746704
Frontier,4,1,Queen_4147,0,2,2,327248,328768,8609567632,8649557312
Frontier,4,1,Queen_4147,1,3,3,364768,363752,9596681312,9569951368
Frontier,4,1,Queen_4147,2,2,2,330152,331432,8685968968,8719644488
Frontier,4,1,Queen_4147,3,3,3,344056,342272,9051769304,9004834048
Frontier,4,1,Serena,0,3,3,157560,156600,582972000,579420000
Frontier,4,1,Serena,1,3,3,137384,136888,508320800,506485600
Frontier,4,1,Serena,2,3,3,152704,151016,565004800,558759200
Frontier,4,1,Serena,3,3,3,124488,127632,460605600,472238400
Frontier,4,1,nd24k,0,3,3,73680,71416,53786400,52133680
Frontier,4,1,nd24k,1,3,3,68600,70880,50078000,51742400
Frontier,4,1,nd24k,2,3,3,68224,68528,49803520,50025440
Frontier,4,1,nd24k,3,3,3,70776,70456,51666480,51432880
Frontier,4,1,ldoor,0,3,3,15688,15224,144125656,139862888
Frontier,4,1,ldoor,1,2,2,11440,11576,105099280,106348712
Frontier,4,1,ldoor,2,3,3,16320,16888,149931840,155150056
Frontier,4,1,ldoor,3,2,2,14120,13880,129720440,127515560
Frontier,4,2,audikw_1,0,2,2,85472,90520,408214272,432323520
Frontier,4,2,audikw_1,1,1,1,50824,48296,242735424,230661696
Frontier,4,2,audikw_1,2,3,3,93448,93128,446307648,444779328
Frontier,4,2,audikw_1,3,2,2,85576,84200,408710976,402139200
Frontier,4,2,audikw_1,4,1,1,49584,48576,236813184,231998976
Frontier,4,2,audikw_1,5,4,4,140344,140840,670282944,672651840
Frontier,4,2,audikw_1,6,3,3,110480,106048,527652480,506485248
Frontier,4,2,audikw_1,7,2,2,83968,88088,401031168,420708288
Frontier,4,2,Bump_2911,0,4,4,180576,178944,4651457184,4609418496
Frontier,4,2,Bump_2911,1,6,6,258848,260608,6667665632,6713001472
Frontier,4,2,Bump_2911,2,6,6,228568,227648,5887683112,5863984832
Frontier,4,2,Bump_2911,3,7,7,303144,304488,7808686296,7843306392
Frontier,4,2,Bump_2911,4,5,5,263472,266424,6786775248,6862815816
Frontier,4,2,Bump_2911,5,6,6,305832,305088,7877926488,7858761792
Frontier,4,2,Bump_2911,6,7,7,241656,241320,6224816904,6216161880
Frontier,4,2,Bump_2911,7,5,5,255120,252696,6571636080,6509196264
Frontier,4,2,Cube_Coup_dt0,0,6,6,248728,247944,101978480,101657040
Frontier,4,2,Cube_Coup_dt0,1,4,4,140352,140928,57544320,57780480
Frontier,4,2,Cube_Coup_dt0,2,4,4,137144,137256,56229040,56274960
Frontier,4,2,Cube_Coup_dt0,3,4,4,240368,241936,98550880,99193760
Frontier,4,2,Cube_Coup_dt0,4,3,3,125216,125088,51338560,51286080
Frontier,4,2,Cube_Coup_dt0,5,6,6,228912,227336,93853920,93207760
Frontier,4,2,Cube_Coup_dt0,6,5,5,159384,160264,65347440,65708240
Frontier,4,2,Cube_Coup_dt0,7,6,6,223064,222416,91456240,91190560
Frontier,4,2,Flan_1565,0,2,2,42856,42776,49670104,49577384
Frontier,4,2,Flan_1565,1,1,1,30664,30656,35539576,35530304
Frontier,4,2,Flan_1565,2,3,3,58792,58880,68139928,68241920
Frontier,4,2,Flan_1565,3,1,1,33552,33552,38886768,38886768
Frontier,4,2,Flan_1565,4,3,3,66112,66320,76623808,76864880
Frontier,4,2,Flan_1565,5,1,1,39400,39392,45664600,45655328
Frontier,4,2,Flan_1565,6,2,2,47344,47144,54871696,54639896
Frontier,4,2,Flan_1565,7,1,1,33552,33552,38886768,38886768
Frontier,4,2,Queen_4147,0,2,2,199008,200664,5252418144,5296124952
Frontier,4,2,Queen_4147,1,4,4,357128,357160,9425679304,9426523880
Frontier,4,2,Queen_4147,2,4,4,339928,339848,8971719704,8969608264
Frontier,4,2,Queen_4147,3,3,3,212112,210528,5598272016,5556465504
Frontier,4,2,Queen_4147,4,4,4,360864,360744,9524283552,9521116392
Frontier,4,2,Queen_4147,5,2,2,214568,216256,5663093224,5707644608
Frontier,4,2,Queen_4147,6,3,3,244576,243296,6455094368,6421311328
Frontier,4,2,Queen_4147,7,4,4,372648,372336,9835298664,9827064048
Frontier,4,2,Serena,0,7,7,168072,164424,628421208,614781336
Frontier,4,2,Serena,1,6,6,108984,110232,407491176,412157448
Frontier,4,2,Serena,2,6,6,126424,126128,472699336,471592592
Frontier,4,2,Serena,3,5,5,101152,102368,378207328,382753952
Frontier,4,2,Serena,4,7,7,112872,111456,422028408,416733984
Frontier,4,2,Serena,5,6,6,159952,160832,598060528,601350848
Frontier,4,2,Serena,6,5,5,100704,101904,376532256,381019056
Frontier,4,2,Serena,7,6,6,152064,152880,568567296,571618320
Frontier,4,2,nd24k,0,7,7,65560,64072,47596560,46516272
Frontier,4,2,nd24k,1,7,7,59920,60024,43501920,43577424
Frontier,4,2,nd24k,2,7,7,62536,65192,45401136,47329392
Frontier,4,2,nd24k,3,7,7,53104,53560,38553504,38884560
Frontier,4,2,nd24k,4,7,7,60232,57576,43728432,41800176
Frontier,4,2,nd24k,5,7,7,62632,63040,45470832,45767040
Frontier,4,2,nd24k,6,7,7,57240,58296,41556240,42322896
Frontier,4,2,nd24k,7,7,7,59440,58904,43153440,42764304
Frontier,4,2,ldoor,0,2,2,11520,11664,105730560,107052192
Frontier,4,2,ldoor,1,6,6,16880,16272,154924640,149344416
Frontier,4,2,ldoor,2,3,3,12296,11952,112852688,109695456
Frontier,4,2,ldoor,3,2,2,11128,11608,102132784,106538224
Frontier,4,2,ldoor,4,4,4,16232,16192,148977296,148610176
Frontier,4,2,ldoor,5,3,3,11624,11728,106685072,107639584
Frontier,4,2,ldoor,6,4,4,13088,13176,120121664,120929328
Frontier,4,2,ldoor,7,2,2,10552,10728,96846256,98461584
Frontier,4,4,audikw_1,0,3,3,47168,49048,225981888,234988968
Frontier,4,4,audikw_1,1,3,3,77304,80928,370363464,387726048
Frontier,4,4,audikw_1,2,3,3,57296,53008,274505136,253961328
Frontier,4,4,audikw_1,3,2,2,48968,50272,234605688,240853152
Frontier,4,4,audikw_1,4,5,5,78040,80144,373889640,383969904
Frontier,4,4,audikw_1,5,6,6,83208,87072,398649528,417161952
Frontier,4,4,audikw_1,6,3,3,85792,84992,411029472,407196672
Frontier,4,4,audikw_1,7,3,3,97416,90504,466720056,433604664
Frontier,4,4,audikw_1,8,3,3,47144,44464,225866904,213027024
Frontier,4,4,audikw_1,9,4,4,52288,52880,250511808,253348080
Frontier,4,4,audikw_1,10,9,9,122192,117784,585421872,564303144
Frontier,4,4,audikw_1,11,5,5,63368,68848,303596088,329850768
Frontier,4,4,audikw_1,12,5,5,71592,73896,342997272,354035736
Frontier,4,4,audikw_1,13,5,5,89744,86608,429963504,414938928
Frontier,4,4,audikw_1,14,7,7,109528,110288,524748648,528389808
Frontier,4,4,audikw_1,15,4,4,68400,68712,327704400,329199192
Frontier,4,4,Bump_2911,0,9,9,189672,187944,5508264552,5458081704
Frontier,4,4,Bump_2911,1,6,6,113400,113208,3293249400,3287673528
Frontier,4,4,Bump_2911,2,12,12,198608,199288,5767774928,5787522808
Frontier,4,4,Bump_2911,3,10,10,206280,209016,5990577480,6070033656
Frontier,4,4,Bump_2911,4,7,7,134232,132240,3898231512,3840381840
Frontier,4,4,Bump_2911,5,11,11,212464,214016,6170167024,6215238656
Frontier,4,4,Bump_2911,6,11,11,177408,178200,5152105728,5175106200
Frontier,4,4,Bump_2911,7,11,11,201504,201936,5851877664,5864423376
Frontier,4,4,Bump_2911,8,6,6,146280,146496,4248117480,4254390336
Frontier,4,4,Bump_2911,9,12,12,211560,210624,6143913960,6116731584
Frontier,4,4,Bump_2911,10,9,9,207504,207240,6026123664,6018456840
Frontier,4,4,Bump_2911,11,5,5,156264,156336,4538062824,4540153776
Frontier,4,4,Bump_2911,12,9,9,150024,149784,4356846984,4349877144
Frontier,4,4,Bump_2911,13,12,12,191088,190056,5549386608,5519416296
Frontier,4,4,Bump_2911,14,10,10,186432,187296,5414171712,5439263136
Frontier,4,4,Bump_2911,15,8,8,167088,166128,4852402608,4824523248
Frontier,4,4,Cube_Coup_dt0,0,7,7,167752,169752,68778320,69598320
Frontier,4,4,Cube_Coup_dt0,1,9,9,177424,176176,72743840,72232160
Frontier,4,4,Cube_Coup_dt0,2,4,4,110808,110344,45431280,45241040
Frontier,4,4,Cube_Coup_dt0,3,4,4,124712,125976,51131920,51650160
Frontier,4,4,Cube_Coup_dt0,4,8,8,147752,147672,60578320,60545520
Frontier,4,4,Cube_Coup_dt0,5,7,7,178472,177560,73173520,72799600
Frontier,4,4,Cube_Coup_dt0,6,4,4,91120,91728,37359200,37608480
Frontier,4,4,Cube_Coup_dt0,7,5,5,140584,139608,57639440,57239280
Frontier,4,4,Cube_Coup_dt0,8,7,7,171560,171640,70339600,70372400
Frontier,4,4,Cube_Coup_dt0,9,7,7,139984,137488,57393440,56370080
Frontier,4,4,Cube_Coup_dt0,10,6,6,130296,129896,53421360,53257360
Frontier,4,4,Cube_Coup_dt0,11,3,3,96872,96440,39717520,39540400
Frontier,4,4,Cube_Coup_dt0,12,9,9,182896,182576,74987360,74856160
Frontier,4,4,Cube_Coup_dt0,13,6,6,168032,169472,68893120,69483520
Frontier,4,4,Cube_Coup_dt0,14,6,6,137256,139384,56274960,57147440
Frontier,4,4,Cube_Coup_dt0,15,4,4,104080,103888,42672800,42594080
Frontier,4,4,Flan_1565,0,4,4,46288,46736,53647792,54167024
Frontier,4,4,Flan_1565,1,3,3,43104,43632,49957536,50569488
Frontier,4,4,Flan_1565,2,3,3,33288,32760,38580792,37968840
Frontier,4,4,Flan_1565,3,3,3,31744,31208,36791296,36170072
Frontier,4,4,Flan_1565,4,3,3,45984,46248,53295456,53601432
Frontier,4,4,Flan_1565,5,4,4,60112,60464,69669808,70077776
Frontier,4,4,Flan_1565,6,3,3,31968,31440,37050912,36438960
Frontier,4,4,Flan_1565,7,2,2,30936,30936,35854824,35854824
Frontier,4,4,Flan_1565,8,3,3,34080,33552,39498720,38886768
Frontier,4,4,Flan_1565,9,3,3,35688,35160,41362392,40750440
Frontier,4,4,Flan_1565,10,5,5,62200,62648,72089800,72609032
Frontier,4,4,Flan_1565,11,3,3,50776,51296,58849384,59452064
Frontier,4,4,Flan_1565,12,3,3,44376,44112,51431784,51125808
Frontier,4,4,Flan_1565,13,3,3,52408,53024,60740872,61454816
Frontier,4,4,Flan_1565,14,3,3,33840,33576,39220560,38914584
Frontier,4,4,Flan_1565,15,2,2,32496,32496,37662864,37662864
Frontier,4,4,Queen_4147,0,4,4,175920,176160,4618955520,4625256960
Frontier,4,4,Queen_4147,1,4,4,179592,181080,4715367552,4754436480
Frontier,4,4,Queen_4147,2,9,9,261216,256176,6858487296,6726157056
Frontier,4,4,Queen_4147,3,5,5,240776,244984,6321814656,6432299904
Frontier,4,4,Queen_4147,4,5,5,193856,193720,5089883136,5086312320
Frontier,4,4,Queen_4147,5,7,7,195840,195384,5141975040,5130002304
Frontier,4,4,Queen_4147,6,6,6,232368,235200,6101054208,6175411200
Frontier,4,4,Queen_4147,7,8,8,263648,262720,6922341888,6897976320
Frontier,4,4,Queen_4147,8,8,8,267936,265224,7034927616,6963721344
Frontier,4,4,Queen_4147,9,9,9,270048,269688,7090380288,7080928128
Frontier,4,4,Queen_4147,10,4,4,191328,194736,5023507968,5112988416
Frontier,4,4,Queen_4147,11,5,5,202616,201352,5319885696,5286698112
Frontier,4,4,Queen_4147,12,5,5,214616,213448,5634957696,5604290688
Frontier,4,4,Queen_4147,13,7,7,305168,301336,8012491008,7911878016
Frontier,4,4,Queen_4147,14,7,7,290328,290640,7622851968,7631043840
Frontier,4,4,Queen_4147,15,3,3,182184,185592,4783423104,4872903552
Frontier,4,4,Serena,0,11,11,118280,118144,443076880,442567424
Frontier,4,4,Serena,1,7,7,103912,102392,389254352,383560432
Frontier,4,4,Serena,2,6,6,103448,102784,387516208,385028864
Frontier,4,4,Serena,3,11,11,66616,68168,249543536,255357328
Frontier,4,4,Serena,4,8,8,126200,126088,472745200,472325648
Frontier,4,4,Serena,5,8,8,115328,115600,432018688,433037600
Frontier,4,4,Serena,6,7,7,28640,28624,107285440,107225504
Frontier,4,4,Serena,7,10,10,83600,83368,313165600,312296528
Frontier,4,4,Serena,8,9,9,101320,102224,379544720,382931104
Frontier,4,4,Serena,9,7,7,122712,122328,459679152,458240688
Frontier,4,4,Serena,10,6,6,21944,21208,82202224,79445168
Frontier,4,4,Serena,11,12,12,70360,72512,263568560,271629952
Frontier,4,4,Serena,12,8,8,96488,97432,361444048,364980272
Frontier,4,4,Serena,13,5,5,83224,83672,311757104,313435312
Frontier,4,4,Serena,14,11,11,108272,105976,405586912,396986096
Frontier,4,4,Serena,15,10,10,132136,131960,494981456,494322160
Frontier,4,4,nd24k,0,12,12,59536,56632,43342208,41228096
Frontier,4,4,nd24k,1,7,7,44872,47632,32666816,34676096
Frontier,4,4,nd24k,2,8,8,44384,43776,32311552,31868928
Frontier,4,4,nd24k,3,9,9,47344,48992,34466432,35666176
Frontier,4,4,nd24k,4,11,11,53168,52840,38706304,38467520
Frontier,4,4,nd24k,5,6,6,41904,46408,30506112,33785024
Frontier,4,4,nd24k,6,9,9,52392,49528,38141376,36056384
Frontier,4,4,nd24k,7,5,5,37848,41936,27553344,30529408
Frontier,4,4,nd24k,8,7,7,35936,41800,26161408,30430400
Frontier,4,4,nd24k,9,11,11,60728,54240,44209984,39486720
Frontier,4,4,nd24k,10,12,12,59792,56416,43528576,41070848
Frontier,4,4,nd24k,11,6,6,40008,40896,29125824,29772288
Frontier,4,4,nd24k,12,13,13,58832,55568,42829696,40453504
Frontier,4,4,nd24k,13,10,10,47072,46312,34268416,33715136
Frontier,4,4,nd24k,14,8,8,49776,50072,36236928,36452416
Frontier,4,4,nd24k,15,12,12,52264,52808,38048192,38444224
Frontier,4,4,ldoor,0,3,3,11416,11208,105301184,103382592
Frontier,4,4,ldoor,1,4,4,11808,12104,108916992,111647296
Frontier,4,4,ldoor,2,7,7,12080,12560,111425920,115853440
Frontier,4,4,ldoor,3,3,3,11912,10936,109876288,100873664
Frontier,4,4,ldoor,4,3,3,9232,9472,85155968,87369728
Frontier,4,4,ldoor,5,4,4,10352,10704,95486848,98733696
Frontier,4,4,ldoor,6,2,2,10232,9928,94379968,91575872
Frontier,4,4,ldoor,7,5,5,12424,12216,114598976,112680384
Frontier,4,4,ldoor,8,4,4,15672,15408,144558528,142123392
Frontier,4,4,ldoor,9,6,6,10808,11144,99692992,102792256
Frontier,4,4,ldoor,10,3,3,11976,12664,110466624,116812736
Frontier,4,4,ldoor,11,2,2,11296,11104,104194304,102423296
Frontier,4,4,ldoor,12,5,5,14208,15024,131054592,138581376
Frontier,4,4,ldoor,13,3,3,11192,10592,103235008,97700608
Frontier,4,4,ldoor,14,3,3,10800,9808,99619200,90468992
Frontier,4,4,ldoor,15,5,5,13032,13568,120207168,125151232
Frontier,4,8,audikw_1,0,3,3,31104,31440,149827968,151446480
Frontier,4,8,audikw_1,1,5,5,50632,52096,243894344,250946432
Frontier,4,8,audikw_1,2,5,5,59088,59664,284626896,287401488
Frontier,4,8,audikw_1,3,5,5,54720,57888,263586240,278846496
Frontier,4,8,audikw_1,4,5,5,55496,57296,267324232,275994832
Frontier,4,8,audikw_1,5,3,3,32664,32184,157342488,155030328
Frontier,4,8,audikw_1,6,2,2,32856,32880,158267352,158382960
Frontier,4,8,audikw_1,7,5,5,59064,53736,284511288,258846312
Frontier,4,8,audikw_1,8,5,5,60224,61360,290099008,295571120
Frontier,4,8,audikw_1,9,4,4,57192,59448,275493864,286361016
Frontier,4,8,audikw_1,10,5,5,64232,60160,309405544,289790720
Frontier,4,8,audikw_1,11,9,9,81440,78472,392296480,377999624
Frontier,4,8,audikw_1,12,7,7,59096,58768,284665432,283085456
Frontier,4,8,audikw_1,13,5,5,51600,55320,248557200,266476440
Frontier,4,8,audikw_1,14,5,5,63864,62592,307632888,301505664
Frontier,4,8,audikw_1,15,8,8,74208,74952,357459936,361043784
Frontier,4,8,audikw_1,16,6,6,45728,45904,220271776,221119568
Frontier,4,8,audikw_1,17,8,8,88760,81048,427556920,390408216
Frontier,4,8,audikw_1,18,3,3,39728,40840,191369776,196726280
Frontier,4,8,audikw_1,19,6,6,60168,61720,289829256,297305240
Frontier,4,8,audikw_1,20,11,11,81992,80656,394955464,388519952
Frontier,4,8,audikw_1,21,9,9,90576,92880,436304592,447402960
Frontier,4,8,audikw_1,22,4,4,41616,40800,200464272,196533600
Frontier,4,8,audikw_1,23,5,5,43680,44448,210406560,214106016
Frontier,4,8,audikw_1,24,3,3,29376,28728,141504192,138382776
Frontier,4,8,audikw_1,25,5,5,50528,50008,243393376,240888536
Frontier,4,8,audikw_1,26,6,6,54872,58456,264318424,281582552
Frontier,4,8,audikw_1,27,11,11,89240,87280,429869080,420427760
Frontier,4,8,audikw_1,28,4,4,42336,41232,203932512,198614544
Frontier,4,8,audikw_1,29,2,2,27312,27408,131561904,132024336
Frontier,4,8,audikw_1,30,8,8,65424,66456,315147408,320118552
Frontier,4,8,audikw_1,31,6,6,58592,61288,282237664,295224296
Frontier,4,8,Bump_2911,0,14,14,125496,125424,3690209880,3688092720
Frontier,4,8,Bump_2911,1,11,11,116736,116160,3432622080,3415684800
Frontier,4,8,Bump_2911,2,6,6,84000,84888,2470020000,2496131640
Frontier,4,8,Bump_2911,3,7,7,78960,78816,2321818800,2317584480
Frontier,4,8,Bump_2911,4,15,15,165552,166800,4868056560,4904754000
Frontier,4,8,Bump_2911,5,10,10,127056,125904,3736081680,3702207120
Frontier,4,8,Bump_2911,6,6,6,108792,110328,3199028760,3244194840
Frontier,4,8,Bump_2911,7,14,14,152576,152920,4486497280,4496612600
Frontier,4,8,Bump_2911,8,14,14,151296,149040,4448858880,4382521200
Frontier,4,8,Bump_2911,9,9,9,125376,126312,3686681280,3714204360
Frontier,4,8,Bump_2911,10,13,13,129216,129000,3799596480,3793245000
Frontier,4,8,Bump_2911,11,11,11,139632,142752,4105878960,4197622560
Frontier,4,8,Bump_2911,12,14,14,146040,144792,4294306200,4257608760
Frontier,4,8,Bump_2911,13,12,12,139048,141008,4088706440,4146340240
Frontier,4,8,Bump_2911,14,10,10,104520,102648,3073410600,3018364440
Frontier,4,8,Bump_2911,15,9,9,103680,103344,3048710400,3038830320
Frontier,4,8,Bump_2911,16,8,8,103008,103008,3028950240,3028950240
Frontier,4,8,Bump_2911,17,7,7,97512,98712,2867340360,2902626360
Frontier,4,8,Bump_2911,18,12,12,121680,122712,3578000400,3608346360
Frontier,4,8,Bump_2911,19,11,11,139488,138840,4101644640,4082590200
Frontier,4,8,Bump_2911,20,13,13,131608,129992,3869933240,3822414760
Frontier,4,8,Bump_2911,21,11,11,110640,111384,3253369200,3275246520
Frontier,4,8,Bump_2911,22,12,12,112368,110640,3304181040,3253369200
Frontier,4,8,Bump_2911,23,11,11,118896,117864,3496136880,3465790920
Frontier,4,8,Bump_2911,24,8,8,100464,100560,2954143920,2956966800
Frontier,4,8,Bump_2911,25,12,12,131832,130728,3876519960,3844056840
Frontier,4,8,Bump_2911,26,8,8,117720,118536,3461556600,3485551080
Frontier,4,8,Bump_2911,27,15,15,136832,136960,4023544960,4027308800
Frontier,4,8,Bump_2911,28,14,14,155640,155520,4576594200,4573065600
Frontier,4,8,Bump_2911,29,8,8,107784,107256,3169388520,3153862680
Frontier,4,8,Bump_2911,30,12,12,136032,136680,4000020960,4019075400
Frontier,4,8,Bump_2911,31,11,11,122208,122160,3593526240,3592114800
Frontier,4,8,Cube_Coup_dt0,0,9,9,116992,117216,47966720,48058560
Frontier,4,8,Cube_Coup_dt0,1,8,8,120808,120824,49531280,49537840
Frontier,4,8,Cube_Coup_dt0,2,14,14,125072,125008,51279520,51253280
Frontier,4,8,Cube_Coup_dt0,3,10,10,108288,108320,44398080,44411200
Frontier,4,8,Cube_Coup_dt0,4,6,6,114440,114512,46920400,46949920
Frontier,4,8,Cube_Coup_dt0,5,7,7,89320,89144,36621200,36549040
Frontier,4,8,Cube_Coup_dt0,6,7,7,77200,75736,31652000,31051760
Frontier,4,8,Cube_Coup_dt0,7,5,5,78368,79936,32130880,32773760
Frontier,4,8,Cube_Coup_dt0,8,5,5,75016,75064,30756560,30776240
Frontier,4,8,Cube_Coup_dt0,9,5,5,64712,64920,26531920,26617200
Frontier,4,8,Cube_Coup_dt0,10,9,9,106528,107040,43676480,43886400
Frontier,4,8,Cube_Coup_dt0,11,8,8,106440,105528,43640400,43266480
Frontier,4,8,Cube_Coup_dt0,12,7,7,96192,97408,39438720,39937280
Frontier,4,8,Cube_Coup_dt0,13,12,12,121064,119832,49636240,49131120
Frontier,4,8,Cube_Coup_dt0,14,10,10,98792,97952,40504720,40160320
Frontier,4,8,Cube_Coup_dt0,15,10,10,121664,122808,49882240,50351280
Frontier,4,8,Cube_Coup_dt0,16,10,10,122384,123024,50177440,50439840
Frontier,4,8,Cube_Coup_dt0,17,9,9,120512,120960,49409920,49593600
Frontier,4,8,Cube_Coup_dt0,18,8,8,106016,105600,43466560,43296000
Frontier,4,8,Cube_Coup_dt0,19,10,10,125288,124376,51368080,50994160
Frontier,4,8,Cube_Coup_dt0,20,6,6,77296,78544,31691360,32203040
Frontier,4,8,Cube_Coup_dt0,21,9,9,117640,116760,48232400,47871600
Frontier,4,8,Cube_Coup_dt0,22,4,4,71592,71224,29352720,29201840
Frontier,4,8,Cube_Coup_dt0,23,6,6,81248,81760,33311680,33521600
Frontier,4,8,Cube_Coup_dt0,24,5,5,68096,68512,27919360,28089920
Frontier,4,8,Cube_Coup_dt0,25,6,6,78696,78648,32265360,32245680
Frontier,4,8,Cube_Coup_dt0,26,9,9,101160,101200,41475600,41492000
Frontier,4,8,Cube_Coup_dt0,27,8,8,90880,90720,37260800,37195200
Frontier,4,8,Cube_Coup_dt0,28,10,10,104456,103384,42826960,42387440
Frontier,4,8,Cube_Coup_dt0,29,7,7,91040,91648,37326400,37575680
Frontier,4,8,Cube_Coup_dt0,30,9,9,102432,103232,41997120,42325120
Frontier,4,8,Cube_Coup_dt0,31,14,14,134928,133720,55320480,54825200
Frontier,4,8,Flan_1565,0,5,5,38560,38384,44845280,44640592
Frontier,4,8,Flan_1565,1,5,5,33240,33864,38658120,39383832
Frontier,4,8,Flan_1565,2,4,4,35664,35664,41477232,41477232
Frontier,4,8,Flan_1565,3,4,4,32832,32832,38183616,38183616
Frontier,4,8,Flan_1565,4,3,3,34896,35424,40584048,41198112
Frontier,4,8,Flan_1565,5,4,4,31704,31704,36871752,36871752
Frontier,4,8,Flan_1565,6,3,3,33840,33312,39355920,38741856
Frontier,4,8,Flan_1565,7,3,3,32800,32264,38146400,37523032
Frontier,4,8,Flan_1565,8,6,6,49392,49632,57442896,57722016
Frontier,4,8,Flan_1565,9,7,7,47320,46808,55033160,54437704
Frontier,4,8,Flan_1565,10,3,3,34368,34632,39969984,40277016
Frontier,4,8,Flan_1565,11,4,4,34656,33864,40304928,39383832
Frontier,4,8,Flan_1565,12,4,4,33888,33720,39411744,39216360
Frontier,4,8,Flan_1565,13,3,3,33840,34344,39355920,39942072
Frontier,4,8,Flan_1565,14,4,4,41600,42304,48380800,49199552
Frontier,4,8,Flan_1565,15,5,5,35344,35192,41105072,40928296
Frontier,4,8,Flan_1565,16,5,5,40032,39984,46557216,46501392
Frontier,4,8,Flan_1565,17,4,4,52120,52352,60615560,60885376
Frontier,4,8,Flan_1565,18,3,3,40704,40440,47338752,47031720
Frontier,4,8,Flan_1565,19,4,4,37872,38160,44045136,44380080
Frontier,4,8,Flan_1565,20,2,2,31728,31728,36899664,36899664
Frontier,4,8,Flan_1565,21,2,2,33592,33584,39067496,39058192
Frontier,4,8,Flan_1565,22,2,2,31464,31464,36592632,36592632
Frontier,4,8,Flan_1565,23,3,3,36984,36984,43012392,43012392
Frontier,4,8,Flan_1565,24,3,3,34344,34080,39942072,39635040
Frontier,4,8,Flan_1565,25,3,3,34632,34104,40277016,39662952
Frontier,4,8,Flan_1565,26,4,4,31728,31992,36899664,37206696
Frontier,4,8,Flan_1565,27,3,3,34368,34632,39969984,40277016
Frontier,4,8,Flan_1565,28,5,5,37560,37296,43682280,43375248
Frontier,4,8,Flan_1565,29,7,7,44392,44168,51627896,51367384
Frontier,4,8,Flan_1565,30,6,6,43928,43936,51088264,51097568
Frontier,4,8,Flan_1565,31,3,3,36472,37016,42416936,43049608
Frontier,4,8,Queen_4147,0,8,8,142152,140352,3947845344,3897855744
Frontier,4,8,Queen_4147,1,6,6,104568,103992,2904062496,2888065824
Frontier,4,8,Queen_4147,2,8,8,161688,163128,4490399136,4530390816
Frontier,4,8,Queen_4147,3,4,4,112536,114576,3125349792,3182004672
Frontier,4,8,Queen_4147,4,8,8,184032,182616,5110936704,5071611552
Frontier,4,8,Queen_4147,5,11,11,180024,175848,4999626528,4883650656
Frontier,4,8,Queen_4147,6,8,8,135168,135408,3753885696,3760550976
Frontier,4,8,Queen_4147,7,11,11,188288,188968,5229134336,5248019296
Frontier,4,8,Queen_4147,8,5,5,128424,129168,3566591328,3587253696
Frontier,4,8,Queen_4147,9,10,10,180408,178680,5010290976,4962300960
Frontier,4,8,Queen_4147,10,8,8,164664,165648,4573048608,4600376256
Frontier,4,8,Queen_4147,11,7,7,109616,108856,3044255552,3023148832
Frontier,4,8,Queen_4147,12,12,12,200160,198288,5558843520,5506854336
Frontier,4,8,Queen_4147,13,9,9,142728,142104,3963842016,3946512288
Frontier,4,8,Queen_4147,14,12,12,216144,218280,6002751168,6062072160
Frontier,4,8,Queen_4147,15,9,9,170504,170608,4735237088,4738125376
Frontier,4,8,Queen_4147,16,6,6,181848,185136,5050282656,5141596992
Frontier,4,8,Queen_4147,17,12,12,261144,261504,7252491168,7262489088
Frontier,4,8,Queen_4147,18,9,9,201312,204648,5590836864,5683484256
Frontier,4,8,Queen_4147,19,7,7,161808,163944,4493731776,4553052768
Frontier,4,8,Queen_4147,20,5,5,117328,118432,3258433216,3289093504
Frontier,4,8,Queen_4147,21,11,11,213264,208800,5922767808,5798793600
Frontier,4,8,Queen_4147,22,6,6,108264,109224,3006707808,3033368928
Frontier,4,8,Queen_4147,23,9,9,204504,203808,5679485088,5660155776
Frontier,4,8,Queen_4147,24,14,14,198264,195120,5506187808,5418872640
Frontier,4,8,Queen_4147,25,8,8,137768,138496,3826092896,3846310912
Frontier,4,8,Queen_4147,26,8,8,153640,153960,4266890080,4275777120
Frontier,4,8,Queen_4147,27,5,5,105008,105256,2916282176,2923169632
Frontier,4,8,Queen_4147,28,8,8,137376,140688,3815206272,3907187136
Frontier,4,8,Queen_4147,29,12,12,190824,189312,5299564128,5257572864
Frontier,4,8,Queen_4147,30,9,9,145680,146232,4045824960,4061155104
Frontier,4,8,Queen_4147,31,7,7,105072,103128,2918059584,2864070816
Frontier,4,8,Serena,0,15,15,78944,79168,294066400,294900800
Frontier,4,8,Serena,1,11,11,74976,74568,279285600,277765800
Frontier,4,8,Serena,2,10,10,61616,61552,229519600,229281200
Frontier,4,8,Serena,3,12,12,87584,86848,326250400,323508800
Frontier,4,8,Serena,4,16,16,33744,34464,125696400,128378400
Frontier,4,8,Serena,5,6,6,50432,49888,187859200,185832800
Frontier,4,8,Serena,6,11,11,74528,74944,277616800,279166400
Frontier,4,8,Serena,7,10,10,70880,71104,264028000,264862400
Frontier,4,8,Serena,8,11,11,80376,79872,299400600,297523200
Frontier,4,8,Serena,9,6,6,55784,56752,207795400,211401200
Frontier,4,8,Serena,10,9,9,85720,85096,319307000,316982600
Frontier,4,8,Serena,11,9,9,61128,60808,227701800,226509800
Frontier,4,8,Serena,12,2,2,12600,12984,46935000,48365400
Frontier,4,8,Serena,13,15,15,42768,41544,159310800,154751400
Frontier,4,8,Serena,14,12,12,64064,62536,238638400,232946600
Frontier,4,8,Serena,15,14,14,73080,75864,272223000,282593400
Frontier,4,8,Serena,16,9,9,63224,62896,235509400,234287600
Frontier,4,8,Serena,17,11,11,36288,38184,135172800,142235400
Frontier,4,8,Serena,18,10,10,68104,68480,253687400,255088000
Frontier,4,8,Serena,19,14,14,80856,81432,301188600,303334200
Frontier,4,8,Serena,20,10,10,55080,54144,205173000,201686400
Frontier,4,8,Serena,21,10,10,76784,76024,286020400,283189400
Frontier,4,8,Serena,22,8,8,70824,70104,263819400,261137400
Frontier,4,8,Serena,23,13,13,91352,90232,340286200,336114200
Frontier,4,8,Serena,24,5,5,50864,52576,189468400,195845600
Frontier,4,8,Serena,25,10,10,67368,66672,250945800,248353200
Frontier,4,8,Serena,26,11,11,84976,83608,316535600,311439800
Frontier,4,8,Serena,27,12,12,70824,72136,263819400,268706600
Frontier,4,8,Serena,28,2,2,11552,11728,43031200,43686800
Frontier,4,8,Serena,29,15,15,32264,30976,120183400,115385600
Frontier,4,8,Serena,30,14,14,73520,75016,273862000,279434600
Frontier,4,8,Serena,31,13,13,79968,79872,297880800,297523200
Frontier,4,8,nd24k,0,15,15,50048,48776,36434944,35508928
Frontier,4,8,nd24k,1,11,11,33360,32656,24286080,23773568
Frontier,4,8,nd24k,2,13,13,35048,42080,25514944,30634240
Frontier,4,8,nd24k,3,7,7,31808,29944,23156224,21799232
Frontier,4,8,nd24k,4,15,15,47600,47592,34652800,34646976
Frontier,4,8,nd24k,5,8,8,27992,25528,20378176,18584384
Frontier,4,8,nd24k,6,9,9,30688,32488,22340864,23651264
Frontier,4,8,nd24k,7,11,11,36936,37896,26889408,27588288
Frontier,4,8,nd24k,8,14,14,42144,44352,30680832,32288256
Frontier,4,8,nd24k,9,8,8,29936,27512,21793408,20028736
Frontier,4,8,nd24k,10,9,9,27520,29680,20034560,21607040
Frontier,4,8,nd24k,11,11,11,40528,41584,29504384,30273152
Frontier,4,8,nd24k,12,11,11,40240,38560,29294720,28071680
Frontier,4,8,nd24k,13,7,7,30528,32992,22224384,24018176
Frontier,4,8,nd24k,14,8,8,27840,28248,20267520,20564544
Frontier,4,8,nd24k,15,19,19,52632,51032,38316096,37151296
Frontier,4,8,nd24k,16,7,7,27120,30496,19743360,22201088
Frontier,4,8,nd24k,17,10,10,40280,36992,29323840,26930176
Frontier,4,8,nd24k,18,14,14,43824,44704,31903872,32544512
Frontier,4,8,nd24k,19,10,10,35896,35720,26132288,26004160
Frontier,4,8,nd24k,20,9,9,34568,35248,25165504,25660544
Frontier,4,8,nd24k,21,17,17,52832,50568,38461696,36813504
Frontier,4,8,nd24k,22,8,8,32848,32920,23913344,23965760
Frontier,4,8,nd24k,23,6,6,27184,30176,19789952,21968128
Frontier,4,8,nd24k,24,10,10,31600,32824,23004800,23895872
Frontier,4,8,nd24k,25,15,15,42288,42744,30785664,31117632
Frontier,4,8,nd24k,26,8,8,32928,32240,23971584,23470720
Frontier,4,8,nd24k,27,19,19,54088,49456,39376064,36003968
Frontier,4,8,nd24k,28,18,18,51304,47712,37349312,34734336
Frontier,4,8,nd24k,29,10,10,31624,30512,23022272,22212736
Frontier,4,8,nd24k,30,11,11,44496,42376,32393088,30849728
Frontier,4,8,nd24k,31,6,6,25680,27800,18695040,20238400
Frontier,4,8,ldoor,0,4,4,11088,11032,101798928,101284792
Frontier,4,8,ldoor,1,3,3,10408,10368,95555848,95188608
Frontier,4,8,ldoor,2,3,3,8512,8456,78148672,77634536
Frontier,4,8,ldoor,3,5,5,11416,11768,104810296,108042008
Frontier,4,8,ldoor,4,3,3,9016,8568,82775896,78662808
Frontier,4,8,ldoor,5,5,5,11912,10880,109364072,99889280
Frontier,4,8,ldoor,6,7,7,9856,10192,90487936,93572752
Frontier,4,8,ldoor,7,6,6,7768,8360,71318008,76753160
Frontier,4,8,ldoor,8,3,3,9576,10024,87917256,92030344
Frontier,4,8,ldoor,9,4,4,9392,9312,86227952,85493472
Frontier,4,8,ldoor,10,2,2,7552,7568,69334912,69481808
Frontier,4,8,ldoor,11,7,7,13104,12992,120307824,119279552
Frontier,4,8,ldoor,12,4,4,10912,10760,100183072,98787560
Frontier,4,8,ldoor,13,5,5,8960,9016,82261760,82775896
Frontier,4,8,ldoor,14,4,4,11928,12152,109510968,111567512
Frontier,4,8,ldoor,15,5,5,10408,10088,95555848,92617928
Frontier,4,8,ldoor,16,7,7,12824,12152,117737144,111567512
Frontier,4,8,ldoor,17,7,7,11408,10984,104736848,100844104
Frontier,4,8,ldoor,18,3,3,9016,9968,82775896,91516208
Frontier,4,8,ldoor,19,4,4,13272,12544,121850232,115166464
Frontier,4,8,ldoor,20,3,3,9008,8856,82702448,81306936
Frontier,4,8,ldoor,21,3,3,10192,9744,93572752,89459664
Frontier,4,8,ldoor,22,3,3,10464,10592,96069984,97245152
Frontier,4,8,ldoor,23,4,4,10240,10648,94013440,97759288
Frontier,4,8,ldoor,24,6,6,11144,11088,102313064,101798928
Frontier,4,8,ldoor,25,4,4,11136,10592,102239616,97245152
Frontier,4,8,ldoor,26,5,5,10144,11256,93132064,103341336
Frontier,4,8,ldoor,27,4,4,10008,9816,91883448,90120696
Frontier,4,8,ldoor,28,3,3,10296,10536,94527576,96731016
Frontier,4,8,ldoor,29,6,6,11984,12208,110025104,112081648
Frontier,4,8,ldoor,30,3,3,7224,6944,66323544,63752864
Frontier,4,8,ldoor,31,7,7,11856,12560,108849936,115313360
Frontier,8,1,audikw_1,0,2,2,85472,90520,412744288,437121080
Frontier,8,1,audikw_1,1,1,1,50824,48296,245429096,233221384
Frontier,8,1,audikw_1,2,3,3,93448,93128,451260392,449715112
Frontier,8,1,audikw_1,3,2,2,85576,84200,413246504,406601800
Frontier,8,1,audikw_1,4,1,1,49584,48576,239441136,234573504
Frontier,8,1,audikw_1,5,4,4,140344,140840,677721176,680116360
Frontier,8,1,audikw_1,6,3,3,110480,106048,533507920,512105792
Frontier,8,1,audikw_1,7,2,2,83968,88088,405481472,425376952
Frontier,8,1,Bump_2911,0,4,4,180576,178944,4622926176,4581145344
Frontier,8,1,Bump_2911,1,6,6,258848,260608,6626767648,6671825408
Frontier,8,1,Bump_2911,2,6,6,228568,227648,5851569368,5828016448
Frontier,8,1,Bump_2911,3,7,7,303144,304488,7760789544,7795197288
Frontier,8,1,Bump_2911,4,5,5,263472,266424,6745146672,6820720824
Frontier,8,1,Bump_2911,5,6,6,305832,305088,7829605032,7810557888
Frontier,8,1,Bump_2911,6,7,7,241656,241320,6186635256,6178033320
Frontier,8,1,Bump_2911,7,5,5,255120,252696,6531327120,6469270296
Frontier,8,1,Cube_Coup_dt0,0,6,6,248728,247944,101978480,101657040
Frontier,8,1,Cube_Coup_dt0,1,4,4,140352,140928,57544320,57780480
Frontier,8,1,Cube_Coup_dt0,2,4,4,137144,137256,56229040,56274960
Frontier,8,1,Cube_Coup_dt0,3,4,4,240368,241936,98550880,99193760
Frontier,8,1,Cube_Coup_dt0,4,3,3,125216,125088,51338560,51286080
Frontier,8,1,Cube_Coup_dt0,5,6,6,228912,227336,93853920,93207760
Frontier,8,1,Cube_Coup_dt0,6,5,5,159384,160264,65347440,65708240
Frontier,8,1,Cube_Coup_dt0,7,6,6,223064,222416,91456240,91190560
Frontier,8,1,Flan_1565,0,2,2,42856,42776,49670104,49577384
Frontier,8,1,Flan_1565,1,1,1,30664,30656,35539576,35530304
Frontier,8,1,Flan_1565,2,3,3,58792,58880,68139928,68241920
Frontier,8,1,Flan_1565,3,1,1,33552,33552,38886768,38886768
Frontier,8,1,Flan_1565,4,3,3,66112,66320,76623808,76864880
Frontier,8,1,Flan_1565,5,1,1,39400,39392,45664600,45655328
Frontier,8,1,Flan_1565,6,2,2,47344,47144,54871696,54639896
Frontier,8,1,Flan_1565,7,1,1,33552,33552,38886768,38886768
Frontier,8,1,Queen_4147,0,2,2,199008,200664,5253413184,5297128272
Frontier,8,1,Queen_4147,1,4,4,357128,357160,9427464944,9428309680
Frontier,8,1,Queen_4147,2,4,4,339928,339848,8973419344,8971307504
Frontier,8,1,Queen_4147,3,3,3,212112,210528,5599332576,5557518144
Frontier,8,1,Queen_4147,4,4,4,360864,360744,9526087872,9522920112
Frontier,8,1,Queen_4147,5,2,2,214568,216256,5664166064,5708725888
Frontier,8,1,Queen_4147,6,3,3,244576,243296,6456317248,6422527808
Frontier,8,1,Queen_4147,7,4,4,372648,372336,9837161904,9828925728
Frontier,8,1,Serena,0,7,7,168072,164424,623715192,610177464
Frontier,8,1,Serena,1,6,6,108984,110232,404439624,409070952
Frontier,8,1,Serena,2,6,6,126424,126128,469159464,468061008
Frontier,8,1,Serena,3,5,5,101152,102368,375375072,379887648
Frontier,8,1,Serena,4,7,7,112872,111456,418867992,413613216
Frontier,8,1,Serena,5,6,6,159952,160832,593581872,596847552
Frontier,8,1,Serena,6,5,5,100704,101904,373712544,378165744
Frontier,8,1,Serena,7,6,6,152064,152880,564309504,567337680
Frontier,8,1,nd24k,0,7,7,65560,64072,48186600,47092920
Frontier,8,1,nd24k,1,7,7,59920,60024,44041200,44117640
Frontier,8,1,nd24k,2,7,7,62536,65192,45963960,47916120
Frontier,8,1,nd24k,3,7,7,53104,53560,39031440,39366600
Frontier,8,1,nd24k,4,7,7,60232,57576,44270520,42318360
Frontier,8,1,nd24k,5,7,7,62632,63040,46034520,46334400
Frontier,8,1,nd24k,6,7,7,57240,58296,42071400,42847560
Frontier,8,1,nd24k,7,7,7,59440,58904,43688400,43294440
Frontier,8,1,ldoor,0,2,2,11520,11664,106064640,107390448
Frontier,8,1,ldoor,1,6,6,16880,16272,155414160,149816304
Frontier,8,1,ldoor,2,3,3,12296,11952,113209272,110042064
Frontier,8,1,ldoor,3,2,2,11128,11608,102455496,106874856
Frontier,8,1,ldoor,4,4,4,16232,16192,149448024,149079744
Frontier,8,1,ldoor,5,3,3,11624,11728,107022168,107979696
Frontier,8,1,ldoor,6,4,4,13088,13176,120501216,121311432
Frontier,8,1,ldoor,7,2,2,10552,10728,97152264,98772696
Frontier,8,2,audikw_1,0,3,3,47168,49048,224425344,233370384
Frontier,8,2,audikw_1,1,3,3,77304,80928,367812432,385055424
Frontier,8,2,audikw_1,2,3,3,57296,53008,272614368,252212064
Frontier,8,2,audikw_1,3,2,2,48968,50272,232989744,239194176
Frontier,8,2,audikw_1,4,5,5,78040,80144,371314320,381325152
Frontier,8,2,audikw_1,5,6,6,83208,87072,395903664,414288576
Frontier,8,2,audikw_1,6,3,3,85792,84992,408198336,404391936
Frontier,8,2,audikw_1,7,3,3,97416,90504,463505328,430618032
Frontier,8,2,audikw_1,8,3,3,47144,44464,224311152,211559712
Frontier,8,2,audikw_1,9,4,4,52288,52880,248786304,251603040
Frontier,8,2,audikw_1,10,9,9,122192,117784,581389536,560416272
Frontier,8,2,audikw_1,11,5,5,63368,68848,301504944,327578784
Frontier,8,2,audikw_1,12,5,5,71592,73896,340634736,351597168
Frontier,8,2,audikw_1,13,5,5,89744,86608,427001952,412080864
Frontier,8,2,audikw_1,14,7,7,109528,110288,521134224,524750304
Frontier,8,2,audikw_1,15,4,4,68400,68712,325447200,326931696
Frontier,8,2,Bump_2911,0,9,9,189672,187944,4888795800,4844256600
Frontier,8,2,Bump_2911,1,6,6,113400,113208,2922885000,2917936200
Frontier,8,2,Bump_2911,2,12,12,198608,199288,5119121200,5136648200
Frontier,8,2,Bump_2911,3,10,10,206280,209016,5316867000,5387387400
Frontier,8,2,Bump_2911,4,7,7,134232,132240,3459829800,3408486000
Frontier,8,2,Bump_2911,5,11,11,212464,214016,5476259600,5516262400
Frontier,8,2,Bump_2911,6,11,11,177408,178200,4572691200,4593105000
Frontier,8,2,Bump_2911,7,11,11,201504,201936,5193765600,5204900400
Frontier,8,2,Bump_2911,8,6,6,146280,146496,3770367000,3775934400
Frontier,8,2,Bump_2911,9,12,12,211560,210624,5452959000,5428833600
Frontier,8,2,Bump_2911,10,9,9,207504,207240,5348415600,5341611000
Frontier,8,2,Bump_2911,11,5,5,156264,156336,4027704600,4029560400
Frontier,8,2,Bump_2911,12,9,9,150024,149784,3866868600,3860682600
Frontier,8,2,Bump_2911,13,12,12,191088,190056,4925293200,4898693400
Frontier,8,2,Bump_2911,14,10,10,186432,187296,4805284800,4827554400
Frontier,8,2,Bump_2911,15,8,8,167088,166128,4306693200,4281949200
Frontier,8,2,Cube_Coup_dt0,0,7,7,167752,169752,68778320,69598320
Frontier,8,2,Cube_Coup_dt0,1,9,9,177424,176176,72743840,72232160
Frontier,8,2,Cube_Coup_dt0,2,4,4,110808,110344,45431280,45241040
Frontier,8,2,Cube_Coup_dt0,3,4,4,124712,125976,51131920,51650160
Frontier,8,2,Cube_Coup_dt0,4,8,8,147752,147672,60578320,60545520
Frontier,8,2,Cube_Coup_dt0,5,7,7,178472,177560,73173520,72799600
Frontier,8,2,Cube_Coup_dt0,6,4,4,91120,91728,37359200,37608480
Frontier,8,2,Cube_Coup_dt0,7,5,5,140584,139608,57639440,57239280
Frontier,8,2,Cube_Coup_dt0,8,7,7,171560,171640,70339600,70372400
Frontier,8,2,Cube_Coup_dt0,9,7,7,139984,137488,57393440,56370080
Frontier,8,2,Cube_Coup_dt0,10,6,6,130296,129896,53421360,53257360
Frontier,8,2,Cube_Coup_dt0,11,3,3,96872,96440,39717520,39540400
Frontier,8,2,Cube_Coup_dt0,12,9,9,182896,182576,74987360,74856160
Frontier,8,2,Cube_Coup_dt0,13,6,6,168032,169472,68893120,69483520
Frontier,8,2,Cube_Coup_dt0,14,6,6,137256,139384,56274960,57147440
Frontier,8,2,Cube_Coup_dt0,15,4,4,104080,103888,42672800,42594080
Frontier,8,2,Flan_1565,0,4,4,46288,46736,53647792,54167024
Frontier,8,2,Flan_1565,1,3,3,43104,43632,49957536,50569488
Frontier,8,2,Flan_1565,2,3,3,33288,32760,38580792,37968840
Frontier,8,2,Flan_1565,3,3,3,31744,31208,36791296,36170072
Frontier,8,2,Flan_1565,4,3,3,45984,46248,53295456,53601432
Frontier,8,2,Flan_1565,5,4,4,60112,60464,69669808,70077776
Frontier,8,2,Flan_1565,6,3,3,31968,31440,37050912,36438960
Frontier,8,2,Flan_1565,7,2,2,30936,30936,35854824,35854824
Frontier,8,2,Flan_1565,8,3,3,34080,33552,39498720,38886768
Frontier,8,2,Flan_1565,9,3,3,35688,35160,41362392,40750440
Frontier,8,2,Flan_1565,10,5,5,62200,62648,72089800,72609032
Frontier,8,2,Flan_1565,11,3,3,50776,51296,58849384,59452064
Frontier,8,2,Flan_1565,12,3,3,44376,44112,51431784,51125808
Frontier,8,2,Flan_1565,13,3,3,52408,53024,60740872,61454816
Frontier,8,2,Flan_1565,14,3,3,33840,33576,39220560,38914584
Frontier,8,2,Flan_1565,15,2,2,32496,32496,37662864,37662864
Frontier,8,2,Queen_4147,0,4,4,175920,176160,4635316080,4641639840
Frontier,8,2,Queen_4147,1,4,4,179592,181080,4732069608,4771276920
Frontier,8,2,Queen_4147,2,9,9,261216,256176,6882780384,6749981424
Frontier,8,2,Queen_4147,3,5,5,240776,244984,6344206824,6455083416
Frontier,8,2,Queen_4147,4,5,5,193856,193720,5107911744,5104328280
Frontier,8,2,Queen_4147,5,7,7,195840,195384,5160188160,5148173016
Frontier,8,2,Queen_4147,6,6,6,232368,235200,6122664432,6197284800
Frontier,8,2,Queen_4147,7,8,8,263648,262720,6946861152,6922409280
Frontier,8,2,Queen_4147,8,8,8,267936,265224,7059845664,6988387176
Frontier,8,2,Queen_4147,9,9,9,270048,269688,7115494752,7106009112
Frontier,8,2,Queen_4147,10,4,4,191328,194736,5041301472,5131098864
Frontier,8,2,Queen_4147,11,5,5,202616,201352,5338728984,5305423848
Frontier,8,2,Queen_4147,12,5,5,214616,213448,5654916984,5624141352
Frontier,8,2,Queen_4147,13,7,7,305168,301336,8040871632,7939902264
Frontier,8,2,Queen_4147,14,7,7,290328,290640,7649852472,7658073360
Frontier,8,2,Queen_4147,15,3,3,182184,185592,4800366216,4890163608
Frontier,8,2,Serena,0,11,11,118280,118144,439291920,438786816
Frontier,8,2,Serena,1,7,7,103912,102392,385929168,380283888
Frontier,8,2,Serena,2,6,6,103448,102784,384205872,381739776
Frontier,8,2,Serena,3,11,11,66616,68168,247411824,253175952
Frontier,8,2,Serena,4,8,8,126200,126088,468706800,468290832
Frontier,8,2,Serena,5,8,8,115328,115600,428328192,429338400
Frontier,8,2,Serena,6,7,7,28640,28624,106368960,106309536
Frontier,8,2,Serena,7,10,10,83600,83368,310490400,309628752
Frontier,8,2,Serena,8,9,9,101320,102224,376302480,379659936
Frontier,8,2,Serena,9,7,7,122712,122328,455752368,454326192
Frontier,8,2,Serena,10,6,6,21944,21208,81500016,78766512
Frontier,8,2,Serena,11,12,12,70360,72512,261317040,269309568
Frontier,8,2,Serena,12,8,8,96488,97432,358356432,361862448
Frontier,8,2,Serena,13,5,5,83224,83672,309093936,310757808
Frontier,8,2,Serena,14,11,11,108272,105976,402122208,393594864
Frontier,8,2,Serena,15,10,10,132136,131960,490753104,490099440
Frontier,8,2,nd24k,0,12,12,59536,56632,43758960,41624520
Frontier,8,2,nd24k,1,7,7,44872,47632,32980920,35009520
Frontier,8,2,nd24k,2,8,8,44384,43776,32622240,32175360
Frontier,8,2,nd24k,3,9,9,47344,48992,34797840,36009120
Frontier,8,2,nd24k,4,11,11,53168,52840,39078480,38837400
Frontier,8,2,nd24k,5,6,6,41904,46408,30799440,34109880
Frontier,8,2,nd24k,6,9,9,52392,49528,38508120,36403080
Frontier,8,2,nd24k,7,5,5,37848,41936,27818280,30822960
Frontier,8,2,nd24k,8,7,7,35936,41800,26412960,30723000
Frontier,8,2,nd24k,9,11,11,60728,54240,44635080,39866400
Frontier,8,2,nd24k,10,12,12,59792,56416,43947120,41465760
Frontier,8,2,nd24k,11,6,6,40008,40896,29405880,30058560
Frontier,8,2,nd24k,12,13,13,58832,55568,43241520,40842480
Frontier,8,2,nd24k,13,10,10,47072,46312,34597920,34039320
Frontier,8,2,nd24k,14,8,8,49776,50072,36585360,36802920
Frontier,8,2,nd24k,15,12,12,52264,52808,38414040,38813880
Frontier,8,2,ldoor,0,3,3,11416,11208,104890208,102979104
Frontier,8,2,ldoor,1,4,4,11808,12104,108491904,111211552
Frontier,8,2,ldoor,2,7,7,12080,12560,110991040,115401280
Frontier,8,2,ldoor,3,3,3,11912,10936,109447456,100479968
Frontier,8,2,ldoor,4,3,3,9232,9472,84823616,87028736
Frontier,8,2,ldoor,5,4,4,10352,10704,95114176,98348352
Frontier,8,2,ldoor,6,2,2,10232,9928,94011616,91218464
Frontier,8,2,ldoor,7,5,5,12424,12216,114151712,112240608
Frontier,8,2,ldoor,8,4,4,15672,15408,143994336,141568704
Frontier,8,2,ldoor,9,6,6,10808,11144,99303904,102391072
Frontier,8,2,ldoor,10,3,3,11976,12664,110035488,116356832
Frontier,8,2,ldoor,11,2,2,11296,11104,103787648,102023552
Frontier,8,2,ldoor,12,5,5,14208,15024,130543104,138040512
Frontier,8,2,ldoor,13,3,3,11192,10592,102832096,97319296
Frontier,8,2,ldoor,14,3,3,10800,9808,99230400,90115904
Frontier,8,2,ldoor,15,5,5,13032,13568,119738016,124662784
Frontier,8,4,audikw_1,0,3,3,31104,31440,151383168,153018480
Frontier,8,4,audikw_1,1,5,5,50632,52096,246425944,253551232
Frontier,8,4,audikw_1,2,5,5,59088,59664,287581296,290384688
Frontier,8,4,audikw_1,3,5,5,54720,57888,266322240,281740896
Frontier,8,4,audikw_1,4,5,5,55496,57296,270099032,278859632
Frontier,8,4,audikw_1,5,3,3,32664,32184,158975688,156639528
Frontier,8,4,audikw_1,6,2,2,32856,32880,159910152,160026960
Frontier,8,4,audikw_1,7,5,5,59064,53736,287464488,261533112
Frontier,8,4,audikw_1,8,5,5,60224,61360,293110208,298639120
Frontier,8,4,audikw_1,9,4,4,57192,59448,278353464,289333416
Frontier,8,4,audikw_1,10,5,5,64232,60160,312617144,292798720
Frontier,8,4,audikw_1,11,9,9,81440,78472,396368480,381923224
Frontier,8,4,audikw_1,12,7,7,59096,58768,287620232,286023856
Frontier,8,4,audikw_1,13,5,5,51600,55320,251137200,269242440
Frontier,8,4,audikw_1,14,5,5,63864,62592,310826088,304635264
Frontier,8,4,audikw_1,15,8,8,74208,74952,361170336,364791384
Frontier,8,4,audikw_1,16,6,6,45728,45904,222558176,223414768
Frontier,8,4,audikw_1,17,8,8,88760,81048,431994920,394460616
Frontier,8,4,audikw_1,18,3,3,39728,40840,193356176,198768280
Frontier,8,4,audikw_1,19,6,6,60168,61720,292837656,300391240
Frontier,8,4,audikw_1,20,11,11,81992,80656,399055064,392552752
Frontier,8,4,audikw_1,21,9,9,90576,92880,440833392,452046960
Frontier,8,4,audikw_1,22,4,4,41616,40800,202545072,198573600
Frontier,8,4,audikw_1,23,5,5,43680,44448,212590560,216328416
Frontier,8,4,audikw_1,24,3,3,29376,28728,142972992,139819176
Frontier,8,4,audikw_1,25,5,5,50528,50008,245919776,243388936
Frontier,8,4,audikw_1,26,6,6,54872,58456,267062024,284505352
Frontier,8,4,audikw_1,27,11,11,89240,87280,434331080,424791760
Frontier,8,4,audikw_1,28,4,4,42336,41232,206049312,200676144
Frontier,8,4,audikw_1,29,2,2,27312,27408,132927504,133394736
Frontier,8,4,audikw_1,30,8,8,65424,66456,318418608,323441352
Frontier,8,4,audikw_1,31,6,6,58592,61288,285167264,298288696
Frontier,8,4,Bump_2911,0,14,14,125496,125424,3268041336,3266166384
Frontier,8,4,Bump_2911,1,11,11,116736,116160,3039922176,3024922560
Frontier,8,4,Bump_2911,2,6,6,84000,84888,2187444000,2210568408
Frontier,8,4,Bump_2911,3,7,7,78960,78816,2056197360,2052447456
Frontier,8,4,Bump_2911,4,15,15,165552,166800,4311139632,4343638800
Frontier,8,4,Bump_2911,5,10,10,127056,125904,3308665296,3278666064
Frontier,8,4,Bump_2911,6,6,6,108792,110328,2833052472,2873051448
Frontier,8,4,Bump_2911,7,14,14,152576,152920,3973231616,3982189720
Frontier,8,4,Bump_2911,8,14,14,151296,149040,3939899136,3881150640
Frontier,8,4,Bump_2911,9,9,9,125376,126312,3264916416,3289290792
Frontier,8,4,Bump_2911,10,13,13,129216,129000,3364913856,3359289000
Frontier,8,4,Bump_2911,11,11,11,139632,142752,3636156912,3717404832
Frontier,8,4,Bump_2911,12,14,14,146040,144792,3803027640,3770528472
Frontier,8,4,Bump_2911,13,12,12,139048,141008,3620948968,3671989328
Frontier,8,4,Bump_2911,14,10,10,104520,102648,2721805320,2673056568
Frontier,8,4,Bump_2911,15,9,9,103680,103344,2699930880,2691181104
Frontier,8,4,Bump_2911,16,8,8,103008,103008,2682431328,2682431328
Frontier,8,4,Bump_2911,17,7,7,97512,98712,2539309992,2570559192
Frontier,8,4,Bump_2911,18,12,12,121680,122712,3168668880,3195543192
Frontier,8,4,Bump_2911,19,11,11,139488,138840,3632407008,3615532440
Frontier,8,4,Bump_2911,20,13,13,131608,129992,3427203928,3385121672
Frontier,8,4,Bump_2911,21,11,11,110640,111384,2881176240,2900550744
Frontier,8,4,Bump_2911,22,12,12,112368,110640,2926175088,2881176240
Frontier,8,4,Bump_2911,23,11,11,118896,117864,3096170736,3069296424
Frontier,8,4,Bump_2911,24,8,8,100464,100560,2616183024,2618682960
Frontier,8,4,Bump_2911,25,12,12,131832,130728,3433037112,3404287848
Frontier,8,4,Bump_2911,26,8,8,117720,118536,3065546520,3086795976
Frontier,8,4,Bump_2911,27,15,15,136832,136960,3563242112,3566575360
Frontier,8,4,Bump_2911,28,14,14,155640,155520,4053021240,4049896320
Frontier,8,4,Bump_2911,29,8,8,107784,107256,2806803144,2793053496
Frontier,8,4,Bump_2911,30,12,12,136032,136680,3542409312,3559283880
Frontier,8,4,Bump_2911,31,11,11,122208,122160,3182418528,3181168560
Frontier,8,4,Cube_Coup_dt0,0,9,9,116992,117216,47849728,47941344
Frontier,8,4,Cube_Coup_dt0,1,8,8,120808,120824,49410472,49417016
Frontier,8,4,Cube_Coup_dt0,2,14,14,125072,125008,51154448,51128272
Frontier,8,4,Cube_Coup_dt0,3,10,10,108288,108320,44289792,44302880
Frontier,8,4,Cube_Coup_dt0,4,6,6,114440,114512,46805960,46835408
Frontier,8,4,Cube_Coup_dt0,5,7,7,89320,89144,36531880,36459896
Frontier,8,4,Cube_Coup_dt0,6,7,7,77200,75736,31574800,30976024
Frontier,8,4,Cube_Coup_dt0,7,5,5,78368,79936,32052512,32693824
Frontier,8,4,Cube_Coup_dt0,8,5,5,75016,75064,30681544,30701176
Frontier,8,4,Cube_Coup_dt0,9,5,5,64712,64920,26467208,26552280
Frontier,8,4,Cube_Coup_dt0,10,9,9,106528,107040,43569952,43779360
Frontier,8,4,Cube_Coup_dt0,11,8,8,106440,105528,43533960,43160952
Frontier,8,4,Cube_Coup_dt0,12,7,7,96192,97408,39342528,39839872
Frontier,8,4,Cube_Coup_dt0,13,12,12,121064,119832,49515176,49011288
Frontier,8,4,Cube_Coup_dt0,14,10,10,98792,97952,40405928,40062368
Frontier,8,4,Cube_Coup_dt0,15,10,10,121664,122808,49760576,50228472
Frontier,8,4,Cube_Coup_dt0,16,10,10,122384,123024,50055056,50316816
Frontier,8,4,Cube_Coup_dt0,17,9,9,120512,120960,49289408,49472640
Frontier,8,4,Cube_Coup_dt0,18,8,8,106016,105600,43360544,43190400
Frontier,8,4,Cube_Coup_dt0,19,10,10,125288,124376,51242792,50869784
Frontier,8,4,Cube_Coup_dt0,20,6,6,77296,78544,31614064,32124496
Frontier,8,4,Cube_Coup_dt0,21,9,9,117640,116760,48114760,47754840
Frontier,8,4,Cube_Coup_dt0,22,4,4,71592,71224,29281128,29130616
Frontier,8,4,Cube_Coup_dt0,23,6,6,81248,81760,33230432,33439840
Frontier,8,4,Cube_Coup_dt0,24,5,5,68096,68512,27851264,28021408
Frontier,8,4,Cube_Coup_dt0,25,6,6,78696,78648,32186664,32167032
Frontier,8,4,Cube_Coup_dt0,26,9,9,101160,101200,41374440,41390800
Frontier,8,4,Cube_Coup_dt0,27,8,8,90880,90720,37169920,37104480
Frontier,8,4,Cube_Coup_dt0,28,10,10,104456,103384,42722504,42284056
Frontier,8,4,Cube_Coup_dt0,29,7,7,91040,91648,37235360,37484032
Frontier,8,4,Cube_Coup_dt0,30,9,9,102432,103232,41894688,42221888
Frontier,8,4,Cube_Coup_dt0,31,14,14,134928,133720,55185552,54691480
Frontier,8,4,Flan_1565,0,5,5,38560,38384,44691040,44487056
Frontier,8,4,Flan_1565,1,5,5,33240,33864,38525160,39248376
Frontier,8,4,Flan_1565,2,4,4,35664,35664,41334576,41334576
Frontier,8,4,Flan_1565,3,4,4,32832,32832,38052288,38052288
Frontier,8,4,Flan_1565,4,3,3,34896,35424,40444464,41056416
Frontier,8,4,Flan_1565,5,4,4,31704,31704,36744936,36744936
Frontier,8,4,Flan_1565,6,3,3,33840,33312,39220560,38608608
Frontier,8,4,Flan_1565,7,3,3,32800,32264,38015200,37393976
Frontier,8,4,Flan_1565,8,6,6,49392,49632,57245328,57523488
Frontier,8,4,Flan_1565,9,7,7,47320,46808,54843880,54250472
Frontier,8,4,Flan_1565,10,3,3,34368,34632,39832512,40138488
Frontier,8,4,Flan_1565,11,4,4,34656,33864,40166304,39248376
Frontier,8,4,Flan_1565,12,4,4,33888,33720,39276192,39081480
Frontier,8,4,Flan_1565,13,3,3,33840,34344,39220560,39804696
Frontier,8,4,Flan_1565,14,4,4,41600,42304,48214400,49030336
Frontier,8,4,Flan_1565,15,5,5,35344,35192,40963696,40787528
Frontier,8,4,Flan_1565,16,5,5,40032,39984,46397088,46341456
Frontier,8,4,Flan_1565,17,4,4,52120,52352,60407080,60675968
Frontier,8,4,Flan_1565,18,3,3,40704,40440,47175936,46869960
Frontier,8,4,Flan_1565,19,4,4,37872,38160,43893648,44227440
Frontier,8,4,Flan_1565,20,2,2,31728,31728,36772752,36772752
Frontier,8,4,Flan_1565,21,2,2,33592,33584,38933128,38923856
Frontier,8,4,Flan_1565,22,2,2,31464,31464,36466776,36466776
Frontier,8,4,Flan_1565,23,3,3,36984,36984,42864456,42864456
Frontier,8,4,Flan_1565,24,3,3,34344,34080,39804696,39498720
Frontier,8,4,Flan_1565,25,3,3,34632,34104,40138488,39526536
Frontier,8,4,Flan_1565,26,4,4,31728,31992,36772752,37078728
Frontier,8,4,Flan_1565,27,3,3,34368,34632,39832512,40138488
Frontier,8,4,Flan_1565,28,5,5,37560,37296,43532040,43226064
Frontier,8,4,Flan_1565,29,7,7,44392,44168,51450328,51190712
Frontier,8,4,Flan_1565,30,6,6,43928,43936,50912552,50921824
Frontier,8,4,Flan_1565,31,3,3,36472,37016,42271048,42901544
Frontier,8,4,Queen_4147,0,8,8,142152,140352,3772571928,3724801728
Frontier,8,4,Queen_4147,1,6,6,104568,103992,2775130152,2759843688
Frontier,8,4,Queen_4147,2,8,8,161688,163128,4291037832,4329253992
Frontier,8,4,Queen_4147,3,4,4,112536,114576,2986592904,3040732464
Frontier,8,4,Queen_4147,4,8,8,184032,182616,4884025248,4846446024
Frontier,8,4,Queen_4147,5,11,11,180024,175848,4777656936,4666830072
Frontier,8,4,Queen_4147,6,8,8,135168,135408,3587223552,3593592912
Frontier,8,4,Queen_4147,7,11,11,188288,188968,4996975232,5015021752
Frontier,8,4,Queen_4147,8,5,5,128424,129168,3408244536,3427989552
Frontier,8,4,Queen_4147,9,10,10,180408,178680,4787847912,4741988520
Frontier,8,4,Queen_4147,10,8,8,164664,165648,4370017896,4396132272
Frontier,8,4,Queen_4147,11,7,7,109616,108856,2909099024,2888929384
Frontier,8,4,Queen_4147,12,12,12,200160,198288,5312046240,5262365232
Frontier,8,4,Queen_4147,13,9,9,142728,142104,3787858392,3771298056
Frontier,8,4,Queen_4147,14,12,12,216144,218280,5736245616,5792932920
Frontier,8,4,Queen_4147,15,9,9,170504,170608,4525005656,4527765712
Frontier,8,4,Queen_4147,16,6,6,181848,185136,4826064072,4913324304
Frontier,8,4,Queen_4147,17,12,12,261144,261504,6930500616,6940054656
Frontier,8,4,Queen_4147,18,9,9,201312,204648,5342619168,5431153272
Frontier,8,4,Queen_4147,19,7,7,161808,163944,4294222512,4350909816
Frontier,8,4,Queen_4147,20,5,5,117328,118432,3113767792,3143066848
Frontier,8,4,Queen_4147,21,11,11,213264,208800,5659813296,5541343200
Frontier,8,4,Queen_4147,22,6,6,108264,109224,2873218296,2898695736
Frontier,8,4,Queen_4147,23,9,9,204504,203808,5427331656,5408860512
Frontier,8,4,Queen_4147,24,14,14,198264,195120,5261728296,5178289680
Frontier,8,4,Queen_4147,25,8,8,137768,138496,3656224952,3675545344
Frontier,8,4,Queen_4147,26,8,8,153640,153960,4077451960,4085944440
Frontier,8,4,Queen_4147,27,5,5,105008,105256,2786807312,2793388984
Frontier,8,4,Queen_4147,28,8,8,137376,140688,3645821664,3733718832
Frontier,8,4,Queen_4147,29,12,12,190824,189312,5064278136,5024151168
Frontier,8,4,Queen_4147,30,9,9,145680,146232,3866201520,3880851048
Frontier,8,4,Queen_4147,31,7,7,105072,103128,2788505808,2736913992
Frontier,8,4,Serena,0,15,15,78944,79168,293987456,294821632
Frontier,8,4,Serena,1,11,11,74976,74568,279210624,277691232
Frontier,8,4,Serena,2,10,10,61616,61552,229457984,229219648
Frontier,8,4,Serena,3,12,12,87584,86848,326162816,323421952
Frontier,8,4,Serena,4,16,16,33744,34464,125662656,128343936
Frontier,8,4,Serena,5,6,6,50432,49888,187808768,185782912
Frontier,8,4,Serena,6,11,11,74528,74944,277542272,279091456
Frontier,8,4,Serena,7,10,10,70880,71104,263957120,264791296
Frontier,8,4,Serena,8,11,11,80376,79872,299320224,297443328
Frontier,8,4,Serena,9,6,6,55784,56752,207739616,211344448
Frontier,8,4,Serena,10,9,9,85720,85096,319221280,316897504
Frontier,8,4,Serena,11,9,9,61128,60808,227640672,226448992
Frontier,8,4,Serena,12,2,2,12600,12984,46922400,48352416
Frontier,8,4,Serena,13,15,15,42768,41544,159268032,154709856
Frontier,8,4,Serena,14,12,12,64064,62536,238574336,232884064
Frontier,8,4,Serena,15,14,14,73080,75864,272149920,282517536
Frontier,8,4,Serena,16,9,9,63224,62896,235446176,234224704
Frontier,8,4,Serena,17,11,11,36288,38184,135136512,142197216
Frontier,8,4,Serena,18,10,10,68104,68480,253619296,255019520
Frontier,8,4,Serena,19,14,14,80856,81432,301107744,303252768
Frontier,8,4,Serena,20,10,10,55080,54144,205117920,201632256
Frontier,8,4,Serena,21,10,10,76784,76024,285943616,283113376
Frontier,8,4,Serena,22,8,8,70824,70104,263748576,261067296
Frontier,8,4,Serena,23,13,13,91352,90232,340194848,336023968
Frontier,8,4,Serena,24,5,5,50864,52576,189417536,195793024
Frontier,8,4,Serena,25,10,10,67368,66672,250878432,248286528
Frontier,8,4,Serena,26,11,11,84976,83608,316450624,311356192
Frontier,8,4,Serena,27,12,12,70824,72136,263748576,268634464
Frontier,8,4,Serena,28,2,2,11552,11728,43019648,43675072
Frontier,8,4,Serena,29,15,15,32264,30976,120151136,115354624
Frontier,8,4,Serena,30,14,14,73520,75016,273788480,279359584
Frontier,8,4,Serena,31,13,13,79968,79872,297800832,297443328
Frontier,8,4,nd24k,0,15,15,50048,48776,36334848,35411376
Frontier,8,4,nd24k,1,11,11,33360,32656,24219360,23708256
Frontier,8,4,nd24k,2,13,13,35048,42080,25444848,30550080
Frontier,8,4,nd24k,3,7,7,31808,29944,23092608,21739344
Frontier,8,4,nd24k,4,15,15,47600,47592,34557600,34551792
Frontier,8,4,nd24k,5,8,8,27992,25528,20322192,18533328
Frontier,8,4,nd24k,6,9,9,30688,32488,22279488,23586288
Frontier,8,4,nd24k,7,11,11,36936,37896,26815536,27512496
Frontier,8,4,nd24k,8,14,14,42144,44352,30596544,32199552
Frontier,8,4,nd24k,9,8,8,29936,27512,21733536,19973712
Frontier,8,4,nd24k,10,9,9,27520,29680,19979520,21547680
Frontier,8,4,nd24k,11,11,11,40528,41584,29423328,30189984
Frontier,8,4,nd24k,12,11,11,40240,38560,29214240,27994560
Frontier,8,4,nd24k,13,7,7,30528,32992,22163328,23952192
Frontier,8,4,nd24k,14,8,8,27840,28248,20211840,20508048
Frontier,8,4,nd24k,15,19,19,52632,51032,38210832,37049232
Frontier,8,4,nd24k,16,7,7,27120,30496,19689120,22140096
Frontier,8,4,nd24k,17,10,10,40280,36992,29243280,26856192
Frontier,8,4,nd24k,18,14,14,43824,44704,31816224,32455104
Frontier,8,4,nd24k,19,10,10,35896,35720,26060496,25932720
Frontier,8,4,nd24k,20,9,9,34568,35248,25096368,25590048
Frontier,8,4,nd24k,21,17,17,52832,50568,38356032,36712368
Frontier,8,4,nd24k,22,8,8,32848,32920,23847648,23899920
Frontier,8,4,nd24k,23,6,6,27184,30176,19735584,21907776
Frontier,8,4,nd24k,24,10,10,31600,32824,22941600,23830224
Frontier,8,4,nd24k,25,15,15,42288,42744,30701088,31032144
Frontier,8,4,nd24k,26,8,8,32928,32240,23905728,23406240
Frontier,8,4,nd24k,27,19,19,54088,49456,39267888,35905056
Frontier,8,4,nd24k,28,18,18,51304,47712,37246704,34638912
Frontier,8,4,nd24k,29,10,10,31624,30512,22959024,22151712
Frontier,8,4,nd24k,30,11,11,44496,42376,32304096,30764976
Frontier,8,4,nd24k,31,6,6,25680,27800,18643680,20182800
Frontier,8,4,ldoor,0,4,4,11088,11032,102175920,101659880
Frontier,8,4,ldoor,1,3,3,10408,10368,95909720,95541120
Frontier,8,4,ldoor,2,3,3,8512,8456,78438080,77922040
Frontier,8,4,ldoor,3,5,5,11416,11768,105198440,108442120
Frontier,8,4,ldoor,4,3,3,9016,8568,83082440,78954120
Frontier,8,4,ldoor,5,5,5,11912,10880,109769080,100259200
Frontier,8,4,ldoor,6,7,7,9856,10192,90823040,93919280
Frontier,8,4,ldoor,7,6,6,7768,8360,71582120,77037400
Frontier,8,4,ldoor,8,3,3,9576,10024,88242840,92371160
Frontier,8,4,ldoor,9,4,4,9392,9312,86547280,85810080
Frontier,8,4,ldoor,10,2,2,7552,7568,69591680,69739120
Frontier,8,4,ldoor,11,7,7,13104,12992,120753360,119721280
Frontier,8,4,ldoor,12,4,4,10912,10760,100554080,99153400
Frontier,8,4,ldoor,13,5,5,8960,9016,82566400,83082440
Frontier,8,4,ldoor,14,4,4,11928,12152,109916520,111980680
Frontier,8,4,ldoor,15,5,5,10408,10088,95909720,92960920
Frontier,8,4,ldoor,16,7,7,12824,12152,118173160,111980680
Frontier,8,4,ldoor,17,7,7,11408,10984,105124720,101217560
Frontier,8,4,ldoor,18,3,3,9016,9968,83082440,91855120
Frontier,8,4,ldoor,19,4,4,13272,12544,122301480,115592960
Frontier,8,4,ldoor,20,3,3,9008,8856,83008720,81608040
Frontier,8,4,ldoor,21,3,3,10192,9744,93919280,89790960
Frontier,8,4,ldoor,22,3,3,10464,10592,96425760,97605280
Frontier,8,4,ldoor,23,4,4,10240,10648,94361600,98121320
Frontier,8,4,ldoor,24,6,6,11144,11088,102691960,102175920
Frontier,8,4,ldoor,25,4,4,11136,10592,102618240,97605280
Frontier,8,4,ldoor,26,5,5,10144,11256,93476960,103724040
Frontier,8,4,ldoor,27,4,4,10008,9816,92223720,90454440
Frontier,8,4,ldoor,28,3,3,10296,10536,94877640,97089240
Frontier,8,4,ldoor,29,6,6,11984,12208,110432560,112496720
Frontier,8,4,ldoor,30,3,3,7224,6944,66569160,63988960
Frontier,8,4,ldoor,31,7,7,11856,12560,109253040,115740400
Frontier,8,8,audikw_1,0,4,4,33168,32256,160897968,156473856
Frontier,8,8,audikw_1,1,3,3,19056,20472,92440656,99309672
Frontier,8,8,audikw_1,2,7,7,44648,43192,216587448,209524392
Frontier,8,8,audikw_1,3,7,7,40440,41976,196174440,203625576
Frontier,8,8,audikw_1,4,8,8,50880,49320,246818880,239251320
Frontier,8,8,audikw_1,5,4,4,31824,32904,154378224,159617304
Frontier,8,8,audikw_1,6,5,5,32928,38808,159733728,188257608
Frontier,8,8,audikw_1,7,9,9,51576,50208,250195176,243559008
Frontier,8,8,audikw_1,8,5,5,32592,31488,158103792,152748288
Frontier,8,8,audikw_1,9,3,3,18816,18456,91276416,89530056
Frontier,8,8,audikw_1,10,7,7,45248,45328,219498048,219886128
Frontier,8,8,audikw_1,11,4,4,34104,33624,165438504,163110024
Frontier,8,8,audikw_1,12,3,3,28032,29736,135983232,144249336
Frontier,8,8,audikw_1,13,3,3,23784,25440,115376184,123409440
Frontier,8,8,audikw_1,14,7,7,47232,42096,229122432,204207696
Frontier,8,8,audikw_1,15,6,6,42824,43792,207739224,212434992
Frontier,8,8,audikw_1,16,3,3,28800,30120,139708800,146112120
Frontier,8,8,audikw_1,17,10,10,60912,61896,295484112,300257496
Frontier,8,8,audikw_1,18,5,5,41576,42784,201685176,207545184
Frontier,8,8,audikw_1,19,10,10,59568,55416,288964368,268823016
Frontier,8,8,audikw_1,20,7,7,46304,47632,224620704,231062832
Frontier,8,8,audikw_1,21,6,6,42536,40840,206342136,198114840
Frontier,8,8,audikw_1,22,12,12,55296,52728,268240896,255783528
Frontier,8,8,audikw_1,23,10,10,55584,56520,269637984,274178520
Frontier,8,8,audikw_1,24,6,6,38000,38056,184338000,184609656
Frontier,8,8,audikw_1,25,5,5,47376,47616,229820976,230985216
Frontier,8,8,audikw_1,26,8,8,55608,54864,269754408,266145264
Frontier,8,8,audikw_1,27,7,7,37896,38472,183833496,186627672
Frontier,8,8,audikw_1,28,15,15,64056,62784,310735656,304565184
Frontier,8,8,audikw_1,29,13,13,63216,64584,306660816,313296984
Frontier,8,8,audikw_1,30,9,9,43344,45912,210261744,222719112
Frontier,8,8,audikw_1,31,4,4,30576,29304,148324176,142153704
Frontier,8,8,audikw_1,32,12,12,56448,59088,273829248,286635888
Frontier,8,8,audikw_1,33,12,12,57296,59728,277942896,289740528
Frontier,8,8,audikw_1,34,5,5,28656,27504,139010256,133421904
Frontier,8,8,audikw_1,35,6,6,25920,24984,125737920,121197384
Frontier,8,8,audikw_1,36,4,4,27072,26280,131326272,127484280
Frontier,8,8,audikw_1,37,5,5,41912,40840,203315112,198114840
Frontier,8,8,audikw_1,38,12,12,61344,60240,297579744,292224240
Frontier,8,8,audikw_1,39,11,11,54008,57472,261992808,278796672
Frontier,8,8,audikw_1,40,4,4,26400,24192,128066400,117355392
Frontier,8,8,audikw_1,41,8,8,55920,57000,271267920,276507000
Frontier,8,8,audikw_1,42,7,7,54096,54480,262419696,264282480
Frontier,8,8,audikw_1,43,5,5,25536,26424,123875136,128182824
Frontier,8,8,audikw_1,44,11,11,66720,66720,323658720,323658720
Frontier,8,8,audikw_1,45,13,13,67688,60808,328354488,294979608
Frontier,8,8,audikw_1,46,5,5,25272,27384,122594472,132839784
Frontier,8,8,audikw_1,47,8,8,58536,58200,283958136,282328200
Frontier,8,8,audikw_1,48,8,8,55608,57408,269754408,278486208
Frontier,8,8,audikw_1,49,7,7,41464,41560,201141864,201607560
Frontier,8,8,audikw_1,50,4,4,31752,32616,154028952,158220216
Frontier,8,8,audikw_1,51,9,9,54984,58072,266727384,281707272
Frontier,8,8,audikw_1,52,4,4,29064,28248,140989464,137031048
Frontier,8,8,audikw_1,53,6,6,43752,40368,212240952,195825168
Frontier,8,8,audikw_1,54,3,3,19512,18120,94652712,87900120
Frontier,8,8,audikw_1,55,4,4,27120,28368,131559120,137613168
Frontier,8,8,audikw_1,56,8,8,43152,40344,209330352,195708744
Frontier,8,8,audikw_1,57,3,3,24360,26568,118170360,128881368
Frontier,8,8,audikw_1,58,3,3,23712,22728,115026912,110253528
Frontier,8,8,audikw_1,59,4,4,26408,28480,128105208,138156480
Frontier,8,8,audikw_1,60,7,7,41424,41016,200947824,198968616
Frontier,8,8,audikw_1,61,8,8,47064,44424,228307464,215500824
Frontier,8,8,audikw_1,62,11,11,57432,54696,278602632,265330296
Frontier,8,8,audikw_1,63,10,10,54680,59128,265252680,286829928
Frontier,8,8,Bump_2911,0,14,14,81048,80232,2073937272,2053056648
Frontier,8,8,Bump_2911,1,12,12,82152,83088,2102187528,2126138832
Frontier,8,8,Bump_2911,2,9,9,73736,74928,1886830504,1917332592
Frontier,8,8,Bump_2911,3,18,18,93888,92184,2402500032,2358896376
Frontier,8,8,Bump_2911,4,9,9,58968,59640,1508932152,1526127960
Frontier,8,8,Bump_2911,5,8,8,68856,67824,1761956184,1735548336
Frontier,8,8,Bump_2911,6,9,9,65328,66696,1671678192,1706683944
Frontier,8,8,Bump_2911,7,6,6,51480,51864,1317321720,1327147896
Frontier,8,8,Bump_2911,8,8,8,64296,65352,1645270344,1672292328
Frontier,8,8,Bump_2911,9,13,13,87576,87336,2240982264,2234840904
Frontier,8,8,Bump_2911,10,9,9,76128,77328,1948039392,1978746192
Frontier,8,8,Bump_2911,11,10,10,85512,84528,2188166568,2162986992
Frontier,8,8,Bump_2911,12,18,18,102288,102624,2617447632,2626045536
Frontier,8,8,Bump_2911,13,18,18,96416,97816,2467189024,2503013624
Frontier,8,8,Bump_2911,14,10,10,87960,86592,2250808440,2215802688
Frontier,8,8,Bump_2911,15,11,11,93768,94128,2399429352,2408641392
Frontier,8,8,Bump_2911,16,14,14,96360,95976,2465756040,2455929864
Frontier,8,8,Bump_2911,17,12,12,95928,98040,2454701592,2508745560
Frontier,8,8,Bump_2911,18,13,13,73368,72936,1877413752,1866359304
Frontier,8,8,Bump_2911,19,13,13,94920,95184,2428907880,2435663376
Frontier,8,8,Bump_2911,20,17,17,101832,100704,2605779048,2576914656
Frontier,8,8,Bump_2911,21,14,14,99384,99672,2543137176,2550506808
Frontier,8,8,Bump_2911,22,13,13,76320,75744,1952952480,1938213216
Frontier,8,8,Bump_2911,23,12,12,87672,87792,2243438808,2246509488
Frontier,8,8,Bump_2911,24,8,8,76800,77520,1965235200,1983659280
Frontier,8,8,Bump_2911,25,8,8,69264,68856,1772396496,1761956184
Frontier,8,8,Bump_2911,26,15,15,99872,100208,2555624608,2564222512
Frontier,8,8,Bump_2911,27,12,12,93288,91968,2387146632,2353369152
Frontier,8,8,Bump_2911,28,11,11,77208,77520,1975675512,1983659280
Frontier,8,8,Bump_2911,29,11,11,89184,89496,2282129376,2290113144
Frontier,8,8,Bump_2911,30,17,17,99288,98568,2540680632,2522256552
Frontier,8,8,Bump_2911,31,10,10,88200,87864,2256949800,2248351896
Frontier,8,8,Bump_2911,32,17,17,90552,90696,2317135128,2320819944
Frontier,8,8,Bump_2911,33,16,16,85808,84144,2195740912,2153160816
Frontier,8,8,Bump_2911,34,10,10,66384,67368,1698700176,1723879752
Frontier,8,8,Bump_2911,35,14,14,82440,82056,2109557160,2099730984
Frontier,8,8,Bump_2911,36,9,9,68720,68912,1758476080,1763389168
Frontier,8,8,Bump_2911,37,12,12,75096,75224,1921631544,1924906936
Frontier,8,8,Bump_2911,38,12,12,83928,82344,2147633592,2107100616
Frontier,8,8,Bump_2911,39,9,9,65688,66336,1680890232,1697471904
Frontier,8,8,Bump_2911,40,8,8,70344,69768,1800032616,1785293352
Frontier,8,8,Bump_2911,41,10,10,84528,85704,2162986992,2193079656
Frontier,8,8,Bump_2911,42,11,11,89688,89976,2295026232,2302395864
Frontier,8,8,Bump_2911,43,9,9,80904,81072,2070252456,2074551408
Frontier,8,8,Bump_2911,44,12,12,101664,103032,2601480096,2636485848
Frontier,8,8,Bump_2911,45,14,14,87816,87840,2247123624,2247737760
Frontier,8,8,Bump_2911,46,14,14,104952,105072,2685616728,2688687408
Frontier,8,8,Bump_2911,47,13,13,86400,85920,2210889600,2198606880
Frontier,8,8,Bump_2911,48,16,16,95928,95400,2454701592,2441190600
Frontier,8,8,Bump_2911,49,12,12,86352,85632,2209661328,2191237248
Frontier,8,8,Bump_2911,50,8,8,69456,69600,1777309584,1780994400
Frontier,8,8,Bump_2911,51,11,11,91032,90528,2329417848,2316520992
Frontier,8,8,Bump_2911,52,11,11,75288,75192,1926544632,1924088088
Frontier,8,8,Bump_2911,53,11,11,87504,87168,2239139856,2230541952
Frontier,8,8,Bump_2911,54,16,16,87936,87120,2250194304,2229313680
Frontier,8,8,Bump_2911,55,16,16,96240,97752,2462685360,2501375928
Frontier,8,8,Bump_2911,56,8,8,83832,84576,2145177048,2164215264
Frontier,8,8,Bump_2911,57,7,7,71496,71616,1829511144,1832581824
Frontier,8,8,Bump_2911,58,11,11,71976,70056,1841793864,1792662984
Frontier,8,8,Bump_2911,59,10,10,72840,73728,1863902760,1886625792
Frontier,8,8,Bump_2911,60,14,14,100152,100608,2562789528,2574458112
Frontier,8,8,Bump_2911,61,19,19,101856,101880,2606393184,2607007320
Frontier,8,8,Bump_2911,62,21,21,104472,102408,2673334008,2620518312
Frontier,8,8,Bump_2911,63,11,11,92304,92928,2361967056,2377934592
Frontier,8,8,Cube_Coup_dt0,0,15,15,92032,93216,37641088,38125344
Frontier,8,8,Cube_Coup_dt0,1,10,10,66272,66848,27105248,27340832
Frontier,8,8,Cube_Coup_dt0,2,9,9,75080,75416,30707720,30845144
Frontier,8,8,Cube_Coup_dt0,3,14,14,84704,83712,34643936,34238208
Frontier,8,8,Cube_Coup_dt0,4,15,15,86728,87384,35471752,35740056
Frontier,8,8,Cube_Coup_dt0,5,16,16,84168,83608,34424712,34195672
Frontier,8,8,Cube_Coup_dt0,6,10,10,70920,71160,29006280,29104440
Frontier,8,8,Cube_Coup_dt0,7,11,11,77368,76424,31643512,31257416
Frontier,8,8,Cube_Coup_dt0,8,5,5,51792,52272,21182928,21379248
Frontier,8,8,Cube_Coup_dt0,9,6,6,51008,51360,20862272,21006240
Frontier,8,8,Cube_Coup_dt0,10,7,7,64168,64376,26244712,26329784
Frontier,8,8,Cube_Coup_dt0,11,5,5,48704,49184,19919936,20116256
Frontier,8,8,Cube_Coup_dt0,12,9,9,74400,73824,30429600,30194016
Frontier,8,8,Cube_Coup_dt0,13,10,10,75648,76608,30940032,31332672
Frontier,8,8,Cube_Coup_dt0,14,7,7,54400,54464,22249600,22275776
Frontier,8,8,Cube_Coup_dt0,15,9,9,68904,68312,28181736,27939608
Frontier,8,8,Cube_Coup_dt0,16,8,8,73160,73016,29922440,29863544
Frontier,8,8,Cube_Coup_dt0,17,10,10,72512,72064,29657408,29474176
Frontier,8,8,Cube_Coup_dt0,18,14,14,86600,87448,35419400,35766232
Frontier,8,8,Cube_Coup_dt0,19,13,13,90272,90016,36921248,36816544
Frontier,8,8,Cube_Coup_dt0,20,9,9,64128,62752,26228352,25665568
Frontier,8,8,Cube_Coup_dt0,21,11,11,79072,79008,32340448,32314272
Frontier,8,8,Cube_Coup_dt0,22,10,10,75360,76288,30822240,31201792
Frontier,8,8,Cube_Coup_dt0,23,12,12,82304,82528,33662336,33753952
Frontier,8,8,Cube_Coup_dt0,24,8,8,64128,64736,26228352,26477024
Frontier,8,8,Cube_Coup_dt0,25,10,10,70400,69952,28793600,28610368
Frontier,8,8,Cube_Coup_dt0,26,7,7,53288,53272,21794792,21788248
Frontier,8,8,Cube_Coup_dt0,27,13,13,75936,75776,31057824,30992384
Frontier,8,8,Cube_Coup_dt0,28,12,12,83968,82752,34342912,33845568
Frontier,8,8,Cube_Coup_dt0,29,7,7,47568,48440,19455312,19811960
Frontier,8,8,Cube_Coup_dt0,30,6,6,47456,47072,19409504,19252448
Frontier,8,8,Cube_Coup_dt0,31,8,8,58528,59064,23937952,24157176
Frontier,8,8,Cube_Coup_dt0,32,7,7,57736,58904,23614024,24091736
Frontier,8,8,Cube_Coup_dt0,33,5,5,43648,43776,17852032,17904384
Frontier,8,8,Cube_Coup_dt0,34,9,9,75744,75520,30979296,30887680
Frontier,8,8,Cube_Coup_dt0,35,8,8,57728,56576,23610752,23139584
Frontier,8,8,Cube_Coup_dt0,36,15,15,88880,87856,36351920,35933104
Frontier,8,8,Cube_Coup_dt0,37,9,9,64056,64448,26198904,26359232
Frontier,8,8,Cube_Coup_dt0,38,6,6,58376,58520,23875784,23934680
Frontier,8,8,Cube_Coup_dt0,39,6,6,53368,53800,21827512,22004200
Frontier,8,8,Cube_Coup_dt0,40,11,11,74448,73872,30449232,30213648
Frontier,8,8,Cube_Coup_dt0,41,11,11,76256,76384,31188704,31241056
Frontier,8,8,Cube_Coup_dt0,42,13,13,84664,85056,34627576,34787904
Frontier,8,8,Cube_Coup_dt0,43,13,13,86816,87616,35507744,35834944
Frontier,8,8,Cube_Coup_dt0,44,10,10,76576,78528,31319584,32117952
Frontier,8,8,Cube_Coup_dt0,45,12,12,79568,79160,32543312,32376440
Frontier,8,8,Cube_Coup_dt0,46,7,7,53216,53472,21765344,21870048
Frontier,8,8,Cube_Coup_dt0,47,13,13,75040,73376,30691360,30010784
Frontier,8,8,Cube_Coup_dt0,48,14,14,78752,78016,32209568,31908544
Frontier,8,8,Cube_Coup_dt0,49,7,7,56264,56344,23011976,23044696
Frontier,8,8,Cube_Coup_dt0,50,12,12,76688,74648,31365392,30531032
Frontier,8,8,Cube_Coup_dt0,51,8,8,64480,65888,26372320,26948192
Frontier,8,8,Cube_Coup_dt0,52,8,8,80072,80568,32749448,32952312
Frontier,8,8,Cube_Coup_dt0,53,4,4,45632,46304,18663488,18938336
Frontier,8,8,Cube_Coup_dt0,54,8,8,55808,55168,22825472,22563712
Frontier,8,8,Cube_Coup_dt0,55,6,6,47744,47584,19527296,19461856
Frontier,8,8,Cube_Coup_dt0,56,9,9,70824,71824,28967016,29376016
Frontier,8,8,Cube_Coup_dt0,57,7,7,54848,54336,22432832,22223424
Frontier,8,8,Cube_Coup_dt0,58,9,9,80320,80000,32850880,32720000
Frontier,8,8,Cube_Coup_dt0,59,10,10,67808,67872,27733472,27759648
Frontier,8,8,Cube_Coup_dt0,60,11,11,80128,80704,32772352,33007936
Frontier,8,8,Cube_Coup_dt0,61,9,9,76192,75552,31162528,30900768
Frontier,8,8,Cube_Coup_dt0,62,16,16,95264,93760,38962976,38347840
Frontier,8,8,Cube_Coup_dt0,63,15,15,90448,90584,36993232,37048856
Frontier,8,8,Flan_1565,0,5,5,28024,28592,32451792,33109536
Frontier,8,8,Flan_1565,1,6,6,35112,34896,40659696,40409568
Frontier,8,8,Flan_1565,2,5,5,22056,22200,25540848,25707600
Frontier,8,8,Flan_1565,3,5,5,30176,30480,34943808,35295840
Frontier,8,8,Flan_1565,4,3,3,22704,23232,26291232,26902656
Frontier,8,8,Flan_1565,5,6,6,35424,35496,41020992,41104368
Frontier,8,8,Flan_1565,6,4,4,25184,25024,29163072,28977792
Frontier,8,8,Flan_1565,7,5,5,30896,30392,35777568,35193936
Frontier,8,8,Flan_1565,8,4,4,26080,26192,30200640,30330336
Frontier,8,8,Flan_1565,9,4,4,24096,23712,27903168,27458496
Frontier,8,8,Flan_1565,10,4,4,27264,27288,31571712,31599504
Frontier,8,8,Flan_1565,11,4,4,26064,26328,30182112,30487824
Frontier,8,8,Flan_1565,12,5,5,26696,26152,30913968,30284016
Frontier,8,8,Flan_1565,13,4,4,25648,25664,29700384,29718912
Frontier,8,8,Flan_1565,14,4,4,28584,28584,33100272,33100272
Frontier,8,8,Flan_1565,15,4,4,24600,24576,28486800,28459008
Frontier,8,8,Flan_1565,16,4,4,30144,30144,34906752,34906752
Frontier,8,8,Flan_1565,17,4,4,28824,28824,33378192,33378192
Frontier,8,8,Flan_1565,18,5,5,34608,34872,40076064,40381776
Frontier,8,8,Flan_1565,19,6,6,29664,29400,34350912,34045200
Frontier,8,8,Flan_1565,20,3,3,31976,32488,37028208,37621104
Frontier,8,8,Flan_1565,21,4,4,31720,31736,36731760,36750288
Frontier,8,8,Flan_1565,22,7,7,34368,33576,39798144,38881008
Frontier,8,8,Flan_1565,23,7,7,32272,32048,37370976,37111584
Frontier,8,8,Flan_1565,24,3,3,23152,23656,26810016,27393648
Frontier,8,8,Flan_1565,25,4,4,22784,22880,26383872,26495040
Frontier,8,8,Flan_1565,26,4,4,24624,24888,28514592,28820304
Frontier,8,8,Flan_1565,27,5,5,24120,23520,27930960,27236160
Frontier,8,8,Flan_1565,28,4,4,24584,24568,28468272,28449744
Frontier,8,8,Flan_1565,29,4,4,26704,26720,30923232,30941760
Frontier,8,8,Flan_1565,30,4,4,22472,22456,26022576,26004048
Frontier,8,8,Flan_1565,31,4,4,25936,25688,30033888,29746704
Frontier,8,8,Flan_1565,32,3,3,28840,29120,33396720,33720960
Frontier,8,8,Flan_1565,33,5,5,35328,35064,40909824,40604112
Frontier,8,8,Flan_1565,34,4,4,27776,27520,32164608,31868160
Frontier,8,8,Flan_1565,35,4,4,32536,32528,37676688,37667424
Frontier,8,8,Flan_1565,36,10,10,36864,35856,42688512,41521248
Frontier,8,8,Flan_1565,37,5,5,29480,30256,34137840,35036448
Frontier,8,8,Flan_1565,38,5,5,31480,31736,36453840,36750288
Frontier,8,8,Flan_1565,39,4,4,25968,26520,30070944,30710160
Frontier,8,8,Flan_1565,40,4,4,28200,28032,32655600,32461056
Frontier,8,8,Flan_1565,41,3,3,22992,23520,26624736,27236160
Frontier,8,8,Flan_1565,42,4,4,26200,26192,30339600,30330336
Frontier,8,8,Flan_1565,43,5,5,33432,33336,38714256,38603088
Frontier,8,8,Flan_1565,44,4,4,25680,25152,29737440,29126016
Frontier,8,8,Flan_1565,45,4,4,26424,26424,30598992,30598992
Frontier,8,8,Flan_1565,46,4,4,28032,28296,32461056,32766768
Frontier,8,8,Flan_1565,47,4,4,25896,26160,29987568,30293280
Frontier,8,8,Flan_1565,48,4,4,29072,28792,33665376,33341136
Frontier,8,8,Flan_1565,49,4,4,27760,27776,32146080,32164608
Frontier,8,8,Flan_1565,50,4,4,27120,27096,31404960,31377168
Frontier,8,8,Flan_1565,51,4,4,29880,30144,34601040,34906752
Frontier,8,8,Flan_1565,52,4,4,20552,20768,23799216,24049344
Frontier,8,8,Flan_1565,53,6,6,38376,38232,44439408,44272656
Frontier,8,8,Flan_1565,54,5,5,23288,22848,26967504,26457984
Frontier,8,8,Flan_1565,55,5,5,30936,31176,35823888,36101808
Frontier,8,8,Flan_1565,56,4,4,29864,30112,34582512,34869696
Frontier,8,8,Flan_1565,57,4,4,24592,24608,28477536,28496064
Frontier,8,8,Flan_1565,58,5,5,28584,28056,33100272,32488848
Frontier,8,8,Flan_1565,59,3,3,24312,24576,28153296,28459008
Frontier,8,8,Flan_1565,60,4,4,28584,28584,33100272,33100272
Frontier,8,8,Flan_1565,61,3,3,23544,24072,27263952,27875376
Frontier,8,8,Flan_1565,62,4,4,26328,26184,30487824,30321072
Frontier,8,8,Flan_1565,63,5,5,22992,22464,26624736,26013312
Frontier,8,8,Queen_4147,0,11,11,103736,100840,2717468256,2641604640
Frontier,8,8,Queen_4147,1,8,8,103624,104264,2714534304,2731299744
Frontier,8,8,Queen_4147,2,4,4,63440,64672,1661874240,1694147712
Frontier,8,8,Queen_4147,3,6,6,97840,99440,2563016640,2604930240
Frontier,8,8,Queen_4147,4,7,7,92552,93736,2424492192,2455508256
Frontier,8,8,Queen_4147,5,12,12,127912,127928,3350782752,3351201888
Frontier,8,8,Queen_4147,6,6,6,71968,70424,1885273728,1844827104
Frontier,8,8,Queen_4147,7,7,7,99104,99712,2596128384,2612055552
Frontier,8,8,Queen_4147,8,14,14,140456,138136,3679385376,3618610656
Frontier,8,8,Queen_4147,9,12,12,142552,143744,3734292192,3765517824
Frontier,8,8,Queen_4147,10,9,9,113816,114664,2981523936,3003738144
Frontier,8,8,Queen_4147,11,10,10,108448,107864,2840903808,2825605344
Frontier,8,8,Queen_4147,12,12,12,133288,131432,3491612448,3442992672
Frontier,8,8,Queen_4147,13,14,14,123736,123992,3241388256,3248094432
Frontier,8,8,Queen_4147,14,8,8,101312,100408,2653969152,2630287968
Frontier,8,8,Queen_4147,15,7,7,95272,97832,2495745312,2562807072
Frontier,8,8,Queen_4147,16,8,8,109288,109544,2862908448,2869614624
Frontier,8,8,Queen_4147,17,14,14,163104,163296,4272672384,4277702016
Frontier,8,8,Queen_4147,18,16,16,178952,179728,4687826592,4708154688
Frontier,8,8,Queen_4147,19,9,9,135832,137840,3558255072,3610856640
Frontier,8,8,Queen_4147,20,9,9,102656,103480,2689176576,2710762080
Frontier,8,8,Queen_4147,21,10,10,119320,121304,3125706720,3177679584
Frontier,8,8,Queen_4147,22,12,12,125840,125032,3296504640,3275338272
Frontier,8,8,Queen_4147,23,8,8,97936,99368,2565531456,2603044128
Frontier,8,8,Queen_4147,24,12,12,129224,128512,3385151904,3366500352
Frontier,8,8,Queen_4147,25,7,7,97528,97688,2554843488,2559034848
Frontier,8,8,Queen_4147,26,9,9,106856,104320,2799199776,2732766720
Frontier,8,8,Queen_4147,27,4,4,65464,67640,1714894944,1771897440
Frontier,8,8,Queen_4147,28,9,9,96296,96184,2522570016,2519636064
Frontier,8,8,Queen_4147,29,6,6,71344,69800,1868927424,1828480800
Frontier,8,8,Queen_4147,30,10,10,95120,95128,2491763520,2491973088
Frontier,8,8,Queen_4147,31,13,13,128656,126824,3370272576,3322281504
Frontier,8,8,Queen_4147,32,10,10,103568,102328,2713067328,2680584288
Frontier,8,8,Queen_4147,33,8,8,100048,99176,2620857408,2598014496
Frontier,8,8,Queen_4147,34,10,10,141240,141360,3699923040,3703066560
Frontier,8,8,Queen_4147,35,13,13,136880,137320,3585708480,3597234720
Frontier,8,8,Queen_4147,36,17,17,161384,162400,4227615264,4254230400
Frontier,8,8,Queen_4147,37,11,11,125440,128792,3286026240,3373835232
Frontier,8,8,Queen_4147,38,8,8,96776,96976,2535144096,2540383296
Frontier,8,8,Queen_4147,39,8,8,99160,98672,2597595360,2584811712
Frontier,8,8,Queen_4147,40,5,5,61472,61456,1610320512,1609901376
Frontier,8,8,Queen_4147,41,9,9,98752,97400,2586907392,2551490400
Frontier,8,8,Queen_4147,42,11,11,106568,104392,2791655328,2734652832
Frontier,8,8,Queen_4147,43,14,14,121856,120536,3192139776,3157561056
Frontier,8,8,Queen_4147,44,10,10,101336,101896,2654597856,2669267616
Frontier,8,8,Queen_4147,45,6,6,74320,74696,1946886720,1956736416
Frontier,8,8,Queen_4147,46,8,8,94296,95784,2470178016,2509157664
Frontier,8,8,Queen_4147,47,12,12,133808,131416,3505234368,3442573536
Frontier,8,8,Queen_4147,48,11,11,137640,138752,3605617440,3634747392
Frontier,8,8,Queen_4147,49,6,6,86632,87992,2269411872,2305038432
Frontier,8,8,Queen_4147,50,11,11,111440,108856,2919282240,2851591776
Frontier,8,8,Queen_4147,51,5,5,66256,67208,1735642176,1760580768
Frontier,8,8,Queen_4147,52,11,11,125960,126832,3299648160,3322491072
Frontier,8,8,Queen_4147,53,6,6,93136,95120,2439790656,2491763520
Frontier,8,8,Queen_4147,54,8,8,105080,105136,2752675680,2754142656
Frontier,8,8,Queen_4147,55,4,4,63664,63752,1667742144,1670047392
Frontier,8,8,Queen_4147,56,11,11,128256,127312,3359794176,3335065152
Frontier,8,8,Queen_4147,57,15,15,143280,142208,3753362880,3725280768
Frontier,8,8,Queen_4147,58,7,7,110040,109096,2882607840,2857878816
Frontier,8,8,Queen_4147,59,6,6,94176,95864,2467034496,2511253344
Frontier,8,8,Queen_4147,60,14,14,125696,124888,3292732416,3271566048
Frontier,8,8,Queen_4147,61,15,15,132304,129776,3465835584,3399612096
Frontier,8,8,Queen_4147,62,14,14,133184,131920,3488888064,3455776320
Frontier,8,8,Queen_4147,63,7,7,92464,94496,2422186944,2475417216
Frontier,8,8,Serena,0,11,11,45544,46496,170334560,173895040
Frontier,8,8,Serena,1,17,17,58096,57704,217279040,215812960
Frontier,8,8,Serena,2,11,11,55448,56272,207375520,210457280
Frontier,8,8,Serena,3,12,12,48304,47768,180656960,178652320
Frontier,8,8,Serena,4,10,10,49632,48288,185623680,180597120
Frontier,8,8,Serena,5,7,7,42656,43168,159533440,161448320
Frontier,8,8,Serena,6,14,14,56536,55616,211444640,208003840
Frontier,8,8,Serena,7,13,13,60736,61184,227152640,228828160
Frontier,8,8,Serena,8,12,12,46768,48176,174912320,180178240
Frontier,8,8,Serena,9,6,6,33520,34016,125364800,127219840
Frontier,8,8,Serena,10,19,19,33808,31624,126441920,118273760
Frontier,8,8,Serena,11,6,6,12512,12752,46794880,47692480
Frontier,8,8,Serena,12,14,14,57432,58176,214795680,217578240
Frontier,8,8,Serena,13,11,11,48984,47752,183200160,178592480
Frontier,8,8,Serena,14,16,16,62928,62480,235350720,233675200
Frontier,8,8,Serena,15,12,12,47080,47744,176079200,178562560
Frontier,8,8,Serena,16,11,11,41776,43376,156242240,162226240
Frontier,8,8,Serena,17,6,6,37312,37448,139546880,140055520
Frontier,8,8,Serena,18,13,13,45560,44992,170394400,168270080
Frontier,8,8,Serena,19,11,11,55360,54560,207046400,204054400
Frontier,8,8,Serena,20,13,13,17176,16544,64238240,61874560
Frontier,8,8,Serena,21,8,8,19296,19128,72167040,71538720
Frontier,8,8,Serena,22,3,3,13112,12376,49038880,46286240
Frontier,8,8,Serena,23,4,4,12496,13880,46735040,51911200
Frontier,8,8,Serena,24,11,11,54064,56024,202199360,209529760
Frontier,8,8,Serena,25,14,14,43480,42344,162615200,158366560
Frontier,8,8,Serena,26,12,12,57416,57184,214735840,213868160
Frontier,8,8,Serena,27,16,16,70912,71264,265210880,266527360
Frontier,8,8,Serena,28,10,10,55592,53896,207914080,201571040
Frontier,8,8,Serena,29,20,20,37000,37400,138380000,139876000
Frontier,8,8,Serena,30,15,15,57248,56224,214107520,210277760
Frontier,8,8,Serena,31,9,9,40312,41624,150766880,155673760
Frontier,8,8,Serena,32,13,13,65160,65424,243698400,244685760
Frontier,8,8,Serena,33,11,11,48184,49336,180208160,184516640
Frontier,8,8,Serena,34,11,11,51344,52240,192026560,195377600
Frontier,8,8,Serena,35,9,9,42472,43448,158845280,162495520
Frontier,8,8,Serena,36,13,13,48864,50360,182751360,188346400
Frontier,8,8,Serena,37,20,20,18680,17384,69863200,65016160
Frontier,8,8,Serena,38,11,11,35480,35312,132695200,132066880
Frontier,8,8,Serena,39,11,11,46816,45992,175091840,172010080
Frontier,8,8,Serena,40,11,11,51072,49272,191009280,184277280
Frontier,8,8,Serena,41,9,9,49352,49600,184576480,185504000
Frontier,8,8,Serena,42,15,15,58832,59056,220031680,220869440
Frontier,8,8,Serena,43,11,11,55504,55736,207584960,208452640
Frontier,8,8,Serena,44,13,13,53656,53936,200673440,201720640
Frontier,8,8,Serena,45,13,13,47808,47904,178801920,179160960
Frontier,8,8,Serena,46,18,18,52184,52336,195168160,195736640
Frontier,8,8,Serena,47,12,12,64960,64928,242950400,242830720
Frontier,8,8,Serena,48,18,18,39016,38336,145919840,143376640
Frontier,8,8,Serena,49,7,7,40336,40808,150856640,152621920
Frontier,8,8,Serena,50,12,12,36424,38032,136225760,142239680
Frontier,8,8,Serena,51,10,10,36416,35744,136195840,133682560
Frontier,8,8,Serena,52,3,3,9288,9816,34737120,36711840
Frontier,8,8,Serena,53,6,6,13856,14080,51821440,52659200
Frontier,8,8,Serena,54,17,17,28216,27536,105527840,102984640
Frontier,8,8,Serena,55,5,5,11440,11600,42785600,43384000
Frontier,8,8,Serena,56,16,16,61424,60712,229725760,227062880
Frontier,8,8,Serena,57,11,11,46000,46400,172040000,173536000
Frontier,8,8,Serena,58,13,13,55576,55088,207854240,206029120
Frontier,8,8,Serena,59,11,11,64264,63992,240347360,239330080
Frontier,8,8,Serena,60,17,17,52808,51640,197501920,193133600
Frontier,8,8,Serena,61,15,15,62176,61208,232538240,228917920
Frontier,8,8,Serena,62,13,13,58248,58280,217847520,217967200
Frontier,8,8,Serena,63,8,8,44408,45344,166085920,169586560
Frontier,8,8,nd24k,0,19,19,37896,37904,27512496,27518304
Frontier,8,8,nd24k,1,12,12,23576,23728,17116176,17226528
Frontier,8,8,nd24k,2,16,16,35400,31496,25700400,22866096
Frontier,8,8,nd24k,3,12,12,18592,20136,13497792,14618736
Frontier,8,8,nd24k,4,16,16,32856,32056,23853456,23272656
Frontier,8,8,nd24k,5,10,10,20152,22624,14630352,16425024
Frontier,8,8,nd24k,6,12,12,25456,25320,18481056,18382320
Frontier,8,8,nd24k,7,12,12,25712,28536,18666912,20717136
Frontier,8,8,nd24k,8,10,10,24736,20944,17958336,15205344
Frontier,8,8,nd24k,9,10,10,19704,19992,14305104,14514192
Frontier,8,8,nd24k,10,22,22,39000,40512,28314000,29411712
Frontier,8,8,nd24k,11,12,12,26520,26160,19253520,18992160
Frontier,8,8,nd24k,12,10,10,20840,21176,15129840,15373776
Frontier,8,8,nd24k,13,16,16,34176,37832,24811776,27466032
Frontier,8,8,nd24k,14,14,14,25216,28968,18306816,21030768
Frontier,8,8,nd24k,15,10,10,22008,22912,15977808,16634112
Frontier,8,8,nd24k,16,23,23,37456,36736,27193056,26670336
Frontier,8,8,nd24k,17,12,12,23544,26064,17092944,18922464
Frontier,8,8,nd24k,18,7,7,14240,16000,10338240,11616000
Frontier,8,8,nd24k,19,13,13,27744,26328,20142144,19114128
Frontier,8,8,nd24k,20,13,13,28680,26296,20821680,19090896
Frontier,8,8,nd24k,21,8,8,18144,20648,13172544,14990448
Frontier,8,8,nd24k,22,8,8,21152,22456,15356352,16303056
Frontier,8,8,nd24k,23,19,19,39160,34480,28430160,25032480
Frontier,8,8,nd24k,24,10,10,18088,18880,13131888,13706880
Frontier,8,8,nd24k,25,11,11,24904,25792,18080304,18724992
Frontier,8,8,nd24k,26,22,22,39968,41936,29016768,30445536
Frontier,8,8,nd24k,27,14,14,26576,28160,19294176,20444160
Frontier,8,8,nd24k,28,15,15,29456,32776,21385056,23795376
Frontier,8,8,nd24k,29,11,11,25864,25216,18777264,18306816
Frontier,8,8,nd24k,30,12,12,30864,31488,22407264,22860288
Frontier,8,8,nd24k,31,7,7,17600,19472,12777600,14136672
Frontier,8,8,nd24k,32,15,15,28744,30288,20868144,21989088
Frontier,8,8,nd24k,33,10,10,22240,23072,16146240,16750272
Frontier,8,8,nd24k,34,17,17,35824,35600,26008224,25845600
Frontier,8,8,nd24k,35,12,12,22440,23464,16291440,17034864
Frontier,8,8,nd24k,36,24,24,43880,39904,31856880,28970304
Frontier,8,8,nd24k,37,15,15,30288,27296,21989088,19816896
Frontier,8,8,nd24k,38,11,11,25448,24400,18475248,17714400
Frontier,8,8,nd24k,39,8,8,17656,17528,12818256,12725328
Frontier,8,8,nd24k,40,26,26,43208,39072,31369008,28366272
Frontier,8,8,nd24k,41,15,15,28352,28408,20583552,20624208
Frontier,8,8,nd24k,42,9,9,23152,23608,16808352,17139408
Frontier,8,8,nd24k,43,9,9,22432,22664,16285632,16454064
Frontier,8,8,nd24k,44,14,14,28840,28424,20937840,20635824
Frontier,8,8,nd24k,45,11,11,28016,26632,20339616,19334832
Frontier,8,8,nd24k,46,11,11,28056,28560,20368656,20734560
Frontier,8,8,nd24k,47,9,9,20128,22808,14612928,16558608
Frontier,8,8,nd24k,48,12,12,23968,25096,17400768,18219696
Frontier,8,8,nd24k,49,14,14,28664,28272,20810064,20525472
Frontier,8,8,nd24k,50,18,18,33880,30952,24596880,22471152
Frontier,8,8,nd24k,51,12,12,23672,23104,17185872,16773504
Frontier,8,8,nd24k,52,16,16,35080,32496,25468080,23592096
Frontier,8,8,nd24k,53,26,26,42488,38656,30846288,28064256
Frontier,8,8,nd24k,54,9,9,19608,19512,14235408,14165712
Frontier,8,8,nd24k,55,14,14,28936,29736,21007536,21588336
Frontier,8,8,nd24k,56,12,12,24496,27072,17784096,19654272
Frontier,8,8,nd24k,57,23,23,40984,37752,29754384,27407952
Frontier,8,8,nd24k,58,11,11,23024,22160,16715424,16088160
Frontier,8,8,nd24k,59,10,10,26184,22480,19009584,16320480
Frontier,8,8,nd24k,60,17,17,35224,34424,25572624,24991824
Frontier,8,8,nd24k,61,10,10,25648,22888,18620448,16616688
Frontier,8,8,nd24k,62,8,8,14440,17928,10483440,13015728
Frontier,8,8,nd24k,63,12,12,29208,32208,21205008,23383008
Frontier,8,8,ldoor,0,4,4,8368,8208,76843344,75374064
Frontier,8,8,ldoor,1,6,6,7928,8032,72802824,73757856
Frontier,8,8,ldoor,2,4,4,8312,9048,76329096,83087784
Frontier,8,8,ldoor,3,6,6,7136,6304,65529888,57889632
Frontier,8,8,ldoor,4,5,5,7816,8088,71774328,74272104
Frontier,8,8,ldoor,5,4,4,7352,7488,67513416,68762304
Frontier,8,8,ldoor,6,5,5,7304,7032,67072632,64574856
Frontier,8,8,ldoor,7,7,7,8992,9096,82573536,83528568
Frontier,8,8,ldoor,8,5,5,8312,7816,76329096,71774328
Frontier,8,8,ldoor,9,7,7,9104,9096,83602032,83528568
Frontier,8,8,ldoor,10,6,6,9320,9496,85585560,87201768
Frontier,8,8,ldoor,11,4,4,7744,7600,71113152,69790800
Frontier,8,8,ldoor,12,7,7,9040,9272,83014320,85144776
Frontier,8,8,ldoor,13,4,4,7144,7472,65603352,68615376
Frontier,8,8,ldoor,14,4,4,8024,6984,73684392,64134072
Frontier,8,8,ldoor,15,7,7,8592,9048,78900336,83087784
Frontier,8,8,ldoor,16,4,4,8088,7872,74272104,72288576
Frontier,8,8,ldoor,17,5,5,7192,7032,66044136,64574856
Frontier,8,8,ldoor,18,4,4,6976,7640,64060608,70158120
Frontier,8,8,ldoor,19,5,5,7408,7432,68027664,68248056
Frontier,8,8,ldoor,20,3,3,6688,7144,61415904,65603352
Frontier,8,8,ldoor,21,4,4,7424,7192,68174592,66044136
Frontier,8,8,ldoor,22,9,9,8760,8656,80443080,79488048
Frontier,8,8,ldoor,23,4,4,7304,6920,67072632,63546360
Frontier,8,8,ldoor,24,5,5,8200,8264,75300600,75888312
Frontier,8,8,ldoor,25,5,5,9328,9432,85659024,86614056
Frontier,8,8,ldoor,26,5,5,8480,9104,77871840,83602032
Frontier,8,8,ldoor,27,4,4,7760,7528,71260080,69129624
Frontier,8,8,ldoor,28,5,5,7752,7536,71186616,69203088
Frontier,8,8,ldoor,29,5,5,9608,10104,88230264,92785032
Frontier,8,8,ldoor,30,3,3,5000,4800,45915000,44078400
Frontier,8,8,ldoor,31,4,4,10328,9720,94842024,89258760
Frontier,8,8,ldoor,32,6,6,8504,9328,78092232,85659024
Frontier,8,8,ldoor,33,5,5,10312,9320,94695096,85585560
Frontier,8,8,ldoor,34,5,5,9432,9048,86614056,83087784
Frontier,8,8,ldoor,35,5,5,9944,10216,91315752,93813528
Frontier,8,8,ldoor,36,5,5,9160,9936,84116280,91242288
Frontier,8,8,ldoor,37,5,5,8864,8720,81398112,80075760
Frontier,8,8,ldoor,38,6,6,7776,7648,71407008,70231584
Frontier,8,8,ldoor,39,5,5,7064,7024,64868712,64501392
Frontier,8,8,ldoor,40,5,5,9368,9488,86026344,87128304
Frontier,8,8,ldoor,41,8,8,5632,5248,51718656,48192384
Frontier,8,8,ldoor,42,5,5,7816,8032,71774328,73757856
Frontier,8,8,ldoor,43,3,3,7576,7824,69570408,71847792
Frontier,8,8,ldoor,44,3,3,7760,7640,71260080,70158120
Frontier,8,8,ldoor,45,5,5,7800,7488,71627400,68762304
Frontier,8,8,ldoor,46,4,4,7808,7480,71700864,68688840
Frontier,8,8,ldoor,47,5,5,8656,9264,79488048,85071312
Frontier,8,8,ldoor,48,4,4,8648,9496,79414584,87201768
Frontier,8,8,ldoor,49,3,3,7256,6800,66631848,62444400
Frontier,8,8,ldoor,50,5,5,7688,8160,70598904,74933280
Frontier,8,8,ldoor,51,7,7,7640,6640,70158120,60975120
Frontier,8,8,ldoor,52,4,4,9040,8880,83014320,81545040
Frontier,8,8,ldoor,53,5,5,9104,9600,83602032,88156800
Frontier,8,8,ldoor,54,7,7,8928,9160,81985824,84116280
Frontier,8,8,ldoor,55,9,9,6856,6640,62958648,60975120
Frontier,8,8,ldoor,56,4,4,7928,7472,72802824,68615376
Frontier,8,8,ldoor,57,6,6,8360,8440,76769880,77504520
Frontier,8,8,ldoor,58,5,5,8256,8880,75814848,81545040
Frontier,8,8,ldoor,59,5,5,7592,7696,69717336,70672368
Frontier,8,8,ldoor,60,6,6,6864,6856,63032112,62958648
Frontier,8,8,ldoor,61,4,4,7128,7096,65456424,65162568
Frontier,8,8,ldoor,62,4,4,6632,6080,60901656,55832640
Frontier,8,8,ldoor,63,5,5,8872,8992,81471576,82573536
