system,nodes,ppn,matrix,rank,messages sent per iteration,messages received per iteration,bytes sent per iteration,bytes received per iteration,total bytes sent,total bytes received
Tuolumne,1,1,audikw_1,0,0,0,0,0,0,0
Tuolumne,1,1,Bump_2911,0,0,0,0,0,0,0
Tuolumne,1,1,Cube_Coup_dt0,0,0,0,0,0,0,0
Tuolumne,1,1,Flan_1565,0,0,0,0,0,0,0
Tuolumne,1,1,Queen_4147,0,0,0,0,0,0,0
Tuolumne,1,1,Serena,0,0,0,0,0,0,0
Tuolumne,1,1,nd24k,0,0,0,0,0,0,0
Tuolumne,1,1,ldoor,0,0,0,0,0,0,0
Tuolumne,1,2,audikw_1,0,1,1,44000,47248,213664000,229436288
Tuolumne,1,2,audikw_1,1,1,1,47248,44000,229436288,213664000
Tuolumne,1,2,Bump_2911,0,1,1,255984,256032,6471787488,6473001024
Tuolumne,1,2,Bump_2911,1,1,1,256032,255984,6473001024,6471787488
Tuolumne,1,2,Cube_Coup_dt0,0,1,1,188224,187648,76983616,76748032
Tuolumne,1,2,Cube_Coup_dt0,1,1,1,187648,188224,76748032,76983616
Tuolumne,1,2,Flan_1565,0,1,1,13128,13128,15215352,15215352
Tuolumne,1,2,Flan_1565,1,1,1,13128,13128,15215352,15215352
Tuolumne,1,2,Queen_4147,0,1,1,260880,261024,6880710000,6884508000
Tuolumne,1,2,Queen_4147,1,1,1,261024,260880,6884508000,6880710000
Tuolumne,1,2,Serena,0,1,1,140144,139120,521615968,517804640
Tuolumne,1,2,Serena,1,1,1,139120,140144,517804640,521615968
Tuolumne,1,2,nd24k,0,1,1,67040,66728,48939200,48711440
Tuolumne,1,2,nd24k,1,1,1,66728,67040,48711440,48939200
Tuolumne,1,2,ldoor,0,1,1,14640,14368,134131680,131639616
Tuolumne,1,2,ldoor,1,1,1,14368,14640,131639616,134131680
Tuolumne,1,4,audikw_1,0,1,1,37176,39696,181009944,193279824
Tuolumne,1,4,audikw_1,1,3,3,85496,84424,416280024,411060456
Tuolumne,1,4,audikw_1,2,2,2,99128,100864,482654232,491106816
Tuolumne,1,4,audikw_1,3,2,2,93632,90448,455894208,440391312
Tuolumne,1,4,Bump_2911,0,3,3,271304,271384,6954064128,6956114688
Tuolumne,1,4,Bump_2911,1,3,3,303952,304616,7790897664,7807917312
Tuolumne,1,4,Bump_2911,2,3,3,330624,328824,8474554368,8428416768
Tuolumne,1,4,Bump_2911,3,3,3,321408,322464,8238329856,8265397248
Tuolumne,1,4,Cube_Coup_dt0,0,3,3,180024,180488,73809840,74000080
Tuolumne,1,4,Cube_Coup_dt0,1,3,3,208808,207704,85611280,85158640
Tuolumne,1,4,Cube_Coup_dt0,2,3,3,186168,186056,76328880,76282960
Tuolumne,1,4,Cube_Coup_dt0,3,3,3,173320,174072,71061200,71369520
Tuolumne,1,4,Flan_1565,0,1,1,12200,12112,14139800,14037808
Tuolumne,1,4,Flan_1565,1,2,2,25240,25328,29253160,29355152
Tuolumne,1,4,Flan_1565,2,1,1,12560,12568,14557040,14566312
Tuolumne,1,4,Flan_1565,3,2,2,25696,25688,29781664,29772392
Tuolumne,1,4,Queen_4147,0,2,2,327248,328768,8547717760,8587420160
Tuolumne,1,4,Queen_4147,1,3,3,364768,363752,9527740160,9501202240
Tuolumne,1,4,Queen_4147,2,2,2,330152,331432,8623570240,8657003840
Tuolumne,1,4,Queen_4147,3,3,3,344056,342272,8986742720,8940144640
Tuolumne,1,4,Serena,0,3,3,157560,156600,587856360,584274600
Tuolumne,1,4,Serena,1,3,3,137384,136888,512579704,510729128
Tuolumne,1,4,Serena,2,3,3,152704,151016,569738624,563440696
Tuolumne,1,4,Serena,3,3,3,124488,127632,464464728,476194992
Tuolumne,1,4,nd24k,0,3,3,73680,71416,53491680,51848016
Tuolumne,1,4,nd24k,1,3,3,68600,70880,49803600,51458880
Tuolumne,1,4,nd24k,2,3,3,68224,68528,49530624,49751328
Tuolumne,1,4,nd24k,3,3,3,70776,70456,51383376,51151056
Tuolumne,1,4,ldoor,0,3,3,15688,15224,144125656,139862888
Tuolumne,1,4,ldoor,1,2,2,11440,11576,105099280,106348712
Tuolumne,1,4,ldoor,2,3,3,16320,16888,149931840,155150056
Tuolumne,1,4,ldoor,3,2,2,14120,13880,129720440,127515560
Tuolumne,2,1,audikw_1,0,1,1,44000,47248,213664000,229436288
Tuolumne,2,1,audikw_1,1,1,1,47248,44000,229436288,213664000
Tuolumne,2,1,Bump_2911,0,1,1,255984,256032,6471787488,6473001024
Tuolumne,2,1,Bump_2911,1,1,1,256032,255984,6473001024,6471787488
Tuolumne,2,1,Cube_Coup_dt0,0,1,1,188224,187648,76983616,76748032
Tuolumne,2,1,Cube_Coup_dt0,1,1,1,187648,188224,76748032,76983616
Tuolumne,2,1,Flan_1565,0,1,1,13128,13128,15215352,15215352
Tuolumne,2,1,Flan_1565,1,1,1,13128,13128,15215352,15215352
Tuolumne,2,1,Queen_4147,0,1,1,260880,261024,6880710000,6884508000
Tuolumne,2,1,Queen_4147,1,1,1,261024,260880,6884508000,6880710000
Tuolumne,2,1,Serena,0,1,1,140144,139120,521615968,517804640
Tuolumne,2,1,Serena,1,1,1,139120,140144,517804640,521615968
Tuolumne,2,1,nd24k,0,1,1,67040,66728,48939200,48711440
Tuolumne,2,1,nd24k,1,1,1,66728,67040,48711440,48939200
Tuolumne,2,1,ldoor,0,1,1,14640,14368,134131680,131639616
Tuolumne,2,1,ldoor,1,1,1,14368,14640,131639616,134131680
Tuolumne,2,2,audikw_1,0,1,1,37176,39696,179485728,191652288
Tuolumne,2,2,audikw_1,1,3,3,85496,84424,412774688,407599072
Tuolumne,2,2,audikw_1,2,2,2,99128,100864,478589984,486971392
Tuolumne,2,2,audikw_1,3,2,2,93632,90448,452055296,436682944
Tuolumne,2,2,Bump_2911,0,3,3,271304,271384,7008596232,7010662872
Tuolumne,2,2,Bump_2911,1,3,3,303952,304616,7851992016,7869145128
Tuolumne,2,2,Bump_2911,2,3,3,330624,328824,8541009792,8494510392
Tuolumne,2,2,Bump_2911,3,3,3,321408,322464,8302932864,8330212512
Tuolumne,2,2,Cube_Coup_dt0,0,3,3,180024,180488,73629816,73819592
Tuolumne,2,2,Cube_Coup_dt0,1,3,3,208808,207704,85402472,84950936
Tuolumne,2,2,Cube_Coup_dt0,2,3,3,186168,186056,76142712,76096904
Tuolumne,2,2,Cube_Coup_dt0,3,3,3,173320,174072,70887880,71195448
Tuolumne,2,2,Flan_1565,0,1,1,12200,12112,14139800,14037808
Tuolumne,2,2,Flan_1565,1,2,2,25240,25328,29253160,29355152
Tuolumne,2,2,Flan_1565,2,1,1,12560,12568,14557040,14566312
Tuolumne,2,2,Flan_1565,3,2,2,25696,25688,29781664,29772392
Tuolumne,2,2,Queen_4147,0,2,2,327248,328768,8712323504,8752790464
Tuolumne,2,2,Queen_4147,1,3,3,364768,363752,9711218464,9684169496
Tuolumne,2,2,Queen_4147,2,2,2,330152,331432,8789636696,8823714136
Tuolumne,2,2,Queen_4147,3,3,3,344056,342272,9159802888,9112307456
Tuolumne,2,2,Serena,0,3,3,157560,156600,587068560,583491600
Tuolumne,2,2,Serena,1,3,3,137384,136888,511892784,510044688
Tuolumne,2,2,Serena,2,3,3,152704,151016,568975104,562685616
Tuolumne,2,2,Serena,3,3,3,124488,127632,463842288,475556832
Tuolumne,2,2,nd24k,0,3,3,73680,71416,53639040,51990848
Tuolumne,2,2,nd24k,1,3,3,68600,70880,49940800,51600640
Tuolumne,2,2,nd24k,2,3,3,68224,68528,49667072,49888384
Tuolumne,2,2,nd24k,3,3,3,70776,70456,51524928,51291968
Tuolumne,2,2,ldoor,0,3,3,15688,15224,143827584,139573632
Tuolumne,2,2,ldoor,1,2,2,11440,11576,104881920,106128768
Tuolumne,2,2,ldoor,2,3,3,16320,16888,149621760,154829184
Tuolumne,2,2,ldoor,3,2,2,14120,13880,129452160,127251840
Tuolumne,2,4,audikw_1,0,2,2,85472,90520,410863904,435129640
Tuolumne,2,4,audikw_1,1,1,1,50824,48296,244310968,232158872
Tuolumne,2,4,audikw_1,2,3,3,93448,93128,449204536,447666296
Tuolumne,2,4,audikw_1,3,2,2,85576,84200,411363832,404749400
Tuolumne,2,4,audikw_1,4,1,1,49584,48576,238350288,233504832
Tuolumne,2,4,audikw_1,5,4,4,140344,140840,674633608,677017880
Tuolumne,2,4,audikw_1,6,3,3,110480,106048,531077360,509772736
Tuolumne,2,4,audikw_1,7,2,2,83968,88088,403634176,423439016
Tuolumne,2,4,Bump_2911,0,4,4,180576,178944,4605049152,4563429888
Tuolumne,2,4,Bump_2911,1,6,6,258848,260608,6601141696,6646025216
Tuolumne,2,4,Bump_2911,2,6,6,228568,227648,5828941136,5805479296
Tuolumne,2,4,Bump_2911,3,7,7,303144,304488,7730778288,7765052976
Tuolumne,2,4,Bump_2911,4,5,5,263472,266424,6719062944,6794344848
Tuolumne,2,4,Bump_2911,5,6,6,305832,305088,7799327664,7780354176
Tuolumne,2,4,Bump_2911,6,7,7,241656,241320,6162711312,6154142640
Tuolumne,2,4,Bump_2911,7,5,5,255120,252696,6506070240,6444253392
Tuolumne,2,4,Cube_Coup_dt0,0,6,6,248728,247944,101729752,101409096
Tuolumne,2,4,Cube_Coup_dt0,1,4,4,140352,140928,57403968,57639552
Tuolumne,2,4,Cube_Coup_dt0,2,4,4,137144,137256,56091896,56137704
Tuolumne,2,4,Cube_Coup_dt0,3,4,4,240368,241936,98310512,98951824
Tuolumne,2,4,Cube_Coup_dt0,4,3,3,125216,125088,51213344,51160992
Tuolumne,2,4,Cube_Coup_dt0,5,6,6,228912,227336,93625008,92980424
Tuolumne,2,4,Cube_Coup_dt0,6,5,5,159384,160264,65188056,65547976
Tuolumne,2,4,Cube_Coup_dt0,7,6,6,223064,222416,91233176,90968144
Tuolumne,2,4,Flan_1565,0,2,2,42856,42776,49627248,49534608
Tuolumne,2,4,Flan_1565,1,1,1,30664,30656,35508912,35499648
Tuolumne,2,4,Flan_1565,2,3,3,58792,58880,68081136,68183040
Tuolumne,2,4,Flan_1565,3,1,1,33552,33552,38853216,38853216
Tuolumne,2,4,Flan_1565,4,3,3,66112,66320,76557696,76798560
Tuolumne,2,4,Flan_1565,5,1,1,39400,39392,45625200,45615936
Tuolumne,2,4,Flan_1565,6,2,2,47344,47144,54824352,54592752
Tuolumne,2,4,Flan_1565,7,1,1,33552,33552,38853216,38853216
Tuolumne,2,4,Queen_4147,0,2,2,199008,200664,5269333824,5313181392
Tuolumne,2,4,Queen_4147,1,4,4,357128,357160,9456035184,9456882480
Tuolumne,2,4,Queen_4147,2,4,4,339928,339848,9000613584,8998495344
Tuolumne,2,4,Queen_4147,3,3,3,212112,210528,5616301536,5574360384
Tuolumne,2,4,Queen_4147,4,4,4,360864,360744,9554956992,9551779632
Tuolumne,2,4,Queen_4147,5,2,2,214568,216256,5681331504,5726026368
Tuolumne,2,4,Queen_4147,6,3,3,244576,243296,6475883328,6441991488
Tuolumne,2,4,Queen_4147,7,4,4,372648,372336,9866973744,9858712608
Tuolumne,2,4,Serena,0,7,7,168072,164424,629429640,615767880
Tuolumne,2,4,Serena,1,6,6,108984,110232,408145080,412818840
Tuolumne,2,4,Serena,2,6,6,126424,126128,473457880,472349360
Tuolumne,2,4,Serena,3,5,5,101152,102368,378814240,383368160
Tuolumne,2,4,Serena,4,7,7,112872,111456,422705640,417402720
Tuolumne,2,4,Serena,5,6,6,159952,160832,599020240,602315840
Tuolumne,2,4,Serena,6,5,5,100704,101904,377136480,381630480
Tuolumne,2,4,Serena,7,6,6,152064,152880,569479680,572535600
Tuolumne,2,4,nd24k,0,7,7,65560,64072,48186600,47092920
Tuolumne,2,4,nd24k,1,7,7,59920,60024,44041200,44117640
Tuolumne,2,4,nd24k,2,7,7,62536,65192,45963960,47916120
Tuolumne,2,4,nd24k,3,7,7,53104,53560,39031440,39366600
Tuolumne,2,4,nd24k,4,7,7,60232,57576,44270520,42318360
Tuolumne,2,4,nd24k,5,7,7,62632,63040,46034520,46334400
Tuolumne,2,4,nd24k,6,7,7,57240,58296,42071400,42847560
Tuolumne,2,4,nd24k,7,7,7,59440,58904,43688400,43294440
Tuolumne,2,4,ldoor,0,2,2,11520,11664,105788160,107110512
Tuolumne,2,4,ldoor,1,6,6,16880,16272,155009040,149425776
Tuolumne,2,4,ldoor,2,3,3,12296,11952,112914168,109755216
Tuolumne,2,4,ldoor,3,2,2,11128,11608,102188424,106596264
Tuolumne,2,4,ldoor,4,4,4,16232,16192,149058456,148691136
Tuolumne,2,4,ldoor,5,3,3,11624,11728,106743192,107698224
Tuolumne,2,4,ldoor,6,4,4,13088,13176,120187104,120995208
Tuolumne,2,4,ldoor,7,2,2,10552,10728,96899016,98515224
Tuolumne,4,1,audikw_1,0,1,1,37176,39696,179485728,191652288
Tuolumne,4,1,audikw_1,1,3,3,85496,84424,412774688,407599072
Tuolumne,4,1,audikw_1,2,2,2,99128,100864,478589984,486971392
Tuolumne,4,1,audikw_1,3,2,2,93632,90448,452055296,436682944
Tuolumne,4,1,Bump_2911,0,3,3,271304,271384,7008596232,7010662872
Tuolumne,4,1,Bump_2911,1,3,3,303952,304616,7851992016,7869145128
Tuolumne,4,1,Bump_2911,2,3,3,330624,328824,8541009792,8494510392
Tuolumne,4,1,Bump_2911,3,3,3,321408,322464,8302932864,8330212512
Tuolumne,4,1,Cube_Coup_dt0,0,3,3,180024,180488,73629816,73819592
Tuolumne,4,1,Cube_Coup_dt0,1,3,3,208808,207704,85402472,84950936
Tuolumne,4,1,Cube_Coup_dt0,2,3,3,186168,186056,76142712,76096904
Tuolumne,4,1,Cube_Coup_dt0,3,3,3,173320,174072,70887880,71195448
Tuolumne,4,1,Flan_1565,0,1,1,12200,12112,14139800,14037808
Tuolumne,4,1,Flan_1565,1,2,2,25240,25328,29253160,29355152
Tuolumne,4,1,Flan_1565,2,1,1,12560,12568,14557040,14566312
Tuolumne,4,1,Flan_1565,3,2,2,25696,25688,29781664,29772392
Tuolumne,4,1,Queen_4147,0,2,2,327248,328768,8712323504,8752790464
Tuolumne,4,1,Queen_4147,1,3,3,364768,363752,9711218464,9684169496
Tuolumne,4,1,Queen_4147,2,2,2,330152,331432,8789636696,8823714136
Tuolumne,4,1,Queen_4147,3,3,3,344056,342272,9159802888,9112307456
Tuolumne,4,1,Serena,0,3,3,157560,156600,587068560,583491600
Tuolumne,4,1,Serena,1,3,3,137384,136888,511892784,510044688
Tuolumne,4,1,Serena,2,3,3,152704,151016,568975104,562685616
Tuolumne,4,1,Serena,3,3,3,124488,127632,463842288,475556832
Tuolumne,4,1,nd24k,0,3,3,73680,71416,53639040,51990848
Tuolumne,4,1,nd24k,1,3,3,68600,70880,49940800,51600640
Tuolumne,4,1,nd24k,2,3,3,68224,68528,49667072,49888384
Tuolumne,4,1,nd24k,3,3,3,70776,70456,51524928,51291968
Tuolumne,4,1,ldoor,0,3,3,15688,15224,143827584,139573632
Tuolumne,4,1,ldoor,1,2,2,11440,11576,104881920,106128768
Tuolumne,4,1,ldoor,2,3,3,16320,16888,149621760,154829184
Tuolumne,4,1,ldoor,3,2,2,14120,13880,129452160,127251840
Tuolumne,4,2,audikw_1,0,2,2,85472,90520,412316928,436668480
Tuolumne,4,2,audikw_1,1,1,1,50824,48296,245174976,232979904
Tuolumne,4,2,audikw_1,2,3,3,93448,93128,450793152,449249472
Tuolumne,4,2,audikw_1,3,2,2,85576,84200,412818624,406180800
Tuolumne,4,2,audikw_1,4,1,1,49584,48576,239193216,234330624
Tuolumne,4,2,audikw_1,5,4,4,140344,140840,677019456,679412160
Tuolumne,4,2,audikw_1,6,3,3,110480,106048,532955520,511575552
Tuolumne,4,2,audikw_1,7,2,2,83968,88088,405061632,424936512
Tuolumne,4,2,Bump_2911,0,4,4,180576,178944,4653262944,4611207936
Tuolumne,4,2,Bump_2911,1,6,6,258848,260608,6670254112,6715607552
Tuolumne,4,2,Bump_2911,2,6,6,228568,227648,5889968792,5866261312
Tuolumne,4,2,Bump_2911,3,7,7,303144,304488,7811717736,7846351272
Tuolumne,4,2,Bump_2911,4,5,5,263472,266424,6789409968,6865480056
Tuolumne,4,2,Bump_2911,5,6,6,305832,305088,7880984808,7861812672
Tuolumne,4,2,Bump_2911,6,7,7,241656,241320,6227233464,6218575080
Tuolumne,4,2,Bump_2911,7,5,5,255120,252696,6574187280,6511723224
Tuolumne,4,2,Cube_Coup_dt0,0,6,6,248728,247944,101729752,101409096
Tuolumne,4,2,Cube_Coup_dt0,1,4,4,140352,140928,57403968,57639552
Tuolumne,4,2,Cube_Coup_dt0,2,4,4,137144,137256,56091896,56137704
Tuolumne,4,2,Cube_Coup_dt0,3,4,4,240368,241936,98310512,98951824
Tuolumne,4,2,Cube_Coup_dt0,4,3,3,125216,125088,51213344,51160992
Tuolumne,4,2,Cube_Coup_dt0,5,6,6,228912,227336,93625008,92980424
Tuolumne,4,2,Cube_Coup_dt0,6,5,5,159384,160264,65188056,65547976
Tuolumne,4,2,Cube_Coup_dt0,7,6,6,223064,222416,91233176,90968144
Tuolumne,4,2,Flan_1565,0,2,2,42856,42776,49670104,49577384
Tuolumne,4,2,Flan_1565,1,1,1,30664,30656,35539576,35530304
Tuolumne,4,2,Flan_1565,2,3,3,58792,58880,68139928,68241920
Tuolumne,4,2,Flan_1565,3,1,1,33552,33552,38886768,38886768
Tuolumne,4,2,Flan_1565,4,3,3,66112,66320,76623808,76864880
Tuolumne,4,2,Flan_1565,5,1,1,39400,39392,45664600,45655328
Tuolumne,4,2,Flan_1565,6,2,2,47344,47144,54871696,54639896
Tuolumne,4,2,Flan_1565,7,1,1,33552,33552,38886768,38886768
Tuolumne,4,2,Queen_4147,0,2,2,199008,200664,5253413184,5297128272
Tuolumne,4,2,Queen_4147,1,4,4,357128,357160,9427464944,9428309680
Tuolumne,4,2,Queen_4147,2,4,4,339928,339848,8973419344,8971307504
Tuolumne,4,2,Queen_4147,3,3,3,212112,210528,5599332576,5557518144
Tuolumne,4,2,Queen_4147,4,4,4,360864,360744,9526087872,9522920112
Tuolumne,4,2,Queen_4147,5,2,2,214568,216256,5664166064,5708725888
Tuolumne,4,2,Queen_4147,6,3,3,244576,243296,6456317248,6422527808
Tuolumne,4,2,Queen_4147,7,4,4,372648,372336,9837161904,9828925728
Tuolumne,4,2,Serena,0,7,7,168072,164424,630774216,617083272
Tuolumne,4,2,Serena,1,6,6,108984,110232,409016952,413700696
Tuolumne,4,2,Serena,2,6,6,126424,126128,474469272,473358384
Tuolumne,4,2,Serena,3,5,5,101152,102368,379623456,384187104
Tuolumne,4,2,Serena,4,7,7,112872,111456,423608616,418294368
Tuolumne,4,2,Serena,5,6,6,159952,160832,600299856,603602496
Tuolumne,4,2,Serena,6,5,5,100704,101904,377942112,382445712
Tuolumne,4,2,Serena,7,6,6,152064,152880,570696192,573758640
Tuolumne,4,2,nd24k,0,7,7,65560,64072,48186600,47092920
Tuolumne,4,2,nd24k,1,7,7,59920,60024,44041200,44117640
Tuolumne,4,2,nd24k,2,7,7,62536,65192,45963960,47916120
Tuolumne,4,2,nd24k,3,7,7,53104,53560,39031440,39366600
Tuolumne,4,2,nd24k,4,7,7,60232,57576,44270520,42318360
Tuolumne,4,2,nd24k,5,7,7,62632,63040,46034520,46334400
Tuolumne,4,2,nd24k,6,7,7,57240,58296,42071400,42847560
Tuolumne,4,2,nd24k,7,7,7,59440,58904,43688400,43294440
Tuolumne,4,2,ldoor,0,2,2,11520,11664,105523200,106842240
Tuolumne,4,2,ldoor,1,6,6,16880,16272,154620800,149051520
Tuolumne,4,2,ldoor,2,3,3,12296,11952,112631360,109480320
Tuolumne,4,2,ldoor,3,2,2,11128,11608,101932480,106329280
Tuolumne,4,2,ldoor,4,4,4,16232,16192,148685120,148318720
Tuolumne,4,2,ldoor,5,3,3,11624,11728,106475840,107428480
Tuolumne,4,2,ldoor,6,4,4,13088,13176,119886080,120692160
Tuolumne,4,2,ldoor,7,2,2,10552,10728,96656320,98268480
Tuolumne,4,4,audikw_1,0,3,3,47168,49048,226170560,235185160
Tuolumne,4,4,audikw_1,1,3,3,77304,80928,370672680,388049760
Tuolumne,4,4,audikw_1,2,3,3,57296,53008,274734320,254173360
Tuolumne,4,4,audikw_1,3,2,2,48968,50272,234801560,241054240
Tuolumne,4,4,audikw_1,4,5,5,78040,80144,374201800,384290480
Tuolumne,4,4,audikw_1,5,6,6,83208,87072,398982360,417510240
Tuolumne,4,4,audikw_1,6,3,3,85792,84992,411372640,407536640
Tuolumne,4,4,audikw_1,7,3,3,97416,90504,467109720,433966680
Tuolumne,4,4,audikw_1,8,3,3,47144,44464,226055480,213204880
Tuolumne,4,4,audikw_1,9,4,4,52288,52880,250720960,253559600
Tuolumne,4,4,audikw_1,10,9,9,122192,117784,585910640,564774280
Tuolumne,4,4,audikw_1,11,5,5,63368,68848,303849560,330126160
Tuolumne,4,4,audikw_1,12,5,5,71592,73896,343283640,354331320
Tuolumne,4,4,audikw_1,13,5,5,89744,86608,430322480,415285360
Tuolumne,4,4,audikw_1,14,7,7,109528,110288,525186760,528830960
Tuolumne,4,4,audikw_1,15,4,4,68400,68712,327978000,329474040
Tuolumne,4,4,Bump_2911,0,9,9,189672,187944,4800598320,4756862640
Tuolumne,4,4,Bump_2911,1,6,6,113400,113208,2870154000,2865294480
Tuolumne,4,4,Bump_2911,2,12,12,198608,199288,5026768480,5043979280
Tuolumne,4,4,Bump_2911,3,10,10,206280,209016,5220946800,5290194960
Tuolumne,4,4,Bump_2911,4,7,7,134232,132240,3397411920,3346994400
Tuolumne,4,4,Bump_2911,5,11,11,212464,214016,5377463840,5416744960
Tuolumne,4,4,Bump_2911,6,11,11,177408,178200,4490196480,4510242000
Tuolumne,4,4,Bump_2911,7,11,11,201504,201936,5100066240,5111000160
Tuolumne,4,4,Bump_2911,8,6,6,146280,146496,3702346800,3707813760
Tuolumne,4,4,Bump_2911,9,12,12,211560,210624,5354583600,5330893440
Tuolumne,4,4,Bump_2911,10,9,9,207504,207240,5251926240,5245244400
Tuolumne,4,4,Bump_2911,11,5,5,156264,156336,3955041840,3956864160
Tuolumne,4,4,Bump_2911,12,9,9,150024,149784,3797107440,3791033040
Tuolumne,4,4,Bump_2911,13,12,12,191088,190056,4836437280,4810317360
Tuolumne,4,4,Bump_2911,14,10,10,186432,187296,4718593920,4740461760
Tuolumne,4,4,Bump_2911,15,8,8,167088,166128,4228997280,4204699680
Tuolumne,4,4,Cube_Coup_dt0,0,7,7,167752,169752,68610568,69428568
Tuolumne,4,4,Cube_Coup_dt0,1,9,9,177424,176176,72566416,72055984
Tuolumne,4,4,Cube_Coup_dt0,2,4,4,110808,110344,45320472,45130696
Tuolumne,4,4,Cube_Coup_dt0,3,4,4,124712,125976,51007208,51524184
Tuolumne,4,4,Cube_Coup_dt0,4,8,8,147752,147672,60430568,60397848
Tuolumne,4,4,Cube_Coup_dt0,5,7,7,178472,177560,72995048,72622040
Tuolumne,4,4,Cube_Coup_dt0,6,4,4,91120,91728,37268080,37516752
Tuolumne,4,4,Cube_Coup_dt0,7,5,5,140584,139608,57498856,57099672
Tuolumne,4,4,Cube_Coup_dt0,8,7,7,171560,171640,70168040,70200760
Tuolumne,4,4,Cube_Coup_dt0,9,7,7,139984,137488,57253456,56232592
Tuolumne,4,4,Cube_Coup_dt0,10,6,6,130296,129896,53291064,53127464
Tuolumne,4,4,Cube_Coup_dt0,11,3,3,96872,96440,39620648,39443960
Tuolumne,4,4,Cube_Coup_dt0,12,9,9,182896,182576,74804464,74673584
Tuolumne,4,4,Cube_Coup_dt0,13,6,6,168032,169472,68725088,69314048
Tuolumne,4,4,Cube_Coup_dt0,14,6,6,137256,139384,56137704,57008056
Tuolumne,4,4,Cube_Coup_dt0,15,4,4,104080,103888,42568720,42490192
Tuolumne,4,4,Flan_1565,0,4,4,46288,46736,53647792,54167024
Tuolumne,4,4,Flan_1565,1,3,3,43104,43632,49957536,50569488
Tuolumne,4,4,Flan_1565,2,3,3,33288,32760,38580792,37968840
Tuolumne,4,4,Flan_1565,3,3,3,31744,31208,36791296,36170072
Tuolumne,4,4,Flan_1565,4,3,3,45984,46248,53295456,53601432
Tuolumne,4,4,Flan_1565,5,4,4,60112,60464,69669808,70077776
Tuolumne,4,4,Flan_1565,6,3,3,31968,31440,37050912,36438960
Tuolumne,4,4,Flan_1565,7,2,2,30936,30936,35854824,35854824
Tuolumne,4,4,Flan_1565,8,3,3,34080,33552,39498720,38886768
Tuolumne,4,4,Flan_1565,9,3,3,35688,35160,41362392,40750440
Tuolumne,4,4,Flan_1565,10,5,5,62200,62648,72089800,72609032
Tuolumne,4,4,Flan_1565,11,3,3,50776,51296,58849384,59452064
Tuolumne,4,4,Flan_1565,12,3,3,44376,44112,51431784,51125808
Tuolumne,4,4,Flan_1565,13,3,3,52408,53024,60740872,61454816
Tuolumne,4,4,Flan_1565,14,3,3,33840,33576,39220560,38914584
Tuolumne,4,4,Flan_1565,15,2,2,32496,32496,37662864,37662864
Tuolumne,4,4,Queen_4147,0,4,4,175920,176160,4594502640,4600770720
Tuolumne,4,4,Queen_4147,1,4,4,179592,181080,4690404264,4729266360
Tuolumne,4,4,Queen_4147,2,9,9,261216,256176,6822178272,6690548592
Tuolumne,4,4,Queen_4147,3,5,5,240776,244984,6288346792,6398247128
Tuolumne,4,4,Queen_4147,4,5,5,193856,193720,5062937152,5059385240
Tuolumne,4,4,Queen_4147,5,7,7,195840,195384,5114753280,5102843928
Tuolumne,4,4,Queen_4147,6,6,6,232368,235200,6068755056,6142718400
Tuolumne,4,4,Queen_4147,7,8,8,263648,262720,6885694816,6861458240
Tuolumne,4,4,Queen_4147,8,8,8,267936,265224,6997684512,6926855208
Tuolumne,4,4,Queen_4147,9,9,9,270048,269688,7052843616,7043441496
Tuolumne,4,4,Queen_4147,10,4,4,191328,194736,4996913376,5085920112
Tuolumne,4,4,Queen_4147,11,5,5,202616,201352,5291722072,5258710184
Tuolumne,4,4,Queen_4147,12,5,5,214616,213448,5605126072,5574621416
Tuolumne,4,4,Queen_4147,13,7,7,305168,301336,7970072656,7869992312
Tuolumne,4,4,Queen_4147,14,7,7,290328,290640,7582496376,7590644880
Tuolumne,4,4,Queen_4147,15,3,3,182184,185592,4758099528,4847106264
Tuolumne,4,4,Serena,0,11,11,118280,118144,443431720,442921856
Tuolumne,4,4,Serena,1,7,7,103912,102392,389566088,383867608
Tuolumne,4,4,Serena,2,6,6,103448,102784,387826552,385337216
Tuolumne,4,4,Serena,3,11,11,66616,68168,249743384,255561832
Tuolumne,4,4,Serena,4,8,8,126200,126088,473123800,472703912
Tuolumne,4,4,Serena,5,8,8,115328,115600,432364672,433384400
Tuolumne,4,4,Serena,6,7,7,28640,28624,107371360,107311376
Tuolumne,4,4,Serena,7,10,10,83600,83368,313416400,312546632
Tuolumne,4,4,Serena,8,9,9,101320,102224,379848680,383237776
Tuolumne,4,4,Serena,9,7,7,122712,122328,460047288,458607672
Tuolumne,4,4,Serena,10,6,6,21944,21208,82268056,79508792
Tuolumne,4,4,Serena,11,12,12,70360,72512,263779640,271847488
Tuolumne,4,4,Serena,12,8,8,96488,97432,361733512,365272568
Tuolumne,4,4,Serena,13,5,5,83224,83672,312006776,313686328
Tuolumne,4,4,Serena,14,11,11,108272,105976,405911728,397304024
Tuolumne,4,4,Serena,15,10,10,132136,131960,495377864,494718040
Tuolumne,4,4,nd24k,0,12,12,59536,56632,44532928,42360736
Tuolumne,4,4,nd24k,1,7,7,44872,47632,33564256,35628736
Tuolumne,4,4,nd24k,2,8,8,44384,43776,33199232,32744448
Tuolumne,4,4,nd24k,3,9,9,47344,48992,35413312,36646016
Tuolumne,4,4,nd24k,4,11,11,53168,52840,39769664,39524320
Tuolumne,4,4,nd24k,5,6,6,41904,46408,31344192,34713184
Tuolumne,4,4,nd24k,6,9,9,52392,49528,39189216,37046944
Tuolumne,4,4,nd24k,7,5,5,37848,41936,28310304,31368128
Tuolumne,4,4,nd24k,8,7,7,35936,41800,26880128,31266400
Tuolumne,4,4,nd24k,9,11,11,60728,54240,45424544,40571520
Tuolumne,4,4,nd24k,10,12,12,59792,56416,44724416,42199168
Tuolumne,4,4,nd24k,11,6,6,40008,40896,29925984,30590208
Tuolumne,4,4,nd24k,12,13,13,58832,55568,44006336,41564864
Tuolumne,4,4,nd24k,13,10,10,47072,46312,35209856,34641376
Tuolumne,4,4,nd24k,14,8,8,49776,50072,37232448,37453856
Tuolumne,4,4,nd24k,15,12,12,52264,52808,39093472,39500384
Tuolumne,4,4,ldoor,0,3,3,11416,11208,105141360,103225680
Tuolumne,4,4,ldoor,1,4,4,11808,12104,108751680,111477840
Tuolumne,4,4,ldoor,2,7,7,12080,12560,111256800,115677600
Tuolumne,4,4,ldoor,3,3,3,11912,10936,109709520,100720560
Tuolumne,4,4,ldoor,4,3,3,9232,9472,85026720,87237120
Tuolumne,4,4,ldoor,5,4,4,10352,10704,95341920,98583840
Tuolumne,4,4,ldoor,6,2,2,10232,9928,94236720,91436880
Tuolumne,4,4,ldoor,7,5,5,12424,12216,114425040,112509360
Tuolumne,4,4,ldoor,8,4,4,15672,15408,144339120,141907680
Tuolumne,4,4,ldoor,9,6,6,10808,11144,99541680,102636240
Tuolumne,4,4,ldoor,10,3,3,11976,12664,110298960,116635440
Tuolumne,4,4,ldoor,11,2,2,11296,11104,104036160,102267840
Tuolumne,4,4,ldoor,12,5,5,14208,15024,130855680,138371040
Tuolumne,4,4,ldoor,13,3,3,11192,10592,103078320,97552320
Tuolumne,4,4,ldoor,14,3,3,10800,9808,99468000,90331680
Tuolumne,4,4,ldoor,15,5,5,13032,13568,120024720,124961280
Tuolumne,8,1,audikw_1,0,2,2,85472,90520,412316928,436668480
Tuolumne,8,1,audikw_1,1,1,1,50824,48296,245174976,232979904
Tuolumne,8,1,audikw_1,2,3,3,93448,93128,450793152,449249472
Tuolumne,8,1,audikw_1,3,2,2,85576,84200,412818624,406180800
Tuolumne,8,1,audikw_1,4,1,1,49584,48576,239193216,234330624
Tuolumne,8,1,audikw_1,5,4,4,140344,140840,677019456,679412160
Tuolumne,8,1,audikw_1,6,3,3,110480,106048,532955520,511575552
Tuolumne,8,1,audikw_1,7,2,2,83968,88088,405061632,424936512
Tuolumne,8,1,Bump_2911,0,4,4,180576,178944,4653262944,4611207936
Tuolumne,8,1,Bump_2911,1,6,6,258848,260608,6670254112,6715607552
Tuolumne,8,1,Bump_2911,2,6,6,228568,227648,5889968792,5866261312
Tuolumne,8,1,Bump_2911,3,7,7,303144,304488,7811717736,7846351272
Tuolumne,8,1,Bump_2911,4,5,5,263472,266424,6789409968,6865480056
Tuolumne,8,1,Bump_2911,5,6,6,305832,305088,7880984808,7861812672
Tuolumne,8,1,Bump_2911,6,7,7,241656,241320,6227233464,6218575080
Tuolumne,8,1,Bump_2911,7,5,5,255120,252696,6574187280,6511723224
Tuolumne,8,1,Cube_Coup_dt0,0,6,6,248728,247944,101729752,101409096
Tuolumne,8,1,Cube_Coup_dt0,1,4,4,140352,140928,57403968,57639552
Tuolumne,8,1,Cube_Coup_dt0,2,4,4,137144,137256,56091896,56137704
Tuolumne,8,1,Cube_Coup_dt0,3,4,4,240368,241936,98310512,98951824
Tuolumne,8,1,Cube_Coup_dt0,4,3,3,125216,125088,51213344,51160992
Tuolumne,8,1,Cube_Coup_dt0,5,6,6,228912,227336,93625008,92980424
Tuolumne,8,1,Cube_Coup_dt0,6,5,5,159384,160264,65188056,65547976
Tuolumne,8,1,Cube_Coup_dt0,7,6,6,223064,222416,91233176,90968144
Tuolumne,8,1,Flan_1565,0,2,2,42856,42776,49670104,49577384
Tuolumne,8,1,Flan_1565,1,1,1,30664,30656,35539576,35530304
Tuolumne,8,1,Flan_1565,2,3,3,58792,58880,68139928,68241920
Tuolumne,8,1,Flan_1565,3,1,1,33552,33552,38886768,38886768
Tuolumne,8,1,Flan_1565,4,3,3,66112,66320,76623808,76864880
Tuolumne,8,1,Flan_1565,5,1,1,39400,39392,45664600,45655328
Tuolumne,8,1,Flan_1565,6,2,2,47344,47144,54871696,54639896
Tuolumne,8,1,Flan_1565,7,1,1,33552,33552,38886768,38886768
Tuolumne,8,1,Queen_4147,0,2,2,199008,200664,5253413184,5297128272
Tuolumne,8,1,Queen_4147,1,4,4,357128,357160,9427464944,9428309680
Tuolumne,8,1,Queen_4147,2,4,4,339928,339848,8973419344,8971307504
Tuolumne,8,1,Queen_4147,3,3,3,212112,210528,5599332576,5557518144
Tuolumne,8,1,Queen_4147,4,4,4,360864,360744,9526087872,9522920112
Tuolumne,8,1,Queen_4147,5,2,2,214568,216256,5664166064,5708725888
Tuolumne,8,1,Queen_4147,6,3,3,244576,243296,6456317248,6422527808
Tuolumne,8,1,Queen_4147,7,4,4,372648,372336,9837161904,9828925728
Tuolumne,8,1,Serena,0,7,7,168072,164424,630774216,617083272
Tuolumne,8,1,Serena,1,6,6,108984,110232,409016952,413700696
Tuolumne,8,1,Serena,2,6,6,126424,126128,474469272,473358384
Tuolumne,8,1,Serena,3,5,5,101152,102368,379623456,384187104
Tuolumne,8,1,Serena,4,7,7,112872,111456,423608616,418294368
Tuolumne,8,1,Serena,5,6,6,159952,160832,600299856,603602496
Tuolumne,8,1,Serena,6,5,5,100704,101904,377942112,382445712
Tuolumne,8,1,Serena,7,6,6,152064,152880,570696192,573758640
Tuolumne,8,1,nd24k,0,7,7,65560,64072,48186600,47092920
Tuolumne,8,1,nd24k,1,7,7,59920,60024,44041200,44117640
Tuolumne,8,1,nd24k,2,7,7,62536,65192,45963960,47916120
Tuolumne,8,1,nd24k,3,7,7,53104,53560,39031440,39366600
Tuolumne,8,1,nd24k,4,7,7,60232,57576,44270520,42318360
Tuolumne,8,1,nd24k,5,7,7,62632,63040,46034520,46334400
Tuolumne,8,1,nd24k,6,7,7,57240,58296,42071400,42847560
Tuolumne,8,1,nd24k,7,7,7,59440,58904,43688400,43294440
Tuolumne,8,1,ldoor,0,2,2,11520,11664,105523200,106842240
Tuolumne,8,1,ldoor,1,6,6,16880,16272,154620800,149051520
Tuolumne,8,1,ldoor,2,3,3,12296,11952,112631360,109480320
Tuolumne,8,1,ldoor,3,2,2,11128,11608,101932480,106329280
Tuolumne,8,1,ldoor,4,4,4,16232,16192,148685120,148318720
Tuolumne,8,1,ldoor,5,3,3,11624,11728,106475840,107428480
Tuolumne,8,1,ldoor,6,4,4,13088,13176,119886080,120692160
Tuolumne,8,1,ldoor,7,2,2,10552,10728,96656320,98268480
Tuolumne,8,2,audikw_1,0,3,3,47168,49048,226029056,235038016
Tuolumne,8,2,audikw_1,1,3,3,77304,80928,370440768,387806976
Tuolumne,8,2,audikw_1,2,3,3,57296,53008,274562432,254014336
Tuolumne,8,2,audikw_1,3,2,2,48968,50272,234654656,240903424
Tuolumne,8,2,audikw_1,4,5,5,78040,80144,373967680,384050048
Tuolumne,8,2,audikw_1,5,6,6,83208,87072,398732736,417249024
Tuolumne,8,2,audikw_1,6,3,3,85792,84992,411115264,407281664
Tuolumne,8,2,audikw_1,7,3,3,97416,90504,466817472,433695168
Tuolumne,8,2,audikw_1,8,3,3,47144,44464,225914048,213071488
Tuolumne,8,2,audikw_1,9,4,4,52288,52880,250564096,253400960
Tuolumne,8,2,audikw_1,10,9,9,122192,117784,585544064,564420928
Tuolumne,8,2,audikw_1,11,5,5,63368,68848,303659456,329919616
Tuolumne,8,2,audikw_1,12,5,5,71592,73896,343068864,354109632
Tuolumne,8,2,audikw_1,13,5,5,89744,86608,430053248,415025536
Tuolumne,8,2,audikw_1,14,7,7,109528,110288,524858176,528500096
Tuolumne,8,2,audikw_1,15,4,4,68400,68712,327772800,329267904
Tuolumne,8,2,Bump_2911,0,9,9,189672,187944,4931472000,4886544000
Tuolumne,8,2,Bump_2911,1,6,6,113400,113208,2948400000,2943408000
Tuolumne,8,2,Bump_2911,2,12,12,198608,199288,5163808000,5181488000
Tuolumne,8,2,Bump_2911,3,10,10,206280,209016,5363280000,5434416000
Tuolumne,8,2,Bump_2911,4,7,7,134232,132240,3490032000,3438240000
Tuolumne,8,2,Bump_2911,5,11,11,212464,214016,5524064000,5564416000
Tuolumne,8,2,Bump_2911,6,11,11,177408,178200,4612608000,4633200000
Tuolumne,8,2,Bump_2911,7,11,11,201504,201936,5239104000,5250336000
Tuolumne,8,2,Bump_2911,8,6,6,146280,146496,3803280000,3808896000
Tuolumne,8,2,Bump_2911,9,12,12,211560,210624,5500560000,5476224000
Tuolumne,8,2,Bump_2911,10,9,9,207504,207240,5395104000,5388240000
Tuolumne,8,2,Bump_2911,11,5,5,156264,156336,4062864000,4064736000
Tuolumne,8,2,Bump_2911,12,9,9,150024,149784,3900624000,3894384000
Tuolumne,8,2,Bump_2911,13,12,12,191088,190056,4968288000,4941456000
Tuolumne,8,2,Bump_2911,14,10,10,186432,187296,4847232000,4869696000
Tuolumne,8,2,Bump_2911,15,8,8,167088,166128,4344288000,4319328000
Tuolumne,8,2,Cube_Coup_dt0,0,7,7,167752,169752,68610568,69428568
Tuolumne,8,2,Cube_Coup_dt0,1,9,9,177424,176176,72566416,72055984
Tuolumne,8,2,Cube_Coup_dt0,2,4,4,110808,110344,45320472,45130696
Tuolumne,8,2,Cube_Coup_dt0,3,4,4,124712,125976,51007208,51524184
Tuolumne,8,2,Cube_Coup_dt0,4,8,8,147752,147672,60430568,60397848
Tuolumne,8,2,Cube_Coup_dt0,5,7,7,178472,177560,72995048,72622040
Tuolumne,8,2,Cube_Coup_dt0,6,4,4,91120,91728,37268080,37516752
Tuolumne,8,2,Cube_Coup_dt0,7,5,5,140584,139608,57498856,57099672
Tuolumne,8,2,Cube_Coup_dt0,8,7,7,171560,171640,70168040,70200760
Tuolumne,8,2,Cube_Coup_dt0,9,7,7,139984,137488,57253456,56232592
Tuolumne,8,2,Cube_Coup_dt0,10,6,6,130296,129896,53291064,53127464
Tuolumne,8,2,Cube_Coup_dt0,11,3,3,96872,96440,39620648,39443960
Tuolumne,8,2,Cube_Coup_dt0,12,9,9,182896,182576,74804464,74673584
Tuolumne,8,2,Cube_Coup_dt0,13,6,6,168032,169472,68725088,69314048
Tuolumne,8,2,Cube_Coup_dt0,14,6,6,137256,139384,56137704,57008056
Tuolumne,8,2,Cube_Coup_dt0,15,4,4,104080,103888,42568720,42490192
Tuolumne,8,2,Flan_1565,0,4,4,46288,46736,53508928,54026816
Tuolumne,8,2,Flan_1565,1,3,3,43104,43632,49828224,50438592
Tuolumne,8,2,Flan_1565,2,3,3,33288,32760,38480928,37870560
Tuolumne,8,2,Flan_1565,3,3,3,31744,31208,36696064,36076448
Tuolumne,8,2,Flan_1565,4,3,3,45984,46248,53157504,53462688
Tuolumne,8,2,Flan_1565,5,4,4,60112,60464,69489472,69896384
Tuolumne,8,2,Flan_1565,6,3,3,31968,31440,36955008,36344640
Tuolumne,8,2,Flan_1565,7,2,2,30936,30936,35762016,35762016
Tuolumne,8,2,Flan_1565,8,3,3,34080,33552,39396480,38786112
Tuolumne,8,2,Flan_1565,9,3,3,35688,35160,41255328,40644960
Tuolumne,8,2,Flan_1565,10,5,5,62200,62648,71903200,72421088
Tuolumne,8,2,Flan_1565,11,3,3,50776,51296,58697056,59298176
Tuolumne,8,2,Flan_1565,12,3,3,44376,44112,51298656,50993472
Tuolumne,8,2,Flan_1565,13,3,3,52408,53024,60583648,61295744
Tuolumne,8,2,Flan_1565,14,3,3,33840,33576,39119040,38813856
Tuolumne,8,2,Flan_1565,15,2,2,32496,32496,37565376,37565376
Tuolumne,8,2,Queen_4147,0,4,4,175920,176160,4635316080,4641639840
Tuolumne,8,2,Queen_4147,1,4,4,179592,181080,4732069608,4771276920
Tuolumne,8,2,Queen_4147,2,9,9,261216,256176,6882780384,6749981424
Tuolumne,8,2,Queen_4147,3,5,5,240776,244984,6344206824,6455083416
Tuolumne,8,2,Queen_4147,4,5,5,193856,193720,5107911744,5104328280
Tuolumne,8,2,Queen_4147,5,7,7,195840,195384,5160188160,5148173016
Tuolumne,8,2,Queen_4147,6,6,6,232368,235200,6122664432,6197284800
Tuolumne,8,2,Queen_4147,7,8,8,263648,262720,6946861152,6922409280
Tuolumne,8,2,Queen_4147,8,8,8,267936,265224,7059845664,6988387176
Tuolumne,8,2,Queen_4147,9,9,9,270048,269688,7115494752,7106009112
Tuolumne,8,2,Queen_4147,10,4,4,191328,194736,5041301472,5131098864
Tuolumne,8,2,Queen_4147,11,5,5,202616,201352,5338728984,5305423848
Tuolumne,8,2,Queen_4147,12,5,5,214616,213448,5654916984,5624141352
Tuolumne,8,2,Queen_4147,13,7,7,305168,301336,8040871632,7939902264
Tuolumne,8,2,Queen_4147,14,7,7,290328,290640,7649852472,7658073360
Tuolumne,8,2,Queen_4147,15,3,3,182184,185592,4800366216,4890163608
Tuolumne,8,2,Serena,0,11,11,118280,118144,439410200,438904960
Tuolumne,8,2,Serena,1,7,7,103912,102392,386033080,380386280
Tuolumne,8,2,Serena,2,6,6,103448,102784,384309320,381842560
Tuolumne,8,2,Serena,3,11,11,66616,68168,247478440,253244120
Tuolumne,8,2,Serena,4,8,8,126200,126088,468833000,468416920
Tuolumne,8,2,Serena,5,8,8,115328,115600,428443520,429454000
Tuolumne,8,2,Serena,6,7,7,28640,28624,106397600,106338160
Tuolumne,8,2,Serena,7,10,10,83600,83368,310574000,309712120
Tuolumne,8,2,Serena,8,9,9,101320,102224,376403800,379762160
Tuolumne,8,2,Serena,9,7,7,122712,122328,455875080,454448520
Tuolumne,8,2,Serena,10,6,6,21944,21208,81521960,78787720
Tuolumne,8,2,Serena,11,12,12,70360,72512,261387400,269382080
Tuolumne,8,2,Serena,12,8,8,96488,97432,358452920,361959880
Tuolumne,8,2,Serena,13,5,5,83224,83672,309177160,310841480
Tuolumne,8,2,Serena,14,11,11,108272,105976,402230480,393700840
Tuolumne,8,2,Serena,15,10,10,132136,131960,490885240,490231400
Tuolumne,8,2,nd24k,0,12,12,59536,56632,43758960,41624520
Tuolumne,8,2,nd24k,1,7,7,44872,47632,32980920,35009520
Tuolumne,8,2,nd24k,2,8,8,44384,43776,32622240,32175360
Tuolumne,8,2,nd24k,3,9,9,47344,48992,34797840,36009120
Tuolumne,8,2,nd24k,4,11,11,53168,52840,39078480,38837400
Tuolumne,8,2,nd24k,5,6,6,41904,46408,30799440,34109880
Tuolumne,8,2,nd24k,6,9,9,52392,49528,38508120,36403080
Tuolumne,8,2,nd24k,7,5,5,37848,41936,27818280,30822960
Tuolumne,8,2,nd24k,8,7,7,35936,41800,26412960,30723000
Tuolumne,8,2,nd24k,9,11,11,60728,54240,44635080,39866400
Tuolumne,8,2,nd24k,10,12,12,59792,56416,43947120,41465760
Tuolumne,8,2,nd24k,11,6,6,40008,40896,29405880,30058560
Tuolumne,8,2,nd24k,12,13,13,58832,55568,43241520,40842480
Tuolumne,8,2,nd24k,13,10,10,47072,46312,34597920,34039320
Tuolumne,8,2,nd24k,14,8,8,49776,50072,36585360,36802920
Tuolumne,8,2,nd24k,15,12,12,52264,52808,38414040,38813880
Tuolumne,8,2,ldoor,0,3,3,11416,11208,104890208,102979104
Tuolumne,8,2,ldoor,1,4,4,11808,12104,108491904,111211552
Tuolumne,8,2,ldoor,2,7,7,12080,12560,110991040,115401280
Tuolumne,8,2,ldoor,3,3,3,11912,10936,109447456,100479968
Tuolumne,8,2,ldoor,4,3,3,9232,9472,84823616,87028736
Tuolumne,8,2,ldoor,5,4,4,10352,10704,95114176,98348352
Tuolumne,8,2,ldoor,6,2,2,10232,9928,94011616,91218464
Tuolumne,8,2,ldoor,7,5,5,12424,12216,114151712,112240608
Tuolumne,8,2,ldoor,8,4,4,15672,15408,143994336,141568704
Tuolumne,8,2,ldoor,9,6,6,10808,11144,99303904,102391072
Tuolumne,8,2,ldoor,10,3,3,11976,12664,110035488,116356832
Tuolumne,8,2,ldoor,11,2,2,11296,11104,103787648,102023552
Tuolumne,8,2,ldoor,12,5,5,14208,15024,130543104,138040512
Tuolumne,8,2,ldoor,13,3,3,11192,10592,102832096,97319296
Tuolumne,8,2,ldoor,14,3,3,10800,9808,99230400,90115904
Tuolumne,8,2,ldoor,15,5,5,13032,13568,119738016,124662784
Tuolumne,8,4,audikw_1,0,3,3,31104,31440,150885504,152515440
Tuolumne,8,4,audikw_1,1,5,5,50632,52096,245615832,252717696
Tuolumne,8,4,audikw_1,2,5,5,59088,59664,286635888,289430064
Tuolumne,8,4,audikw_1,3,5,5,54720,57888,265446720,280814688
Tuolumne,8,4,audikw_1,4,5,5,55496,57296,269211096,277942896
Tuolumne,8,4,audikw_1,5,3,3,32664,32184,158453064,156124584
Tuolumne,8,4,audikw_1,6,2,2,32856,32880,159384456,159500880
Tuolumne,8,4,audikw_1,7,5,5,59064,53736,286519464,260673336
Tuolumne,8,4,audikw_1,8,5,5,60224,61360,292146624,297657360
Tuolumne,8,4,audikw_1,9,4,4,57192,59448,277438392,288382248
Tuolumne,8,4,audikw_1,10,5,5,64232,60160,311589432,291836160
Tuolumne,8,4,audikw_1,11,9,9,81440,78472,395065440,380667672
Tuolumne,8,4,audikw_1,12,7,7,59096,58768,286674696,285083568
Tuolumne,8,4,audikw_1,13,5,5,51600,55320,250311600,268357320
Tuolumne,8,4,audikw_1,14,5,5,63864,62592,309804264,303633792
Tuolumne,8,4,audikw_1,15,8,8,74208,74952,359983008,363592152
Tuolumne,8,4,audikw_1,16,6,6,45728,45904,221826528,222680304
Tuolumne,8,4,audikw_1,17,8,8,88760,81048,430574760,393163848
Tuolumne,8,4,audikw_1,18,3,3,39728,40840,192720528,198114840
Tuolumne,8,4,audikw_1,19,6,6,60168,61720,291874968,299403720
Tuolumne,8,4,audikw_1,20,11,11,81992,80656,397743192,391262256
Tuolumne,8,4,audikw_1,21,9,9,90576,92880,439384176,450560880
Tuolumne,8,4,audikw_1,22,4,4,41616,40800,201879216,197920800
Tuolumne,8,4,audikw_1,23,5,5,43680,44448,211891680,215617248
Tuolumne,8,4,audikw_1,24,3,3,29376,28728,142502976,139359528
Tuolumne,8,4,audikw_1,25,5,5,50528,50008,245111328,242588808
Tuolumne,8,4,audikw_1,26,6,6,54872,58456,266184072,283570056
Tuolumne,8,4,audikw_1,27,11,11,89240,87280,432903240,423395280
Tuolumne,8,4,audikw_1,28,4,4,42336,41232,205371936,200016432
Tuolumne,8,4,audikw_1,29,2,2,27312,27408,132490512,132956208
Tuolumne,8,4,audikw_1,30,8,8,65424,66456,317371824,322378056
Tuolumne,8,4,audikw_1,31,6,6,58592,61288,284229792,297308088
Tuolumne,8,4,Bump_2911,0,14,14,125496,125424,3114183240,3112396560
Tuolumne,8,4,Bump_2911,1,11,11,116736,116160,2896803840,2882510400
Tuolumne,8,4,Bump_2911,2,6,6,84000,84888,2084460000,2106495720
Tuolumne,8,4,Bump_2911,3,7,7,78960,78816,1959392400,1955819040
Tuolumne,8,4,Bump_2911,4,15,15,165552,166800,4108172880,4139142000
Tuolumne,8,4,Bump_2911,5,10,10,127056,125904,3152894640,3124307760
Tuolumne,8,4,Bump_2911,6,6,6,108792,110328,2699673480,2737789320
Tuolumne,8,4,Bump_2911,7,14,14,152576,152920,3786173440,3794709800
Tuolumne,8,4,Bump_2911,8,14,14,151296,149040,3754410240,3698427600
Tuolumne,8,4,Bump_2911,9,9,9,125376,126312,3111205440,3134432280
Tuolumne,8,4,Bump_2911,10,13,13,129216,129000,3206495040,3201135000
Tuolumne,8,4,Bump_2911,11,11,11,139632,142752,3464968080,3542390880
Tuolumne,8,4,Bump_2911,12,14,14,146040,144792,3623982600,3593013480
Tuolumne,8,4,Bump_2911,13,12,12,139048,141008,3450476120,3499113520
Tuolumne,8,4,Bump_2911,14,10,10,104520,102648,2593663800,2547210120
Tuolumne,8,4,Bump_2911,15,9,9,103680,103344,2572819200,2564481360
Tuolumne,8,4,Bump_2911,16,8,8,103008,103008,2556143520,2556143520
Tuolumne,8,4,Bump_2911,17,7,7,97512,98712,2419760280,2449538280
Tuolumne,8,4,Bump_2911,18,12,12,121680,122712,3019489200,3045098280
Tuolumne,8,4,Bump_2911,19,11,11,139488,138840,3461394720,3445314600
Tuolumne,8,4,Bump_2911,20,13,13,131608,129992,3265852520,3225751480
Tuolumne,8,4,Bump_2911,21,11,11,110640,111384,2745531600,2763993960
Tuolumne,8,4,Bump_2911,22,12,12,112368,110640,2788411920,2745531600
Tuolumne,8,4,Bump_2911,23,11,11,118896,117864,2950404240,2924795160
Tuolumne,8,4,Bump_2911,24,8,8,100464,100560,2493014160,2495396400
Tuolumne,8,4,Bump_2911,25,12,12,131832,130728,3271411080,3244015320
Tuolumne,8,4,Bump_2911,26,8,8,117720,118536,2921221800,2941470840
Tuolumne,8,4,Bump_2911,27,15,15,136832,136960,3395486080,3398662400
Tuolumne,8,4,Bump_2911,28,14,14,155640,155520,3862206600,3859228800
Tuolumne,8,4,Bump_2911,29,8,8,107784,107256,2674659960,2661557640
Tuolumne,8,4,Bump_2911,30,12,12,136032,136680,3375634080,3391714200
Tuolumne,8,4,Bump_2911,31,11,11,122208,122160,3032591520,3031400400
Tuolumne,8,4,Cube_Coup_dt0,0,9,9,116992,117216,47849728,47941344
Tuolumne,8,4,Cube_Coup_dt0,1,8,8,120808,120824,49410472,49417016
Tuolumne,8,4,Cube_Coup_dt0,2,14,14,125072,125008,51154448,51128272
Tuolumne,8,4,Cube_Coup_dt0,3,10,10,108288,108320,44289792,44302880
Tuolumne,8,4,Cube_Coup_dt0,4,6,6,114440,114512,46805960,46835408
Tuolumne,8,4,Cube_Coup_dt0,5,7,7,89320,89144,36531880,36459896
Tuolumne,8,4,Cube_Coup_dt0,6,7,7,77200,75736,31574800,30976024
Tuolumne,8,4,Cube_Coup_dt0,7,5,5,78368,79936,32052512,32693824
Tuolumne,8,4,Cube_Coup_dt0,8,5,5,75016,75064,30681544,30701176
Tuolumne,8,4,Cube_Coup_dt0,9,5,5,64712,64920,26467208,26552280
Tuolumne,8,4,Cube_Coup_dt0,10,9,9,106528,107040,43569952,43779360
Tuolumne,8,4,Cube_Coup_dt0,11,8,8,106440,105528,43533960,43160952
Tuolumne,8,4,Cube_Coup_dt0,12,7,7,96192,97408,39342528,39839872
Tuolumne,8,4,Cube_Coup_dt0,13,12,12,121064,119832,49515176,49011288
Tuolumne,8,4,Cube_Coup_dt0,14,10,10,98792,97952,40405928,40062368
Tuolumne,8,4,Cube_Coup_dt0,15,10,10,121664,122808,49760576,50228472
Tuolumne,8,4,Cube_Coup_dt0,16,10,10,122384,123024,50055056,50316816
Tuolumne,8,4,Cube_Coup_dt0,17,9,9,120512,120960,49289408,49472640
Tuolumne,8,4,Cube_Coup_dt0,18,8,8,106016,105600,43360544,43190400
Tuolumne,8,4,Cube_Coup_dt0,19,10,10,125288,124376,51242792,50869784
Tuolumne,8,4,Cube_Coup_dt0,20,6,6,77296,78544,31614064,32124496
Tuolumne,8,4,Cube_Coup_dt0,21,9,9,117640,116760,48114760,47754840
Tuolumne,8,4,Cube_Coup_dt0,22,4,4,71592,71224,29281128,29130616
Tuolumne,8,4,Cube_Coup_dt0,23,6,6,81248,81760,33230432,33439840
Tuolumne,8,4,Cube_Coup_dt0,24,5,5,68096,68512,27851264,28021408
Tuolumne,8,4,Cube_Coup_dt0,25,6,6,78696,78648,32186664,32167032
Tuolumne,8,4,Cube_Coup_dt0,26,9,9,101160,101200,41374440,41390800
Tuolumne,8,4,Cube_Coup_dt0,27,8,8,90880,90720,37169920,37104480
Tuolumne,8,4,Cube_Coup_dt0,28,10,10,104456,103384,42722504,42284056
Tuolumne,8,4,Cube_Coup_dt0,29,7,7,91040,91648,37235360,37484032
Tuolumne,8,4,Cube_Coup_dt0,30,9,9,102432,103232,41894688,42221888
Tuolumne,8,4,Cube_Coup_dt0,31,14,14,134928,133720,55185552,54691480
Tuolumne,8,4,Flan_1565,0,5,5,38560,38384,44691040,44487056
Tuolumne,8,4,Flan_1565,1,5,5,33240,33864,38525160,39248376
Tuolumne,8,4,Flan_1565,2,4,4,35664,35664,41334576,41334576
Tuolumne,8,4,Flan_1565,3,4,4,32832,32832,38052288,38052288
Tuolumne,8,4,Flan_1565,4,3,3,34896,35424,40444464,41056416
Tuolumne,8,4,Flan_1565,5,4,4,31704,31704,36744936,36744936
Tuolumne,8,4,Flan_1565,6,3,3,33840,33312,39220560,38608608
Tuolumne,8,4,Flan_1565,7,3,3,32800,32264,38015200,37393976
Tuolumne,8,4,Flan_1565,8,6,6,49392,49632,57245328,57523488
Tuolumne,8,4,Flan_1565,9,7,7,47320,46808,54843880,54250472
Tuolumne,8,4,Flan_1565,10,3,3,34368,34632,39832512,40138488
Tuolumne,8,4,Flan_1565,11,4,4,34656,33864,40166304,39248376
Tuolumne,8,4,Flan_1565,12,4,4,33888,33720,39276192,39081480
Tuolumne,8,4,Flan_1565,13,3,3,33840,34344,39220560,39804696
Tuolumne,8,4,Flan_1565,14,4,4,41600,42304,48214400,49030336
Tuolumne,8,4,Flan_1565,15,5,5,35344,35192,40963696,40787528
Tuolumne,8,4,Flan_1565,16,5,5,40032,39984,46397088,46341456
Tuolumne,8,4,Flan_1565,17,4,4,52120,52352,60407080,60675968
Tuolumne,8,4,Flan_1565,18,3,3,40704,40440,47175936,46869960
Tuolumne,8,4,Flan_1565,19,4,4,37872,38160,43893648,44227440
Tuolumne,8,4,Flan_1565,20,2,2,31728,31728,36772752,36772752
Tuolumne,8,4,Flan_1565,21,2,2,33592,33584,38933128,38923856
Tuolumne,8,4,Flan_1565,22,2,2,31464,31464,36466776,36466776
Tuolumne,8,4,Flan_1565,23,3,3,36984,36984,42864456,42864456
Tuolumne,8,4,Flan_1565,24,3,3,34344,34080,39804696,39498720
Tuolumne,8,4,Flan_1565,25,3,3,34632,34104,40138488,39526536
Tuolumne,8,4,Flan_1565,26,4,4,31728,31992,36772752,37078728
Tuolumne,8,4,Flan_1565,27,3,3,34368,34632,39832512,40138488
Tuolumne,8,4,Flan_1565,28,5,5,37560,37296,43532040,43226064
Tuolumne,8,4,Flan_1565,29,7,7,44392,44168,51450328,51190712
Tuolumne,8,4,Flan_1565,30,6,6,43928,43936,50912552,50921824
Tuolumne,8,4,Flan_1565,31,3,3,36472,37016,42271048,42901544
Tuolumne,8,4,Queen_4147,0,8,8,142152,140352,3760489008,3712871808
Tuolumne,8,4,Queen_4147,1,6,6,104568,103992,2766241872,2751004368
Tuolumne,8,4,Queen_4147,2,8,8,161688,163128,4277294352,4315388112
Tuolumne,8,4,Queen_4147,3,4,4,112536,114576,2977027344,3030993504
Tuolumne,8,4,Queen_4147,4,8,8,184032,182616,4868382528,4830923664
Tuolumne,8,4,Queen_4147,5,11,11,180024,175848,4762354896,4651882992
Tuolumne,8,4,Queen_4147,6,8,8,135168,135408,3575734272,3582083232
Tuolumne,8,4,Queen_4147,7,11,11,188288,188968,4980970752,4998959472
Tuolumne,8,4,Queen_4147,8,5,5,128424,129168,3397328496,3417010272
Tuolumne,8,4,Queen_4147,9,10,10,180408,178680,4772513232,4726800720
Tuolumne,8,4,Queen_4147,10,8,8,164664,165648,4356021456,4382052192
Tuolumne,8,4,Queen_4147,11,7,7,109616,108856,2899781664,2879676624
Tuolumne,8,4,Queen_4147,12,12,12,200160,198288,5295032640,5245510752
Tuolumne,8,4,Queen_4147,13,9,9,142728,142104,3775726512,3759219216
Tuolumne,8,4,Queen_4147,14,12,12,216144,218280,5717873376,5774379120
Tuolumne,8,4,Queen_4147,15,9,9,170504,170608,4510512816,4513264032
Tuolumne,8,4,Queen_4147,16,6,6,181848,185136,4810606992,4897587744
Tuolumne,8,4,Queen_4147,17,12,12,261144,261504,6908303376,6917826816
Tuolumne,8,4,Queen_4147,18,9,9,201312,204648,5325507648,5413758192
Tuolumne,8,4,Queen_4147,19,7,7,161808,163944,4280468832,4336974576
Tuolumne,8,4,Queen_4147,20,5,5,117328,118432,3103794912,3133000128
Tuolumne,8,4,Queen_4147,21,11,11,213264,208800,5641685856,5523595200
Tuolumne,8,4,Queen_4147,22,6,6,108264,109224,2864015856,2889411696
Tuolumne,8,4,Queen_4147,23,9,9,204504,203808,5409948816,5391536832
Tuolumne,8,4,Queen_4147,24,14,14,198264,195120,5244875856,5161704480
Tuolumne,8,4,Queen_4147,25,8,8,137768,138496,3644514672,3663773184
Tuolumne,8,4,Queen_4147,26,8,8,153640,153960,4064392560,4072857840
Tuolumne,8,4,Queen_4147,27,5,5,105008,105256,2777881632,2784442224
Tuolumne,8,4,Queen_4147,28,8,8,137376,140688,3634144704,3721760352
Tuolumne,8,4,Queen_4147,29,12,12,190824,189312,5048058096,5008059648
Tuolumne,8,4,Queen_4147,30,9,9,145680,146232,3853818720,3868421328
Tuolumne,8,4,Queen_4147,31,7,7,105072,103128,2779574688,2728148112
Tuolumne,8,4,Serena,0,15,15,78944,79168,293829568,294663296
Tuolumne,8,4,Serena,1,11,11,74976,74568,279060672,277542096
Tuolumne,8,4,Serena,2,10,10,61616,61552,229334752,229096544
Tuolumne,8,4,Serena,3,12,12,87584,86848,325987648,323248256
Tuolumne,8,4,Serena,4,16,16,33744,34464,125595168,128275008
Tuolumne,8,4,Serena,5,6,6,50432,49888,187707904,185683136
Tuolumne,8,4,Serena,6,11,11,74528,74944,277393216,278941568
Tuolumne,8,4,Serena,7,10,10,70880,71104,263815360,264649088
Tuolumne,8,4,Serena,8,11,11,80376,79872,299159472,297283584
Tuolumne,8,4,Serena,9,6,6,55784,56752,207628048,211230944
Tuolumne,8,4,Serena,10,9,9,85720,85096,319049840,316727312
Tuolumne,8,4,Serena,11,9,9,61128,60808,227518416,226327376
Tuolumne,8,4,Serena,12,2,2,12600,12984,46897200,48326448
Tuolumne,8,4,Serena,13,15,15,42768,41544,159182496,154626768
Tuolumne,8,4,Serena,14,12,12,64064,62536,238446208,232758992
Tuolumne,8,4,Serena,15,14,14,73080,75864,272003760,282365808
Tuolumne,8,4,Serena,16,9,9,63224,62896,235319728,234098912
Tuolumne,8,4,Serena,17,11,11,36288,38184,135063936,142120848
Tuolumne,8,4,Serena,18,10,10,68104,68480,253483088,254882560
Tuolumne,8,4,Serena,19,14,14,80856,81432,300946032,303089904
Tuolumne,8,4,Serena,20,10,10,55080,54144,205007760,201523968
Tuolumne,8,4,Serena,21,10,10,76784,76024,285790048,282961328
Tuolumne,8,4,Serena,22,8,8,70824,70104,263606928,260927088
Tuolumne,8,4,Serena,23,13,13,91352,90232,340012144,335843504
Tuolumne,8,4,Serena,24,5,5,50864,52576,189315808,195687872
Tuolumne,8,4,Serena,25,10,10,67368,66672,250743696,248153184
Tuolumne,8,4,Serena,26,11,11,84976,83608,316280672,311188976
Tuolumne,8,4,Serena,27,12,12,70824,72136,263606928,268490192
Tuolumne,8,4,Serena,28,2,2,11552,11728,42996544,43651616
Tuolumne,8,4,Serena,29,15,15,32264,30976,120086608,115292672
Tuolumne,8,4,Serena,30,14,14,73520,75016,273641440,279209552
Tuolumne,8,4,Serena,31,13,13,79968,79872,297640896,297283584
Tuolumne,8,4,nd24k,0,15,15,50048,48776,36434944,35508928
Tuolumne,8,4,nd24k,1,11,11,33360,32656,24286080,23773568
Tuolumne,8,4,nd24k,2,13,13,35048,42080,25514944,30634240
Tuolumne,8,4,nd24k,3,7,7,31808,29944,23156224,21799232
Tuolumne,8,4,nd24k,4,15,15,47600,47592,34652800,34646976
Tuolumne,8,4,nd24k,5,8,8,27992,25528,20378176,18584384
Tuolumne,8,4,nd24k,6,9,9,30688,32488,22340864,23651264
Tuolumne,8,4,nd24k,7,11,11,36936,37896,26889408,27588288
Tuolumne,8,4,nd24k,8,14,14,42144,44352,30680832,32288256
Tuolumne,8,4,nd24k,9,8,8,29936,27512,21793408,20028736
Tuolumne,8,4,nd24k,10,9,9,27520,29680,20034560,21607040
Tuolumne,8,4,nd24k,11,11,11,40528,41584,29504384,30273152
Tuolumne,8,4,nd24k,12,11,11,40240,38560,29294720,28071680
Tuolumne,8,4,nd24k,13,7,7,30528,32992,22224384,24018176
Tuolumne,8,4,nd24k,14,8,8,27840,28248,20267520,20564544
Tuolumne,8,4,nd24k,15,19,19,52632,51032,38316096,37151296
Tuolumne,8,4,nd24k,16,7,7,27120,30496,19743360,22201088
Tuolumne,8,4,nd24k,17,10,10,40280,36992,29323840,26930176
Tuolumne,8,4,nd24k,18,14,14,43824,44704,31903872,32544512
Tuolumne,8,4,nd24k,19,10,10,35896,35720,26132288,26004160
Tuolumne,8,4,nd24k,20,9,9,34568,35248,25165504,25660544
Tuolumne,8,4,nd24k,21,17,17,52832,50568,38461696,36813504
Tuolumne,8,4,nd24k,22,8,8,32848,32920,23913344,23965760
Tuolumne,8,4,nd24k,23,6,6,27184,30176,19789952,21968128
Tuolumne,8,4,nd24k,24,10,10,31600,32824,23004800,23895872
Tuolumne,8,4,nd24k,25,15,15,42288,42744,30785664,31117632
Tuolumne,8,4,nd24k,26,8,8,32928,32240,23971584,23470720
Tuolumne,8,4,nd24k,27,19,19,54088,49456,39376064,36003968
Tuolumne,8,4,nd24k,28,18,18,51304,47712,37349312,34734336
Tuolumne,8,4,nd24k,29,10,10,31624,30512,23022272,22212736
Tuolumne,8,4,nd24k,30,11,11,44496,42376,32393088,30849728
Tuolumne,8,4,nd24k,31,6,6,25680,27800,18695040,20238400
Tuolumne,8,4,ldoor,0,4,4,11088,11032,102175920,101659880
Tuolumne,8,4,ldoor,1,3,3,10408,10368,95909720,95541120
Tuolumne,8,4,ldoor,2,3,3,8512,8456,78438080,77922040
Tuolumne,8,4,ldoor,3,5,5,11416,11768,105198440,108442120
Tuolumne,8,4,ldoor,4,3,3,9016,8568,83082440,78954120
Tuolumne,8,4,ldoor,5,5,5,11912,10880,109769080,100259200
Tuolumne,8,4,ldoor,6,7,7,9856,10192,90823040,93919280
Tuolumne,8,4,ldoor,7,6,6,7768,8360,71582120,77037400
Tuolumne,8,4,ldoor,8,3,3,9576,10024,88242840,92371160
Tuolumne,8,4,ldoor,9,4,4,9392,9312,86547280,85810080
Tuolumne,8,4,ldoor,10,2,2,7552,7568,69591680,69739120
Tuolumne,8,4,ldoor,11,7,7,13104,12992,120753360,119721280
Tuolumne,8,4,ldoor,12,4,4,10912,10760,100554080,99153400
Tuolumne,8,4,ldoor,13,5,5,8960,9016,82566400,83082440
Tuolumne,8,4,ldoor,14,4,4,11928,12152,109916520,111980680
Tuolumne,8,4,ldoor,15,5,5,10408,10088,95909720,92960920
Tuolumne,8,4,ldoor,16,7,7,12824,12152,118173160,111980680
Tuolumne,8,4,ldoor,17,7,7,11408,10984,105124720,101217560
Tuolumne,8,4,ldoor,18,3,3,9016,9968,83082440,91855120
Tuolumne,8,4,ldoor,19,4,4,13272,12544,122301480,115592960
Tuolumne,8,4,ldoor,20,3,3,9008,8856,83008720,81608040
Tuolumne,8,4,ldoor,21,3,3,10192,9744,93919280,89790960
Tuolumne,8,4,ldoor,22,3,3,10464,10592,96425760,97605280
Tuolumne,8,4,ldoor,23,4,4,10240,10648,94361600,98121320
Tuolumne,8,4,ldoor,24,6,6,11144,11088,102691960,102175920
Tuolumne,8,4,ldoor,25,4,4,11136,10592,102618240,97605280
Tuolumne,8,4,ldoor,26,5,5,10144,11256,93476960,103724040
Tuolumne,8,4,ldoor,27,4,4,10008,9816,92223720,90454440
Tuolumne,8,4,ldoor,28,3,3,10296,10536,94877640,97089240
Tuolumne,8,4,ldoor,29,6,6,11984,12208,110432560,112496720
Tuolumne,8,4,ldoor,30,3,3,7224,6944,66569160,63988960
Tuolumne,8,4,ldoor,31,7,7,11856,12560,109253040,115740400
Tuolumne,16,1,audikw_1,0,3,3,47168,49048,226029056,235038016
Tuolumne,16,1,audikw_1,1,3,3,77304,80928,370440768,387806976
Tuolumne,16,1,audikw_1,2,3,3,57296,53008,274562432,254014336
Tuolumne,16,1,audikw_1,3,2,2,48968,50272,234654656,240903424
Tuolumne,16,1,audikw_1,4,5,5,78040,80144,373967680,384050048
Tuolumne,16,1,audikw_1,5,6,6,83208,87072,398732736,417249024
Tuolumne,16,1,audikw_1,6,3,3,85792,84992,411115264,407281664
Tuolumne,16,1,audikw_1,7,3,3,97416,90504,466817472,433695168
Tuolumne,16,1,audikw_1,8,3,3,47144,44464,225914048,213071488
Tuolumne,16,1,audikw_1,9,4,4,52288,52880,250564096,253400960
Tuolumne,16,1,audikw_1,10,9,9,122192,117784,585544064,564420928
Tuolumne,16,1,audikw_1,11,5,5,63368,68848,303659456,329919616
Tuolumne,16,1,audikw_1,12,5,5,71592,73896,343068864,354109632
Tuolumne,16,1,audikw_1,13,5,5,89744,86608,430053248,415025536
Tuolumne,16,1,audikw_1,14,7,7,109528,110288,524858176,528500096
Tuolumne,16,1,audikw_1,15,4,4,68400,68712,327772800,329267904
Tuolumne,16,1,Bump_2911,0,9,9,189672,187944,4931472000,4886544000
Tuolumne,16,1,Bump_2911,1,6,6,113400,113208,2948400000,2943408000
Tuolumne,16,1,Bump_2911,2,12,12,198608,199288,5163808000,5181488000
Tuolumne,16,1,Bump_2911,3,10,10,206280,209016,5363280000,5434416000
Tuolumne,16,1,Bump_2911,4,7,7,134232,132240,3490032000,3438240000
Tuolumne,16,1,Bump_2911,5,11,11,212464,214016,5524064000,5564416000
Tuolumne,16,1,Bump_2911,6,11,11,177408,178200,4612608000,4633200000
Tuolumne,16,1,Bump_2911,7,11,11,201504,201936,5239104000,5250336000
Tuolumne,16,1,Bump_2911,8,6,6,146280,146496,3803280000,3808896000
Tuolumne,16,1,Bump_2911,9,12,12,211560,210624,5500560000,5476224000
Tuolumne,16,1,Bump_2911,10,9,9,207504,207240,5395104000,5388240000
Tuolumne,16,1,Bump_2911,11,5,5,156264,156336,4062864000,4064736000
Tuolumne,16,1,Bump_2911,12,9,9,150024,149784,3900624000,3894384000
Tuolumne,16,1,Bump_2911,13,12,12,191088,190056,4968288000,4941456000
Tuolumne,16,1,Bump_2911,14,10,10,186432,187296,4847232000,4869696000
Tuolumne,16,1,Bump_2911,15,8,8,167088,166128,4344288000,4319328000
Tuolumne,16,1,Cube_Coup_dt0,0,7,7,167752,169752,68610568,69428568
Tuolumne,16,1,Cube_Coup_dt0,1,9,9,177424,176176,72566416,72055984
Tuolumne,16,1,Cube_Coup_dt0,2,4,4,110808,110344,45320472,45130696
Tuolumne,16,1,Cube_Coup_dt0,3,4,4,124712,125976,51007208,51524184
Tuolumne,16,1,Cube_Coup_dt0,4,8,8,147752,147672,60430568,60397848
Tuolumne,16,1,Cube_Coup_dt0,5,7,7,178472,177560,72995048,72622040
Tuolumne,16,1,Cube_Coup_dt0,6,4,4,91120,91728,37268080,37516752
Tuolumne,16,1,Cube_Coup_dt0,7,5,5,140584,139608,57498856,57099672
Tuolumne,16,1,Cube_Coup_dt0,8,7,7,171560,171640,70168040,70200760
Tuolumne,16,1,Cube_Coup_dt0,9,7,7,139984,137488,57253456,56232592
Tuolumne,16,1,Cube_Coup_dt0,10,6,6,130296,129896,53291064,53127464
Tuolumne,16,1,Cube_Coup_dt0,11,3,3,96872,96440,39620648,39443960
Tuolumne,16,1,Cube_Coup_dt0,12,9,9,182896,182576,74804464,74673584
Tuolumne,16,1,Cube_Coup_dt0,13,6,6,168032,169472,68725088,69314048
Tuolumne,16,1,Cube_Coup_dt0,14,6,6,137256,139384,56137704,57008056
Tuolumne,16,1,Cube_Coup_dt0,15,4,4,104080,103888,42568720,42490192
Tuolumne,16,1,Flan_1565,0,4,4,46288,46736,53508928,54026816
Tuolumne,16,1,Flan_1565,1,3,3,43104,43632,49828224,50438592
Tuolumne,16,1,Flan_1565,2,3,3,33288,32760,38480928,37870560
Tuolumne,16,1,Flan_1565,3,3,3,31744,31208,36696064,36076448
Tuolumne,16,1,Flan_1565,4,3,3,45984,46248,53157504,53462688
Tuolumne,16,1,Flan_1565,5,4,4,60112,60464,69489472,69896384
Tuolumne,16,1,Flan_1565,6,3,3,31968,31440,36955008,36344640
Tuolumne,16,1,Flan_1565,7,2,2,30936,30936,35762016,35762016
Tuolumne,16,1,Flan_1565,8,3,3,34080,33552,39396480,38786112
Tuolumne,16,1,Flan_1565,9,3,3,35688,35160,41255328,40644960
Tuolumne,16,1,Flan_1565,10,5,5,62200,62648,71903200,72421088
Tuolumne,16,1,Flan_1565,11,3,3,50776,51296,58697056,59298176
Tuolumne,16,1,Flan_1565,12,3,3,44376,44112,51298656,50993472
Tuolumne,16,1,Flan_1565,13,3,3,52408,53024,60583648,61295744
Tuolumne,16,1,Flan_1565,14,3,3,33840,33576,39119040,38813856
Tuolumne,16,1,Flan_1565,15,2,2,32496,32496,37565376,37565376
Tuolumne,16,1,Queen_4147,0,4,4,175920,176160,4635316080,4641639840
Tuolumne,16,1,Queen_4147,1,4,4,179592,181080,4732069608,4771276920
Tuolumne,16,1,Queen_4147,2,9,9,261216,256176,6882780384,6749981424
Tuolumne,16,1,Queen_4147,3,5,5,240776,244984,6344206824,6455083416
Tuolumne,16,1,Queen_4147,4,5,5,193856,193720,5107911744,5104328280
Tuolumne,16,1,Queen_4147,5,7,7,195840,195384,5160188160,5148173016
Tuolumne,16,1,Queen_4147,6,6,6,232368,235200,6122664432,6197284800
Tuolumne,16,1,Queen_4147,7,8,8,263648,262720,6946861152,6922409280
Tuolumne,16,1,Queen_4147,8,8,8,267936,265224,7059845664,6988387176
Tuolumne,16,1,Queen_4147,9,9,9,270048,269688,7115494752,7106009112
Tuolumne,16,1,Queen_4147,10,4,4,191328,194736,5041301472,5131098864
Tuolumne,16,1,Queen_4147,11,5,5,202616,201352,5338728984,5305423848
Tuolumne,16,1,Queen_4147,12,5,5,214616,213448,5654916984,5624141352
Tuolumne,16,1,Queen_4147,13,7,7,305168,301336,8040871632,7939902264
Tuolumne,16,1,Queen_4147,14,7,7,290328,290640,7649852472,7658073360
Tuolumne,16,1,Queen_4147,15,3,3,182184,185592,4800366216,4890163608
Tuolumne,16,1,Serena,0,11,11,118280,118144,439410200,438904960
Tuolumne,16,1,Serena,1,7,7,103912,102392,386033080,380386280
Tuolumne,16,1,Serena,2,6,6,103448,102784,384309320,381842560
Tuolumne,16,1,Serena,3,11,11,66616,68168,247478440,253244120
Tuolumne,16,1,Serena,4,8,8,126200,126088,468833000,468416920
Tuolumne,16,1,Serena,5,8,8,115328,115600,428443520,429454000
Tuolumne,16,1,Serena,6,7,7,28640,28624,106397600,106338160
Tuolumne,16,1,Serena,7,10,10,83600,83368,310574000,309712120
Tuolumne,16,1,Serena,8,9,9,101320,102224,376403800,379762160
Tuolumne,16,1,Serena,9,7,7,122712,122328,455875080,454448520
Tuolumne,16,1,Serena,10,6,6,21944,21208,81521960,78787720
Tuolumne,16,1,Serena,11,12,12,70360,72512,261387400,269382080
Tuolumne,16,1,Serena,12,8,8,96488,97432,358452920,361959880
Tuolumne,16,1,Serena,13,5,5,83224,83672,309177160,310841480
Tuolumne,16,1,Serena,14,11,11,108272,105976,402230480,393700840
Tuolumne,16,1,Serena,15,10,10,132136,131960,490885240,490231400
Tuolumne,16,1,nd24k,0,12,12,59536,56632,43758960,41624520
Tuolumne,16,1,nd24k,1,7,7,44872,47632,32980920,35009520
Tuolumne,16,1,nd24k,2,8,8,44384,43776,32622240,32175360
Tuolumne,16,1,nd24k,3,9,9,47344,48992,34797840,36009120
Tuolumne,16,1,nd24k,4,11,11,53168,52840,39078480,38837400
Tuolumne,16,1,nd24k,5,6,6,41904,46408,30799440,34109880
Tuolumne,16,1,nd24k,6,9,9,52392,49528,38508120,36403080
Tuolumne,16,1,nd24k,7,5,5,37848,41936,27818280,30822960
Tuolumne,16,1,nd24k,8,7,7,35936,41800,26412960,30723000
Tuolumne,16,1,nd24k,9,11,11,60728,54240,44635080,39866400
Tuolumne,16,1,nd24k,10,12,12,59792,56416,43947120,41465760
Tuolumne,16,1,nd24k,11,6,6,40008,40896,29405880,30058560
Tuolumne,16,1,nd24k,12,13,13,58832,55568,43241520,40842480
Tuolumne,16,1,nd24k,13,10,10,47072,46312,34597920,34039320
Tuolumne,16,1,nd24k,14,8,8,49776,50072,36585360,36802920
Tuolumne,16,1,nd24k,15,12,12,52264,52808,38414040,38813880
Tuolumne,16,1,ldoor,0,3,3,11416,11208,104890208,102979104
Tuolumne,16,1,ldoor,1,4,4,11808,12104,108491904,111211552
Tuolumne,16,1,ldoor,2,7,7,12080,12560,110991040,115401280
Tuolumne,16,1,ldoor,3,3,3,11912,10936,109447456,100479968
Tuolumne,16,1,ldoor,4,3,3,9232,9472,84823616,87028736
Tuolumne,16,1,ldoor,5,4,4,10352,10704,95114176,98348352
Tuolumne,16,1,ldoor,6,2,2,10232,9928,94011616,91218464
Tuolumne,16,1,ldoor,7,5,5,12424,12216,114151712,112240608
Tuolumne,16,1,ldoor,8,4,4,15672,15408,143994336,141568704
Tuolumne,16,1,ldoor,9,6,6,10808,11144,99303904,102391072
Tuolumne,16,1,ldoor,10,3,3,11976,12664,110035488,116356832
Tuolumne,16,1,ldoor,11,2,2,11296,11104,103787648,102023552
Tuolumne,16,1,ldoor,12,5,5,14208,15024,130543104,138040512
Tuolumne,16,1,ldoor,13,3,3,11192,10592,102832096,97319296
Tuolumne,16,1,ldoor,14,3,3,10800,9808,99230400,90115904
Tuolumne,16,1,ldoor,15,5,5,13032,13568,119738016,124662784
Tuolumne,16,2,audikw_1,0,3,3,31104,31440,148303872,149905920
Tuolumne,16,2,audikw_1,1,5,5,50632,52096,241413376,248393728
Tuolumne,16,2,audikw_1,2,5,5,59088,59664,281731584,284477952
Tuolumne,16,2,audikw_1,3,5,5,54720,57888,260904960,276009984
Tuolumne,16,2,audikw_1,4,5,5,55496,57296,264604928,273187328
Tuolumne,16,2,audikw_1,5,3,3,32664,32184,155741952,153453312
Tuolumne,16,2,audikw_1,6,2,2,32856,32880,156657408,156771840
Tuolumne,16,2,audikw_1,7,5,5,59064,53736,281617152,256213248
Tuolumne,16,2,audikw_1,8,5,5,60224,61360,287148032,292564480
Tuolumne,16,2,audikw_1,9,4,4,57192,59448,272691456,283448064
Tuolumne,16,2,audikw_1,10,5,5,64232,60160,306258176,286842880
Tuolumne,16,2,audikw_1,11,9,9,81440,78472,388305920,374154496
Tuolumne,16,2,audikw_1,12,7,7,59096,58768,281769728,280205824
Tuolumne,16,2,audikw_1,13,5,5,51600,55320,246028800,263765760
Tuolumne,16,2,audikw_1,14,5,5,63864,62592,304503552,298438656
Tuolumne,16,2,audikw_1,15,8,8,74208,74952,353823744,357371136
Tuolumne,16,2,audikw_1,16,6,6,45728,45904,218031104,218870272
Tuolumne,16,2,audikw_1,17,8,8,88760,81048,423207680,386436864
Tuolumne,16,2,audikw_1,18,3,3,39728,40840,189423104,194725120
Tuolumne,16,2,audikw_1,19,6,6,60168,61720,286881024,294280960
Tuolumne,16,2,audikw_1,20,11,11,81992,80656,390937856,384567808
Tuolumne,16,2,audikw_1,21,9,9,90576,92880,431866368,442851840
Tuolumne,16,2,audikw_1,22,4,4,41616,40800,198425088,194534400
Tuolumne,16,2,audikw_1,23,5,5,43680,44448,208266240,211928064
Tuolumne,16,2,audikw_1,24,3,3,29376,28728,140064768,136975104
Tuolumne,16,2,audikw_1,25,5,5,50528,50008,240917504,238438144
Tuolumne,16,2,audikw_1,26,6,6,54872,58456,261629696,278718208
Tuolumne,16,2,audikw_1,27,11,11,89240,87280,425496320,416151040
Tuolumne,16,2,audikw_1,28,4,4,42336,41232,201858048,196594176
Tuolumne,16,2,audikw_1,29,2,2,27312,27408,130223616,130681344
Tuolumne,16,2,audikw_1,30,8,8,65424,66456,311941632,316862208
Tuolumne,16,2,audikw_1,31,6,6,58592,61288,279366656,292221184
Tuolumne,16,2,Bump_2911,0,14,14,125496,125424,3105147528,3103366032
Tuolumne,16,2,Bump_2911,1,11,11,116736,116160,2888398848,2874146880
Tuolumne,16,2,Bump_2911,2,6,6,84000,84888,2078412000,2100383784
Tuolumne,16,2,Bump_2911,3,7,7,78960,78816,1953707280,1950144288
Tuolumne,16,2,Bump_2911,4,15,15,165552,166800,4096253136,4127132400
Tuolumne,16,2,Bump_2911,5,10,10,127056,125904,3143746608,3115242672
Tuolumne,16,2,Bump_2911,6,6,6,108792,110328,2691840456,2729845704
Tuolumne,16,2,Bump_2911,7,14,14,152576,152920,3775187968,3783699560
Tuolumne,16,2,Bump_2911,8,14,14,151296,149040,3743516928,3687696720
Tuolumne,16,2,Bump_2911,9,9,9,125376,126312,3102178368,3125337816
Tuolumne,16,2,Bump_2911,10,13,13,129216,129000,3197191488,3191847000
Tuolumne,16,2,Bump_2911,11,11,11,139632,142752,3454914576,3532112736
Tuolumne,16,2,Bump_2911,12,14,14,146040,144792,3613467720,3582588456
Tuolumne,16,2,Bump_2911,13,12,12,139048,141008,3440464664,3488960944
Tuolumne,16,2,Bump_2911,14,10,10,104520,102648,2586138360,2539819464
Tuolumne,16,2,Bump_2911,15,9,9,103680,103344,2565354240,2557040592
Tuolumne,16,2,Bump_2911,16,8,8,103008,103008,2548726944,2548726944
Tuolumne,16,2,Bump_2911,17,7,7,97512,98712,2412739416,2442431016
Tuolumne,16,2,Bump_2911,18,12,12,121680,122712,3010728240,3036263016
Tuolumne,16,2,Bump_2911,19,11,11,139488,138840,3451351584,3435318120
Tuolumne,16,2,Bump_2911,20,13,13,131608,129992,3256376744,3216392056
Tuolumne,16,2,Bump_2911,21,11,11,110640,111384,2737565520,2755974312
Tuolumne,16,2,Bump_2911,22,12,12,112368,110640,2780321424,2737565520
Tuolumne,16,2,Bump_2911,23,11,11,118896,117864,2941843728,2916308952
Tuolumne,16,2,Bump_2911,24,8,8,100464,100560,2485780752,2488156080
Tuolumne,16,2,Bump_2911,25,12,12,131832,130728,3261919176,3234602904
Tuolumne,16,2,Bump_2911,26,8,8,117720,118536,2912745960,2932936248
Tuolumne,16,2,Bump_2911,27,15,15,136832,136960,3385634176,3388801280
Tuolumne,16,2,Bump_2911,28,14,14,155640,155520,3851000520,3848031360
Tuolumne,16,2,Bump_2911,29,8,8,107784,107256,2666899512,2653835208
Tuolumne,16,2,Bump_2911,30,12,12,136032,136680,3365839776,3381873240
Tuolumne,16,2,Bump_2911,31,11,11,122208,122160,3023792544,3022604880
Tuolumne,16,2,Cube_Coup_dt0,0,9,9,116992,117216,48083712,48175776
Tuolumne,16,2,Cube_Coup_dt0,1,8,8,120808,120824,49652088,49658664
Tuolumne,16,2,Cube_Coup_dt0,2,14,14,125072,125008,51404592,51378288
Tuolumne,16,2,Cube_Coup_dt0,3,10,10,108288,108320,44506368,44519520
Tuolumne,16,2,Cube_Coup_dt0,4,6,6,114440,114512,47034840,47064432
Tuolumne,16,2,Cube_Coup_dt0,5,7,7,89320,89144,36710520,36638184
Tuolumne,16,2,Cube_Coup_dt0,6,7,7,77200,75736,31729200,31127496
Tuolumne,16,2,Cube_Coup_dt0,7,5,5,78368,79936,32209248,32853696
Tuolumne,16,2,Cube_Coup_dt0,8,5,5,75016,75064,30831576,30851304
Tuolumne,16,2,Cube_Coup_dt0,9,5,5,64712,64920,26596632,26682120
Tuolumne,16,2,Cube_Coup_dt0,10,9,9,106528,107040,43783008,43993440
Tuolumne,16,2,Cube_Coup_dt0,11,8,8,106440,105528,43746840,43372008
Tuolumne,16,2,Cube_Coup_dt0,12,7,7,96192,97408,39534912,40034688
Tuolumne,16,2,Cube_Coup_dt0,13,12,12,121064,119832,49757304,49250952
Tuolumne,16,2,Cube_Coup_dt0,14,10,10,98792,97952,40603512,40258272
Tuolumne,16,2,Cube_Coup_dt0,15,10,10,121664,122808,50003904,50474088
Tuolumne,16,2,Cube_Coup_dt0,16,10,10,122384,123024,50299824,50562864
Tuolumne,16,2,Cube_Coup_dt0,17,9,9,120512,120960,49530432,49714560
Tuolumne,16,2,Cube_Coup_dt0,18,8,8,106016,105600,43572576,43401600
Tuolumne,16,2,Cube_Coup_dt0,19,10,10,125288,124376,51493368,51118536
Tuolumne,16,2,Cube_Coup_dt0,20,6,6,77296,78544,31768656,32281584
Tuolumne,16,2,Cube_Coup_dt0,21,9,9,117640,116760,48350040,47988360
Tuolumne,16,2,Cube_Coup_dt0,22,4,4,71592,71224,29424312,29273064
Tuolumne,16,2,Cube_Coup_dt0,23,6,6,81248,81760,33392928,33603360
Tuolumne,16,2,Cube_Coup_dt0,24,5,5,68096,68512,27987456,28158432
Tuolumne,16,2,Cube_Coup_dt0,25,6,6,78696,78648,32344056,32324328
Tuolumne,16,2,Cube_Coup_dt0,26,9,9,101160,101200,41576760,41593200
Tuolumne,16,2,Cube_Coup_dt0,27,8,8,90880,90720,37351680,37285920
Tuolumne,16,2,Cube_Coup_dt0,28,10,10,104456,103384,42931416,42490824
Tuolumne,16,2,Cube_Coup_dt0,29,7,7,91040,91648,37417440,37667328
Tuolumne,16,2,Cube_Coup_dt0,30,9,9,102432,103232,42099552,42428352
Tuolumne,16,2,Cube_Coup_dt0,31,14,14,134928,133720,55455408,54958920
Tuolumne,16,2,Flan_1565,0,5,5,38560,38384,44691040,44487056
Tuolumne,16,2,Flan_1565,1,5,5,33240,33864,38525160,39248376
Tuolumne,16,2,Flan_1565,2,4,4,35664,35664,41334576,41334576
Tuolumne,16,2,Flan_1565,3,4,4,32832,32832,38052288,38052288
Tuolumne,16,2,Flan_1565,4,3,3,34896,35424,40444464,41056416
Tuolumne,16,2,Flan_1565,5,4,4,31704,31704,36744936,36744936
Tuolumne,16,2,Flan_1565,6,3,3,33840,33312,39220560,38608608
Tuolumne,16,2,Flan_1565,7,3,3,32800,32264,38015200,37393976
Tuolumne,16,2,Flan_1565,8,6,6,49392,49632,57245328,57523488
Tuolumne,16,2,Flan_1565,9,7,7,47320,46808,54843880,54250472
Tuolumne,16,2,Flan_1565,10,3,3,34368,34632,39832512,40138488
Tuolumne,16,2,Flan_1565,11,4,4,34656,33864,40166304,39248376
Tuolumne,16,2,Flan_1565,12,4,4,33888,33720,39276192,39081480
Tuolumne,16,2,Flan_1565,13,3,3,33840,34344,39220560,39804696
Tuolumne,16,2,Flan_1565,14,4,4,41600,42304,48214400,49030336
Tuolumne,16,2,Flan_1565,15,5,5,35344,35192,40963696,40787528
Tuolumne,16,2,Flan_1565,16,5,5,40032,39984,46397088,46341456
Tuolumne,16,2,Flan_1565,17,4,4,52120,52352,60407080,60675968
Tuolumne,16,2,Flan_1565,18,3,3,40704,40440,47175936,46869960
Tuolumne,16,2,Flan_1565,19,4,4,37872,38160,43893648,44227440
Tuolumne,16,2,Flan_1565,20,2,2,31728,31728,36772752,36772752
Tuolumne,16,2,Flan_1565,21,2,2,33592,33584,38933128,38923856
Tuolumne,16,2,Flan_1565,22,2,2,31464,31464,36466776,36466776
Tuolumne,16,2,Flan_1565,23,3,3,36984,36984,42864456,42864456
Tuolumne,16,2,Flan_1565,24,3,3,34344,34080,39804696,39498720
Tuolumne,16,2,Flan_1565,25,3,3,34632,34104,40138488,39526536
Tuolumne,16,2,Flan_1565,26,4,4,31728,31992,36772752,37078728
Tuolumne,16,2,Flan_1565,27,3,3,34368,34632,39832512,40138488
Tuolumne,16,2,Flan_1565,28,5,5,37560,37296,43532040,43226064
Tuolumne,16,2,Flan_1565,29,7,7,44392,44168,51450328,51190712
Tuolumne,16,2,Flan_1565,30,6,6,43928,43936,50912552,50921824
Tuolumne,16,2,Flan_1565,31,3,3,36472,37016,42271048,42901544
Tuolumne,16,2,Queen_4147,0,8,8,142152,140352,3752954952,3705433152
Tuolumne,16,2,Queen_4147,1,6,6,104568,103992,2760699768,2745492792
Tuolumne,16,2,Queen_4147,2,8,8,161688,163128,4268724888,4306742328
Tuolumne,16,2,Queen_4147,3,4,4,112536,114576,2971062936,3024920976
Tuolumne,16,2,Queen_4147,4,8,8,184032,182616,4858628832,4821245016
Tuolumne,16,2,Queen_4147,5,11,11,180024,175848,4752813624,4642563048
Tuolumne,16,2,Queen_4147,6,8,8,135168,135408,3568570368,3574906608
Tuolumne,16,2,Queen_4147,7,11,11,188288,188968,4970991488,4988944168
Tuolumne,16,2,Queen_4147,8,5,5,128424,129168,3390522024,3410164368
Tuolumne,16,2,Queen_4147,9,10,10,180408,178680,4762951608,4717330680
Tuolumne,16,2,Queen_4147,10,8,8,164664,165648,4347294264,4373272848
Tuolumne,16,2,Queen_4147,11,7,7,109616,108856,2893972016,2873907256
Tuolumne,16,2,Queen_4147,12,12,12,200160,198288,5284424160,5235001488
Tuolumne,16,2,Queen_4147,13,9,9,142728,142104,3768161928,3751687704
Tuolumne,16,2,Queen_4147,14,12,12,216144,218280,5706417744,5762810280
Tuolumne,16,2,Queen_4147,15,9,9,170504,170608,4501476104,4504221808
Tuolumne,16,2,Queen_4147,16,6,6,181848,185136,4800969048,4887775536
Tuolumne,16,2,Queen_4147,17,12,12,261144,261504,6894462744,6903967104
Tuolumne,16,2,Queen_4147,18,9,9,201312,204648,5314838112,5402911848
Tuolumne,16,2,Queen_4147,19,7,7,161808,163944,4271893008,4328285544
Tuolumne,16,2,Queen_4147,20,5,5,117328,118432,3097576528,3126723232
Tuolumne,16,2,Queen_4147,21,11,11,213264,208800,5630382864,5512528800
Tuolumne,16,2,Queen_4147,22,6,6,108264,109224,2858277864,2883622824
Tuolumne,16,2,Queen_4147,23,9,9,204504,203808,5399110104,5380735008
Tuolumne,16,2,Queen_4147,24,14,14,198264,195120,5234367864,5151363120
Tuolumne,16,2,Queen_4147,25,8,8,137768,138496,3637212968,3656432896
Tuolumne,16,2,Queen_4147,26,8,8,153640,153960,4056249640,4064697960
Tuolumne,16,2,Queen_4147,27,5,5,105008,105256,2772316208,2778863656
Tuolumne,16,2,Queen_4147,28,8,8,137376,140688,3626863776,3714303888
Tuolumne,16,2,Queen_4147,29,12,12,190824,189312,5037944424,4998026112
Tuolumne,16,2,Queen_4147,30,9,9,145680,146232,3846097680,3860671032
Tuolumne,16,2,Queen_4147,31,7,7,105072,103128,2774005872,2722682328
Tuolumne,16,2,Serena,0,15,15,78944,79168,293592736,294425792
Tuolumne,16,2,Serena,1,11,11,74976,74568,278835744,277318392
Tuolumne,16,2,Serena,2,10,10,61616,61552,229149904,228911888
Tuolumne,16,2,Serena,3,12,12,87584,86848,325724896,322987712
Tuolumne,16,2,Serena,4,16,16,33744,34464,125493936,128171616
Tuolumne,16,2,Serena,5,6,6,50432,49888,187556608,185533472
Tuolumne,16,2,Serena,6,11,11,74528,74944,277169632,278716736
Tuolumne,16,2,Serena,7,10,10,70880,71104,263602720,264435776
Tuolumne,16,2,Serena,8,11,11,80376,79872,298918344,297043968
Tuolumne,16,2,Serena,9,6,6,55784,56752,207460696,211060688
Tuolumne,16,2,Serena,10,9,9,85720,85096,318792680,316472024
Tuolumne,16,2,Serena,11,9,9,61128,60808,227335032,226144952
Tuolumne,16,2,Serena,12,2,2,12600,12984,46859400,48287496
Tuolumne,16,2,Serena,13,15,15,42768,41544,159054192,154502136
Tuolumne,16,2,Serena,14,12,12,64064,62536,238254016,232571384
Tuolumne,16,2,Serena,15,14,14,73080,75864,271784520,282138216
Tuolumne,16,2,Serena,16,9,9,63224,62896,235130056,233910224
Tuolumne,16,2,Serena,17,11,11,36288,38184,134955072,142006296
Tuolumne,16,2,Serena,18,10,10,68104,68480,253278776,254677120
Tuolumne,16,2,Serena,19,14,14,80856,81432,300703464,302845608
Tuolumne,16,2,Serena,20,10,10,55080,54144,204842520,201361536
Tuolumne,16,2,Serena,21,10,10,76784,76024,285559696,282733256
Tuolumne,16,2,Serena,22,8,8,70824,70104,263394456,260716776
Tuolumne,16,2,Serena,23,13,13,91352,90232,339738088,335572808
Tuolumne,16,2,Serena,24,5,5,50864,52576,189163216,195530144
Tuolumne,16,2,Serena,25,10,10,67368,66672,250541592,247953168
Tuolumne,16,2,Serena,26,11,11,84976,83608,316025744,310938152
Tuolumne,16,2,Serena,27,12,12,70824,72136,263394456,268273784
Tuolumne,16,2,Serena,28,2,2,11552,11728,42961888,43616432
Tuolumne,16,2,Serena,29,15,15,32264,30976,119989816,115199744
Tuolumne,16,2,Serena,30,14,14,73520,75016,273420880,278984504
Tuolumne,16,2,Serena,31,13,13,79968,79872,297400992,297043968
Tuolumne,16,2,nd24k,0,15,15,50048,48776,36434944,35508928
Tuolumne,16,2,nd24k,1,11,11,33360,32656,24286080,23773568
Tuolumne,16,2,nd24k,2,13,13,35048,42080,25514944,30634240
Tuolumne,16,2,nd24k,3,7,7,31808,29944,23156224,21799232
Tuolumne,16,2,nd24k,4,15,15,47600,47592,34652800,34646976
Tuolumne,16,2,nd24k,5,8,8,27992,25528,20378176,18584384
Tuolumne,16,2,nd24k,6,9,9,30688,32488,22340864,23651264
Tuolumne,16,2,nd24k,7,11,11,36936,37896,26889408,27588288
Tuolumne,16,2,nd24k,8,14,14,42144,44352,30680832,32288256
Tuolumne,16,2,nd24k,9,8,8,29936,27512,21793408,20028736
Tuolumne,16,2,nd24k,10,9,9,27520,29680,20034560,21607040
Tuolumne,16,2,nd24k,11,11,11,40528,41584,29504384,30273152
Tuolumne,16,2,nd24k,12,11,11,40240,38560,29294720,28071680
Tuolumne,16,2,nd24k,13,7,7,30528,32992,22224384,24018176
Tuolumne,16,2,nd24k,14,8,8,27840,28248,20267520,20564544
Tuolumne,16,2,nd24k,15,19,19,52632,51032,38316096,37151296
Tuolumne,16,2,nd24k,16,7,7,27120,30496,19743360,22201088
Tuolumne,16,2,nd24k,17,10,10,40280,36992,29323840,26930176
Tuolumne,16,2,nd24k,18,14,14,43824,44704,31903872,32544512
Tuolumne,16,2,nd24k,19,10,10,35896,35720,26132288,26004160
Tuolumne,16,2,nd24k,20,9,9,34568,35248,25165504,25660544
Tuolumne,16,2,nd24k,21,17,17,52832,50568,38461696,36813504
Tuolumne,16,2,nd24k,22,8,8,32848,32920,23913344,23965760
Tuolumne,16,2,nd24k,23,6,6,27184,30176,19789952,21968128
Tuolumne,16,2,nd24k,24,10,10,31600,32824,23004800,23895872
Tuolumne,16,2,nd24k,25,15,15,42288,42744,30785664,31117632
Tuolumne,16,2,nd24k,26,8,8,32928,32240,23971584,23470720
Tuolumne,16,2,nd24k,27,19,19,54088,49456,39376064,36003968
Tuolumne,16,2,nd24k,28,18,18,51304,47712,37349312,34734336
Tuolumne,16,2,nd24k,29,10,10,31624,30512,23022272,22212736
Tuolumne,16,2,nd24k,30,11,11,44496,42376,32393088,30849728
Tuolumne,16,2,nd24k,31,6,6,25680,27800,18695040,20238400
Tuolumne,16,2,ldoor,0,4,4,11088,11032,102375504,101858456
Tuolumne,16,2,ldoor,1,3,3,10408,10368,96097064,95727744
Tuolumne,16,2,ldoor,2,3,3,8512,8456,78591296,78074248
Tuolumne,16,2,ldoor,3,5,5,11416,11768,105403928,108653944
Tuolumne,16,2,ldoor,4,3,3,9016,8568,83244728,79108344
Tuolumne,16,2,ldoor,5,5,5,11912,10880,109983496,100455040
Tuolumne,16,2,ldoor,6,7,7,9856,10192,91000448,94102736
Tuolumne,16,2,ldoor,7,6,6,7768,8360,71721944,77187880
Tuolumne,16,2,ldoor,8,3,3,9576,10024,88415208,92551592
Tuolumne,16,2,ldoor,9,4,4,9392,9312,86716336,85977696
Tuolumne,16,2,ldoor,10,2,2,7552,7568,69727616,69875344
Tuolumne,16,2,ldoor,11,7,7,13104,12992,120989232,119955136
Tuolumne,16,2,ldoor,12,4,4,10912,10760,100750496,99347080
Tuolumne,16,2,ldoor,13,5,5,8960,9016,82727680,83244728
Tuolumne,16,2,ldoor,14,4,4,11928,12152,110131224,112199416
Tuolumne,16,2,ldoor,15,5,5,10408,10088,96097064,93142504
Tuolumne,16,2,ldoor,16,7,7,12824,12152,118403992,112199416
Tuolumne,16,2,ldoor,17,7,7,11408,10984,105330064,101415272
Tuolumne,16,2,ldoor,18,3,3,9016,9968,83244728,92034544
Tuolumne,16,2,ldoor,19,4,4,13272,12544,122540376,115818752
Tuolumne,16,2,ldoor,20,3,3,9008,8856,83170864,81767448
Tuolumne,16,2,ldoor,21,3,3,10192,9744,94102736,89966352
Tuolumne,16,2,ldoor,22,3,3,10464,10592,96614112,97795936
Tuolumne,16,2,ldoor,23,4,4,10240,10648,94545920,98312984
Tuolumne,16,2,ldoor,24,6,6,11144,11088,102892552,102375504
Tuolumne,16,2,ldoor,25,4,4,11136,10592,102818688,97795936
Tuolumne,16,2,ldoor,26,5,5,10144,11256,93659552,103926648
Tuolumne,16,2,ldoor,27,4,4,10008,9816,92403864,90631128
Tuolumne,16,2,ldoor,28,3,3,10296,10536,95062968,97278888
Tuolumne,16,2,ldoor,29,6,6,11984,12208,110648272,112716464
Tuolumne,16,2,ldoor,30,3,3,7224,6944,66699192,64113952
Tuolumne,16,2,ldoor,31,7,7,11856,12560,109466448,115966480
Tuolumne,16,4,audikw_1,0,4,4,33168,32256,158244528,153893376
Tuolumne,16,4,audikw_1,1,3,3,19056,20472,90916176,97671912
Tuolumne,16,4,audikw_1,2,7,7,44648,43192,213015608,206069032
Tuolumne,16,4,audikw_1,3,7,7,40440,41976,192939240,200267496
Tuolumne,16,4,audikw_1,4,8,8,50880,49320,242748480,235305720
Tuolumne,16,4,audikw_1,5,4,4,31824,32904,151832304,156984984
Tuolumne,16,4,audikw_1,6,5,5,32928,38808,157099488,185152968
Tuolumne,16,4,audikw_1,7,9,9,51576,50208,246069096,239542368
Tuolumne,16,4,audikw_1,8,5,5,32592,31488,155496432,150229248
Tuolumne,16,4,audikw_1,9,3,3,18816,18456,89771136,88053576
Tuolumne,16,4,audikw_1,10,7,7,45248,45328,215878208,216259888
Tuolumne,16,4,audikw_1,11,4,4,34104,33624,162710184,160420104
Tuolumne,16,4,audikw_1,12,3,3,28032,29736,133740672,141870456
Tuolumne,16,4,audikw_1,13,3,3,23784,25440,113473464,121374240
Tuolumne,16,4,audikw_1,14,7,7,47232,42096,225343872,200840016
Tuolumne,16,4,audikw_1,15,6,6,42824,43792,204313304,208931632
Tuolumne,16,4,audikw_1,16,3,3,28800,30120,137404800,143702520
Tuolumne,16,4,audikw_1,17,10,10,60912,61896,290611152,295305816
Tuolumne,16,4,audikw_1,18,5,5,41576,42784,198359096,204122464
Tuolumne,16,4,audikw_1,19,10,10,59568,55416,284198928,264389736
Tuolumne,16,4,audikw_1,20,7,7,46304,47632,220916384,227252272
Tuolumne,16,4,audikw_1,21,6,6,42536,40840,202939256,194847640
Tuolumne,16,4,audikw_1,22,12,12,55296,52728,263817216,251565288
Tuolumne,16,4,audikw_1,23,10,10,55584,56520,265191264,269656920
Tuolumne,16,4,audikw_1,24,6,6,38000,38056,181298000,181565176
Tuolumne,16,4,audikw_1,25,5,5,47376,47616,226030896,227175936
Tuolumne,16,4,audikw_1,26,8,8,55608,54864,265305768,261756144
Tuolumne,16,4,audikw_1,27,7,7,37896,38472,180801816,183549912
Tuolumne,16,4,audikw_1,28,15,15,64056,62784,305611176,299542464
Tuolumne,16,4,audikw_1,29,13,13,63216,64584,301603536,308130264
Tuolumne,16,4,audikw_1,30,9,9,43344,45912,206794224,219046152
Tuolumne,16,4,audikw_1,31,4,4,30576,29304,145878096,139809384
Tuolumne,16,4,audikw_1,32,12,12,56448,59088,269313408,281908848
Tuolumne,16,4,audikw_1,33,12,12,57296,59728,273359216,284962288
Tuolumne,16,4,audikw_1,34,5,5,28656,27504,136717776,131221584
Tuolumne,16,4,audikw_1,35,6,6,25920,24984,123664320,119198664
Tuolumne,16,4,audikw_1,36,4,4,27072,26280,129160512,125381880
Tuolumne,16,4,audikw_1,37,5,5,41912,40840,199962152,194847640
Tuolumne,16,4,audikw_1,38,12,12,61344,60240,292672224,287405040
Tuolumne,16,4,audikw_1,39,11,11,54008,57472,257672168,274198912
Tuolumne,16,4,audikw_1,40,4,4,26400,24192,125954400,115420032
Tuolumne,16,4,audikw_1,41,8,8,55920,57000,266794320,271947000
Tuolumne,16,4,audikw_1,42,7,7,54096,54480,258092016,259924080
Tuolumne,16,4,audikw_1,43,5,5,25536,26424,121832256,126068904
Tuolumne,16,4,audikw_1,44,11,11,66720,66720,318321120,318321120
Tuolumne,16,4,audikw_1,45,13,13,67688,60808,322939448,290114968
Tuolumne,16,4,audikw_1,46,5,5,25272,27384,120572712,130649064
Tuolumne,16,4,audikw_1,47,8,8,58536,58200,279275256,277672200
Tuolumne,16,4,audikw_1,48,8,8,55608,57408,265305768,273893568
Tuolumne,16,4,audikw_1,49,7,7,41464,41560,197824744,198282760
Tuolumne,16,4,audikw_1,50,4,4,31752,32616,151488792,155610936
Tuolumne,16,4,audikw_1,51,9,9,54984,58072,262328664,277061512
Tuolumne,16,4,audikw_1,52,4,4,29064,28248,138664344,134771208
Tuolumne,16,4,audikw_1,53,6,6,43752,40368,208740792,192595728
Tuolumne,16,4,audikw_1,54,3,3,19512,18120,93091752,86450520
Tuolumne,16,4,audikw_1,55,4,4,27120,28368,129389520,135343728
Tuolumne,16,4,audikw_1,56,8,8,43152,40344,205878192,192481224
Tuolumne,16,4,audikw_1,57,3,3,24360,26568,116221560,126755928
Tuolumne,16,4,audikw_1,58,3,3,23712,22728,113129952,108435288
Tuolumne,16,4,audikw_1,59,4,4,26408,28480,125992568,135878080
Tuolumne,16,4,audikw_1,60,7,7,41424,41016,197633904,195687336
Tuolumne,16,4,audikw_1,61,8,8,47064,44424,224542344,211946904
Tuolumne,16,4,audikw_1,62,11,11,57432,54696,274008072,260954616
Tuolumne,16,4,audikw_1,63,10,10,54680,59128,260878280,282099688
Tuolumne,16,4,Bump_2911,0,14,14,81048,80232,2058700248,2037973032
Tuolumne,16,4,Bump_2911,1,12,12,82152,83088,2086742952,2110518288
Tuolumne,16,4,Bump_2911,2,9,9,73736,74928,1872968136,1903246128
Tuolumne,16,4,Bump_2911,3,18,18,93888,92184,2384849088,2341565784
Tuolumne,16,4,Bump_2911,4,9,9,58968,59640,1497846168,1514915640
Tuolumne,16,4,Bump_2911,5,8,8,68856,67824,1749011256,1722797424
Tuolumne,16,4,Bump_2911,6,9,9,65328,66696,1659396528,1694145096
Tuolumne,16,4,Bump_2911,7,6,6,51480,51864,1307643480,1317397464
Tuolumne,16,4,Bump_2911,8,8,8,64296,65352,1633182696,1660006152
Tuolumne,16,4,Bump_2911,9,13,13,87576,87336,2224517976,2218421736
Tuolumne,16,4,Bump_2911,10,9,9,76128,77328,1933727328,1964208528
Tuolumne,16,4,Bump_2911,11,10,10,85512,84528,2172090312,2147095728
Tuolumne,16,4,Bump_2911,12,18,18,102288,102624,2598217488,2606752224
Tuolumne,16,4,Bump_2911,13,18,18,96416,97816,2449062816,2484624216
Tuolumne,16,4,Bump_2911,14,10,10,87960,86592,2234271960,2199523392
Tuolumne,16,4,Bump_2911,15,11,11,93768,94128,2381800968,2390945328
Tuolumne,16,4,Bump_2911,16,14,14,96360,95976,2447640360,2437886376
Tuolumne,16,4,Bump_2911,17,12,12,95928,98040,2436667128,2490314040
Tuolumne,16,4,Bump_2911,18,13,13,73368,72936,1863620568,1852647336
Tuolumne,16,4,Bump_2911,19,13,13,94920,95184,2411062920,2417768784
Tuolumne,16,4,Bump_2911,20,17,17,101832,100704,2586634632,2557982304
Tuolumne,16,4,Bump_2911,21,14,14,99384,99672,2524452984,2531768472
Tuolumne,16,4,Bump_2911,22,13,13,76320,75744,1938604320,1923973344
Tuolumne,16,4,Bump_2911,23,12,12,87672,87792,2226956472,2230004592
Tuolumne,16,4,Bump_2911,24,8,8,76800,77520,1950796800,1969085520
Tuolumne,16,4,Bump_2911,25,8,8,69264,68856,1759374864,1749011256
Tuolumne,16,4,Bump_2911,26,15,15,99872,100208,2536848672,2545383408
Tuolumne,16,4,Bump_2911,27,12,12,93288,91968,2369608488,2336079168
Tuolumne,16,4,Bump_2911,28,11,11,77208,77520,1961160408,1969085520
Tuolumne,16,4,Bump_2911,29,11,11,89184,89496,2265362784,2273287896
Tuolumne,16,4,Bump_2911,30,17,17,99288,98568,2522014488,2503725768
Tuolumne,16,4,Bump_2911,31,10,10,88200,87864,2240368200,2231833464
Tuolumne,16,4,Bump_2911,32,17,17,90552,90696,2300111352,2303769096
Tuolumne,16,4,Bump_2911,33,16,16,85808,84144,2179609008,2137341744
Tuolumne,16,4,Bump_2911,34,10,10,66384,67368,1686219984,1711214568
Tuolumne,16,4,Bump_2911,35,14,14,82440,82056,2094058440,2084304456
Tuolumne,16,4,Bump_2911,36,9,9,68720,68912,1745556720,1750433712
Tuolumne,16,4,Bump_2911,37,12,12,75096,75224,1907513496,1910764824
Tuolumne,16,4,Bump_2911,38,12,12,83928,82344,2131855128,2091619944
Tuolumne,16,4,Bump_2911,39,9,9,65688,66336,1668540888,1685000736
Tuolumne,16,4,Bump_2911,40,8,8,70344,69768,1786807944,1772176968
Tuolumne,16,4,Bump_2911,41,10,10,84528,85704,2147095728,2176967304
Tuolumne,16,4,Bump_2911,42,11,11,89688,89976,2278164888,2285480376
Tuolumne,16,4,Bump_2911,43,9,9,80904,81072,2055042504,2059309872
Tuolumne,16,4,Bump_2911,44,12,12,101664,103032,2582367264,2617115832
Tuolumne,16,4,Bump_2911,45,14,14,87816,87840,2230614216,2231223840
Tuolumne,16,4,Bump_2911,46,14,14,104952,105072,2665885752,2668933872
Tuolumne,16,4,Bump_2911,47,13,13,86400,85920,2194646400,2182453920
Tuolumne,16,4,Bump_2911,48,16,16,95928,95400,2436667128,2423255400
Tuolumne,16,4,Bump_2911,49,12,12,86352,85632,2193427152,2175138432
Tuolumne,16,4,Bump_2911,50,8,8,69456,69600,1764251856,1767909600
Tuolumne,16,4,Bump_2911,51,11,11,91032,90528,2312303832,2299501728
Tuolumne,16,4,Bump_2911,52,11,11,75288,75192,1912390488,1909951992
Tuolumne,16,4,Bump_2911,53,11,11,87504,87168,2222689104,2214154368
Tuolumne,16,4,Bump_2911,54,16,16,87936,87120,2233662336,2212935120
Tuolumne,16,4,Bump_2911,55,16,16,96240,97752,2444592240,2482998552
Tuolumne,16,4,Bump_2911,56,8,8,83832,84576,2129416632,2148314976
Tuolumne,16,4,Bump_2911,57,7,7,71496,71616,1816069896,1819118016
Tuolumne,16,4,Bump_2911,58,11,11,71976,70056,1828262376,1779492456
Tuolumne,16,4,Bump_2911,59,10,10,72840,73728,1850208840,1872764928
Tuolumne,16,4,Bump_2911,60,14,14,100152,100608,2543960952,2555543808
Tuolumne,16,4,Bump_2911,61,19,19,101856,101880,2587244256,2587853880
Tuolumne,16,4,Bump_2911,62,21,21,104472,102408,2653693272,2601265608
Tuolumne,16,4,Bump_2911,63,11,11,92304,92928,2344613904,2360464128
Tuolumne,16,4,Cube_Coup_dt0,0,15,15,92032,93216,37733120,38218560
Tuolumne,16,4,Cube_Coup_dt0,1,10,10,66272,66848,27171520,27407680
Tuolumne,16,4,Cube_Coup_dt0,2,9,9,75080,75416,30782800,30920560
Tuolumne,16,4,Cube_Coup_dt0,3,14,14,84704,83712,34728640,34321920
Tuolumne,16,4,Cube_Coup_dt0,4,15,15,86728,87384,35558480,35827440
Tuolumne,16,4,Cube_Coup_dt0,5,16,16,84168,83608,34508880,34279280
Tuolumne,16,4,Cube_Coup_dt0,6,10,10,70920,71160,29077200,29175600
Tuolumne,16,4,Cube_Coup_dt0,7,11,11,77368,76424,31720880,31333840
Tuolumne,16,4,Cube_Coup_dt0,8,5,5,51792,52272,21234720,21431520
Tuolumne,16,4,Cube_Coup_dt0,9,6,6,51008,51360,20913280,21057600
Tuolumne,16,4,Cube_Coup_dt0,10,7,7,64168,64376,26308880,26394160
Tuolumne,16,4,Cube_Coup_dt0,11,5,5,48704,49184,19968640,20165440
Tuolumne,16,4,Cube_Coup_dt0,12,9,9,74400,73824,30504000,30267840
Tuolumne,16,4,Cube_Coup_dt0,13,10,10,75648,76608,31015680,31409280
Tuolumne,16,4,Cube_Coup_dt0,14,7,7,54400,54464,22304000,22330240
Tuolumne,16,4,Cube_Coup_dt0,15,9,9,68904,68312,28250640,28007920
Tuolumne,16,4,Cube_Coup_dt0,16,8,8,73160,73016,29995600,29936560
Tuolumne,16,4,Cube_Coup_dt0,17,10,10,72512,72064,29729920,29546240
Tuolumne,16,4,Cube_Coup_dt0,18,14,14,86600,87448,35506000,35853680
Tuolumne,16,4,Cube_Coup_dt0,19,13,13,90272,90016,37011520,36906560
Tuolumne,16,4,Cube_Coup_dt0,20,9,9,64128,62752,26292480,25728320
Tuolumne,16,4,Cube_Coup_dt0,21,11,11,79072,79008,32419520,32393280
Tuolumne,16,4,Cube_Coup_dt0,22,10,10,75360,76288,30897600,31278080
Tuolumne,16,4,Cube_Coup_dt0,23,12,12,82304,82528,33744640,33836480
Tuolumne,16,4,Cube_Coup_dt0,24,8,8,64128,64736,26292480,26541760
Tuolumne,16,4,Cube_Coup_dt0,25,10,10,70400,69952,28864000,28680320
Tuolumne,16,4,Cube_Coup_dt0,26,7,7,53288,53272,21848080,21841520
Tuolumne,16,4,Cube_Coup_dt0,27,13,13,75936,75776,31133760,31068160
Tuolumne,16,4,Cube_Coup_dt0,28,12,12,83968,82752,34426880,33928320
Tuolumne,16,4,Cube_Coup_dt0,29,7,7,47568,48440,19502880,19860400
Tuolumne,16,4,Cube_Coup_dt0,30,6,6,47456,47072,19456960,19299520
Tuolumne,16,4,Cube_Coup_dt0,31,8,8,58528,59064,23996480,24216240
Tuolumne,16,4,Cube_Coup_dt0,32,7,7,57736,58904,23671760,24150640
Tuolumne,16,4,Cube_Coup_dt0,33,5,5,43648,43776,17895680,17948160
Tuolumne,16,4,Cube_Coup_dt0,34,9,9,75744,75520,31055040,30963200
Tuolumne,16,4,Cube_Coup_dt0,35,8,8,57728,56576,23668480,23196160
Tuolumne,16,4,Cube_Coup_dt0,36,15,15,88880,87856,36440800,36020960
Tuolumne,16,4,Cube_Coup_dt0,37,9,9,64056,64448,26262960,26423680
Tuolumne,16,4,Cube_Coup_dt0,38,6,6,58376,58520,23934160,23993200
Tuolumne,16,4,Cube_Coup_dt0,39,6,6,53368,53800,21880880,22058000
Tuolumne,16,4,Cube_Coup_dt0,40,11,11,74448,73872,30523680,30287520
Tuolumne,16,4,Cube_Coup_dt0,41,11,11,76256,76384,31264960,31317440
Tuolumne,16,4,Cube_Coup_dt0,42,13,13,84664,85056,34712240,34872960
Tuolumne,16,4,Cube_Coup_dt0,43,13,13,86816,87616,35594560,35922560
Tuolumne,16,4,Cube_Coup_dt0,44,10,10,76576,78528,31396160,32196480
Tuolumne,16,4,Cube_Coup_dt0,45,12,12,79568,79160,32622880,32455600
Tuolumne,16,4,Cube_Coup_dt0,46,7,7,53216,53472,21818560,21923520
Tuolumne,16,4,Cube_Coup_dt0,47,13,13,75040,73376,30766400,30084160
Tuolumne,16,4,Cube_Coup_dt0,48,14,14,78752,78016,32288320,31986560
Tuolumne,16,4,Cube_Coup_dt0,49,7,7,56264,56344,23068240,23101040
Tuolumne,16,4,Cube_Coup_dt0,50,12,12,76688,74648,31442080,30605680
Tuolumne,16,4,Cube_Coup_dt0,51,8,8,64480,65888,26436800,27014080
Tuolumne,16,4,Cube_Coup_dt0,52,8,8,80072,80568,32829520,33032880
Tuolumne,16,4,Cube_Coup_dt0,53,4,4,45632,46304,18709120,18984640
Tuolumne,16,4,Cube_Coup_dt0,54,8,8,55808,55168,22881280,22618880
Tuolumne,16,4,Cube_Coup_dt0,55,6,6,47744,47584,19575040,19509440
Tuolumne,16,4,Cube_Coup_dt0,56,9,9,70824,71824,29037840,29447840
Tuolumne,16,4,Cube_Coup_dt0,57,7,7,54848,54336,22487680,22277760
Tuolumne,16,4,Cube_Coup_dt0,58,9,9,80320,80000,32931200,32800000
Tuolumne,16,4,Cube_Coup_dt0,59,10,10,67808,67872,27801280,27827520
Tuolumne,16,4,Cube_Coup_dt0,60,11,11,80128,80704,32852480,33088640
Tuolumne,16,4,Cube_Coup_dt0,61,9,9,76192,75552,31238720,30976320
Tuolumne,16,4,Cube_Coup_dt0,62,16,16,95264,93760,39058240,38441600
Tuolumne,16,4,Cube_Coup_dt0,63,15,15,90448,90584,37083680,37139440
Tuolumne,16,4,Flan_1565,0,5,5,28024,28592,32479816,33138128
Tuolumne,16,4,Flan_1565,1,6,6,35112,34896,40694808,40444464
Tuolumne,16,4,Flan_1565,2,5,5,22056,22200,25562904,25729800
Tuolumne,16,4,Flan_1565,3,5,5,30176,30480,34973984,35326320
Tuolumne,16,4,Flan_1565,4,3,3,22704,23232,26313936,26925888
Tuolumne,16,4,Flan_1565,5,6,6,35424,35496,41056416,41139864
Tuolumne,16,4,Flan_1565,6,4,4,25184,25024,29188256,29002816
Tuolumne,16,4,Flan_1565,7,5,5,30896,30392,35808464,35224328
Tuolumne,16,4,Flan_1565,8,4,4,26080,26192,30226720,30356528
Tuolumne,16,4,Flan_1565,9,4,4,24096,23712,27927264,27482208
Tuolumne,16,4,Flan_1565,10,4,4,27264,27288,31598976,31626792
Tuolumne,16,4,Flan_1565,11,4,4,26064,26328,30208176,30514152
Tuolumne,16,4,Flan_1565,12,5,5,26696,26152,30940664,30310168
Tuolumne,16,4,Flan_1565,13,4,4,25648,25664,29726032,29744576
Tuolumne,16,4,Flan_1565,14,4,4,28584,28584,33128856,33128856
Tuolumne,16,4,Flan_1565,15,4,4,24600,24576,28511400,28483584
Tuolumne,16,4,Flan_1565,16,4,4,30144,30144,34936896,34936896
Tuolumne,16,4,Flan_1565,17,4,4,28824,28824,33407016,33407016
Tuolumne,16,4,Flan_1565,18,5,5,34608,34872,40110672,40416648
Tuolumne,16,4,Flan_1565,19,6,6,29664,29400,34380576,34074600
Tuolumne,16,4,Flan_1565,20,3,3,31976,32488,37060184,37653592
Tuolumne,16,4,Flan_1565,21,4,4,31720,31736,36763480,36782024
Tuolumne,16,4,Flan_1565,22,7,7,34368,33576,39832512,38914584
Tuolumne,16,4,Flan_1565,23,7,7,32272,32048,37403248,37143632
Tuolumne,16,4,Flan_1565,24,3,3,23152,23656,26833168,27417304
Tuolumne,16,4,Flan_1565,25,4,4,22784,22880,26406656,26517920
Tuolumne,16,4,Flan_1565,26,4,4,24624,24888,28539216,28845192
Tuolumne,16,4,Flan_1565,27,5,5,24120,23520,27955080,27259680
Tuolumne,16,4,Flan_1565,28,4,4,24584,24568,28492856,28474312
Tuolumne,16,4,Flan_1565,29,4,4,26704,26720,30949936,30968480
Tuolumne,16,4,Flan_1565,30,4,4,22472,22456,26045048,26026504
Tuolumne,16,4,Flan_1565,31,4,4,25936,25688,30059824,29772392
Tuolumne,16,4,Flan_1565,32,3,3,28840,29120,33425560,33750080
Tuolumne,16,4,Flan_1565,33,5,5,35328,35064,40945152,40639176
Tuolumne,16,4,Flan_1565,34,4,4,27776,27520,32192384,31895680
Tuolumne,16,4,Flan_1565,35,4,4,32536,32528,37709224,37699952
Tuolumne,16,4,Flan_1565,36,10,10,36864,35856,42725376,41557104
Tuolumne,16,4,Flan_1565,37,5,5,29480,30256,34167320,35066704
Tuolumne,16,4,Flan_1565,38,5,5,31480,31736,36485320,36782024
Tuolumne,16,4,Flan_1565,39,4,4,25968,26520,30096912,30736680
Tuolumne,16,4,Flan_1565,40,4,4,28200,28032,32683800,32489088
Tuolumne,16,4,Flan_1565,41,3,3,22992,23520,26647728,27259680
Tuolumne,16,4,Flan_1565,42,4,4,26200,26192,30365800,30356528
Tuolumne,16,4,Flan_1565,43,5,5,33432,33336,38747688,38636424
Tuolumne,16,4,Flan_1565,44,4,4,25680,25152,29763120,29151168
Tuolumne,16,4,Flan_1565,45,4,4,26424,26424,30625416,30625416
Tuolumne,16,4,Flan_1565,46,4,4,28032,28296,32489088,32795064
Tuolumne,16,4,Flan_1565,47,4,4,25896,26160,30013464,30319440
Tuolumne,16,4,Flan_1565,48,4,4,29072,28792,33694448,33369928
Tuolumne,16,4,Flan_1565,49,4,4,27760,27776,32173840,32192384
Tuolumne,16,4,Flan_1565,50,4,4,27120,27096,31432080,31404264
Tuolumne,16,4,Flan_1565,51,4,4,29880,30144,34630920,34936896
Tuolumne,16,4,Flan_1565,52,4,4,20552,20768,23819768,24070112
Tuolumne,16,4,Flan_1565,53,6,6,38376,38232,44477784,44310888
Tuolumne,16,4,Flan_1565,54,5,5,23288,22848,26990792,26480832
Tuolumne,16,4,Flan_1565,55,5,5,30936,31176,35854824,36132984
Tuolumne,16,4,Flan_1565,56,4,4,29864,30112,34612376,34899808
Tuolumne,16,4,Flan_1565,57,4,4,24592,24608,28502128,28520672
Tuolumne,16,4,Flan_1565,58,5,5,28584,28056,33128856,32516904
Tuolumne,16,4,Flan_1565,59,3,3,24312,24576,28177608,28483584
Tuolumne,16,4,Flan_1565,60,4,4,28584,28584,33128856,33128856
Tuolumne,16,4,Flan_1565,61,3,3,23544,24072,27287496,27899448
Tuolumne,16,4,Flan_1565,62,4,4,26328,26184,30514152,30347256
Tuolumne,16,4,Flan_1565,63,5,5,22992,22464,26647728,26035776
Tuolumne,16,4,Queen_4147,0,11,11,103736,100840,2717468256,2641604640
Tuolumne,16,4,Queen_4147,1,8,8,103624,104264,2714534304,2731299744
Tuolumne,16,4,Queen_4147,2,4,4,63440,64672,1661874240,1694147712
Tuolumne,16,4,Queen_4147,3,6,6,97840,99440,2563016640,2604930240
Tuolumne,16,4,Queen_4147,4,7,7,92552,93736,2424492192,2455508256
Tuolumne,16,4,Queen_4147,5,12,12,127912,127928,3350782752,3351201888
Tuolumne,16,4,Queen_4147,6,6,6,71968,70424,1885273728,1844827104
Tuolumne,16,4,Queen_4147,7,7,7,99104,99712,2596128384,2612055552
Tuolumne,16,4,Queen_4147,8,14,14,140456,138136,3679385376,3618610656
Tuolumne,16,4,Queen_4147,9,12,12,142552,143744,3734292192,3765517824
Tuolumne,16,4,Queen_4147,10,9,9,113816,114664,2981523936,3003738144
Tuolumne,16,4,Queen_4147,11,10,10,108448,107864,2840903808,2825605344
Tuolumne,16,4,Queen_4147,12,12,12,133288,131432,3491612448,3442992672
Tuolumne,16,4,Queen_4147,13,14,14,123736,123992,3241388256,3248094432
Tuolumne,16,4,Queen_4147,14,8,8,101312,100408,2653969152,2630287968
Tuolumne,16,4,Queen_4147,15,7,7,95272,97832,2495745312,2562807072
Tuolumne,16,4,Queen_4147,16,8,8,109288,109544,2862908448,2869614624
Tuolumne,16,4,Queen_4147,17,14,14,163104,163296,4272672384,4277702016
Tuolumne,16,4,Queen_4147,18,16,16,178952,179728,4687826592,4708154688
Tuolumne,16,4,Queen_4147,19,9,9,135832,137840,3558255072,3610856640
Tuolumne,16,4,Queen_4147,20,9,9,102656,103480,2689176576,2710762080
Tuolumne,16,4,Queen_4147,21,10,10,119320,121304,3125706720,3177679584
Tuolumne,16,4,Queen_4147,22,12,12,125840,125032,3296504640,3275338272
Tuolumne,16,4,Queen_4147,23,8,8,97936,99368,2565531456,2603044128
Tuolumne,16,4,Queen_4147,24,12,12,129224,128512,3385151904,3366500352
Tuolumne,16,4,Queen_4147,25,7,7,97528,97688,2554843488,2559034848
Tuolumne,16,4,Queen_4147,26,9,9,106856,104320,2799199776,2732766720
Tuolumne,16,4,Queen_4147,27,4,4,65464,67640,1714894944,1771897440
Tuolumne,16,4,Queen_4147,28,9,9,96296,96184,2522570016,2519636064
Tuolumne,16,4,Queen_4147,29,6,6,71344,69800,1868927424,1828480800
Tuolumne,16,4,Queen_4147,30,10,10,95120,95128,2491763520,2491973088
Tuolumne,16,4,Queen_4147,31,13,13,128656,126824,3370272576,3322281504
Tuolumne,16,4,Queen_4147,32,10,10,103568,102328,2713067328,2680584288
Tuolumne,16,4,Queen_4147,33,8,8,100048,99176,2620857408,2598014496
Tuolumne,16,4,Queen_4147,34,10,10,141240,141360,3699923040,3703066560
Tuolumne,16,4,Queen_4147,35,13,13,136880,137320,3585708480,3597234720
Tuolumne,16,4,Queen_4147,36,17,17,161384,162400,4227615264,4254230400
Tuolumne,16,4,Queen_4147,37,11,11,125440,128792,3286026240,3373835232
Tuolumne,16,4,Queen_4147,38,8,8,96776,96976,2535144096,2540383296
Tuolumne,16,4,Queen_4147,39,8,8,99160,98672,2597595360,2584811712
Tuolumne,16,4,Queen_4147,40,5,5,61472,61456,1610320512,1609901376
Tuolumne,16,4,Queen_4147,41,9,9,98752,97400,2586907392,2551490400
Tuolumne,16,4,Queen_4147,42,11,11,106568,104392,2791655328,2734652832
Tuolumne,16,4,Queen_4147,43,14,14,121856,120536,3192139776,3157561056
Tuolumne,16,4,Queen_4147,44,10,10,101336,101896,2654597856,2669267616
Tuolumne,16,4,Queen_4147,45,6,6,74320,74696,1946886720,1956736416
Tuolumne,16,4,Queen_4147,46,8,8,94296,95784,2470178016,2509157664
Tuolumne,16,4,Queen_4147,47,12,12,133808,131416,3505234368,3442573536
Tuolumne,16,4,Queen_4147,48,11,11,137640,138752,3605617440,3634747392
Tuolumne,16,4,Queen_4147,49,6,6,86632,87992,2269411872,2305038432
Tuolumne,16,4,Queen_4147,50,11,11,111440,108856,2919282240,2851591776
Tuolumne,16,4,Queen_4147,51,5,5,66256,67208,1735642176,1760580768
Tuolumne,16,4,Queen_4147,52,11,11,125960,126832,3299648160,3322491072
Tuolumne,16,4,Queen_4147,53,6,6,93136,95120,2439790656,2491763520
Tuolumne,16,4,Queen_4147,54,8,8,105080,105136,2752675680,2754142656
Tuolumne,16,4,Queen_4147,55,4,4,63664,63752,1667742144,1670047392
Tuolumne,16,4,Queen_4147,56,11,11,128256,127312,3359794176,3335065152
Tuolumne,16,4,Queen_4147,57,15,15,143280,142208,3753362880,3725280768
Tuolumne,16,4,Queen_4147,58,7,7,110040,109096,2882607840,2857878816
Tuolumne,16,4,Queen_4147,59,6,6,94176,95864,2467034496,2511253344
Tuolumne,16,4,Queen_4147,60,14,14,125696,124888,3292732416,3271566048
Tuolumne,16,4,Queen_4147,61,15,15,132304,129776,3465835584,3399612096
Tuolumne,16,4,Queen_4147,62,14,14,133184,131920,3488888064,3455776320
Tuolumne,16,4,Queen_4147,63,7,7,92464,94496,2422186944,2475417216
Tuolumne,16,4,Serena,0,11,11,45544,46496,170790000,174360000
Tuolumne,16,4,Serena,1,17,17,58096,57704,217860000,216390000
Tuolumne,16,4,Serena,2,11,11,55448,56272,207930000,211020000
Tuolumne,16,4,Serena,3,12,12,48304,47768,181140000,179130000
Tuolumne,16,4,Serena,4,10,10,49632,48288,186120000,181080000
Tuolumne,16,4,Serena,5,7,7,42656,43168,159960000,161880000
Tuolumne,16,4,Serena,6,14,14,56536,55616,212010000,208560000
Tuolumne,16,4,Serena,7,13,13,60736,61184,227760000,229440000
Tuolumne,16,4,Serena,8,12,12,46768,48176,175380000,180660000
Tuolumne,16,4,Serena,9,6,6,33520,34016,125700000,127560000
Tuolumne,16,4,Serena,10,19,19,33808,31624,126780000,118590000
Tuolumne,16,4,Serena,11,6,6,12512,12752,46920000,47820000
Tuolumne,16,4,Serena,12,14,14,57432,58176,215370000,218160000
Tuolumne,16,4,Serena,13,11,11,48984,47752,183690000,179070000
Tuolumne,16,4,Serena,14,16,16,62928,62480,235980000,234300000
Tuolumne,16,4,Serena,15,12,12,47080,47744,176550000,179040000
Tuolumne,16,4,Serena,16,11,11,41776,43376,156660000,162660000
Tuolumne,16,4,Serena,17,6,6,37312,37448,139920000,140430000
Tuolumne,16,4,Serena,18,13,13,45560,44992,170850000,168720000
Tuolumne,16,4,Serena,19,11,11,55360,54560,207600000,204600000
Tuolumne,16,4,Serena,20,13,13,17176,16544,64410000,62040000
Tuolumne,16,4,Serena,21,8,8,19296,19128,72360000,71730000
Tuolumne,16,4,Serena,22,3,3,13112,12376,49170000,46410000
Tuolumne,16,4,Serena,23,4,4,12496,13880,46860000,52050000
Tuolumne,16,4,Serena,24,11,11,54064,56024,202740000,210090000
Tuolumne,16,4,Serena,25,14,14,43480,42344,163050000,158790000
Tuolumne,16,4,Serena,26,12,12,57416,57184,215310000,214440000
Tuolumne,16,4,Serena,27,16,16,70912,71264,265920000,267240000
Tuolumne,16,4,Serena,28,10,10,55592,53896,208470000,202110000
Tuolumne,16,4,Serena,29,20,20,37000,37400,138750000,140250000
Tuolumne,16,4,Serena,30,15,15,57248,56224,214680000,210840000
Tuolumne,16,4,Serena,31,9,9,40312,41624,151170000,156090000
Tuolumne,16,4,Serena,32,13,13,65160,65424,244350000,245340000
Tuolumne,16,4,Serena,33,11,11,48184,49336,180690000,185010000
Tuolumne,16,4,Serena,34,11,11,51344,52240,192540000,195900000
Tuolumne,16,4,Serena,35,9,9,42472,43448,159270000,162930000
Tuolumne,16,4,Serena,36,13,13,48864,50360,183240000,188850000
Tuolumne,16,4,Serena,37,20,20,18680,17384,70050000,65190000
Tuolumne,16,4,Serena,38,11,11,35480,35312,133050000,132420000
Tuolumne,16,4,Serena,39,11,11,46816,45992,175560000,172470000
Tuolumne,16,4,Serena,40,11,11,51072,49272,191520000,184770000
Tuolumne,16,4,Serena,41,9,9,49352,49600,185070000,186000000
Tuolumne,16,4,Serena,42,15,15,58832,59056,220620000,221460000
Tuolumne,16,4,Serena,43,11,11,55504,55736,208140000,209010000
Tuolumne,16,4,Serena,44,13,13,53656,53936,201210000,202260000
Tuolumne,16,4,Serena,45,13,13,47808,47904,179280000,179640000
Tuolumne,16,4,Serena,46,18,18,52184,52336,195690000,196260000
Tuolumne,16,4,Serena,47,12,12,64960,64928,243600000,243480000
Tuolumne,16,4,Serena,48,18,18,39016,38336,146310000,143760000
Tuolumne,16,4,Serena,49,7,7,40336,40808,151260000,153030000
Tuolumne,16,4,Serena,50,12,12,36424,38032,136590000,142620000
Tuolumne,16,4,Serena,51,10,10,36416,35744,136560000,134040000
Tuolumne,16,4,Serena,52,3,3,9288,9816,34830000,36810000
Tuolumne,16,4,Serena,53,6,6,13856,14080,51960000,52800000
Tuolumne,16,4,Serena,54,17,17,28216,27536,105810000,103260000
Tuolumne,16,4,Serena,55,5,5,11440,11600,42900000,43500000
Tuolumne,16,4,Serena,56,16,16,61424,60712,230340000,227670000
Tuolumne,16,4,Serena,57,11,11,46000,46400,172500000,174000000
Tuolumne,16,4,Serena,58,13,13,55576,55088,208410000,206580000
Tuolumne,16,4,Serena,59,11,11,64264,63992,240990000,239970000
Tuolumne,16,4,Serena,60,17,17,52808,51640,198030000,193650000
Tuolumne,16,4,Serena,61,15,15,62176,61208,233160000,229530000
Tuolumne,16,4,Serena,62,13,13,58248,58280,218430000,218550000
Tuolumne,16,4,Serena,63,8,8,44408,45344,166530000,170040000
Tuolumne,16,4,nd24k,0,19,19,37896,37904,28346208,28352192
Tuolumne,16,4,nd24k,1,12,12,23576,23728,17634848,17748544
Tuolumne,16,4,nd24k,2,16,16,35400,31496,26479200,23559008
Tuolumne,16,4,nd24k,3,12,12,18592,20136,13906816,15061728
Tuolumne,16,4,nd24k,4,16,16,32856,32056,24576288,23977888
Tuolumne,16,4,nd24k,5,10,10,20152,22624,15073696,16922752
Tuolumne,16,4,nd24k,6,12,12,25456,25320,19041088,18939360
Tuolumne,16,4,nd24k,7,12,12,25712,28536,19232576,21344928
Tuolumne,16,4,nd24k,8,10,10,24736,20944,18502528,15666112
Tuolumne,16,4,nd24k,9,10,10,19704,19992,14738592,14954016
Tuolumne,16,4,nd24k,10,22,22,39000,40512,29172000,30302976
Tuolumne,16,4,nd24k,11,12,12,26520,26160,19836960,19567680
Tuolumne,16,4,nd24k,12,10,10,20840,21176,15588320,15839648
Tuolumne,16,4,nd24k,13,16,16,34176,37832,25563648,28298336
Tuolumne,16,4,nd24k,14,14,14,25216,28968,18861568,21668064
Tuolumne,16,4,nd24k,15,10,10,22008,22912,16461984,17138176
Tuolumne,16,4,nd24k,16,23,23,37456,36736,28017088,27478528
Tuolumne,16,4,nd24k,17,12,12,23544,26064,17610912,19495872
Tuolumne,16,4,nd24k,18,7,7,14240,16000,10651520,11968000
Tuolumne,16,4,nd24k,19,13,13,27744,26328,20752512,19693344
Tuolumne,16,4,nd24k,20,13,13,28680,26296,21452640,19669408
Tuolumne,16,4,nd24k,21,8,8,18144,20648,13571712,15444704
Tuolumne,16,4,nd24k,22,8,8,21152,22456,15821696,16797088
Tuolumne,16,4,nd24k,23,19,19,39160,34480,29291680,25791040
Tuolumne,16,4,nd24k,24,10,10,18088,18880,13529824,14122240
Tuolumne,16,4,nd24k,25,11,11,24904,25792,18628192,19292416
Tuolumne,16,4,nd24k,26,22,22,39968,41936,29896064,31368128
Tuolumne,16,4,nd24k,27,14,14,26576,28160,19878848,21063680
Tuolumne,16,4,nd24k,28,15,15,29456,32776,22033088,24516448
Tuolumne,16,4,nd24k,29,11,11,25864,25216,19346272,18861568
Tuolumne,16,4,nd24k,30,12,12,30864,31488,23086272,23553024
Tuolumne,16,4,nd24k,31,7,7,17600,19472,13164800,14565056
Tuolumne,16,4,nd24k,32,15,15,28744,30288,21500512,22655424
Tuolumne,16,4,nd24k,33,10,10,22240,23072,16635520,17257856
Tuolumne,16,4,nd24k,34,17,17,35824,35600,26796352,26628800
Tuolumne,16,4,nd24k,35,12,12,22440,23464,16785120,17551072
Tuolumne,16,4,nd24k,36,24,24,43880,39904,32822240,29848192
Tuolumne,16,4,nd24k,37,15,15,30288,27296,22655424,20417408
Tuolumne,16,4,nd24k,38,11,11,25448,24400,19035104,18251200
Tuolumne,16,4,nd24k,39,8,8,17656,17528,13206688,13110944
Tuolumne,16,4,nd24k,40,26,26,43208,39072,32319584,29225856
Tuolumne,16,4,nd24k,41,15,15,28352,28408,21207296,21249184
Tuolumne,16,4,nd24k,42,9,9,23152,23608,17317696,17658784
Tuolumne,16,4,nd24k,43,9,9,22432,22664,16779136,16952672
Tuolumne,16,4,nd24k,44,14,14,28840,28424,21572320,21261152
Tuolumne,16,4,nd24k,45,11,11,28016,26632,20955968,19920736
Tuolumne,16,4,nd24k,46,11,11,28056,28560,20985888,21362880
Tuolumne,16,4,nd24k,47,9,9,20128,22808,15055744,17060384
Tuolumne,16,4,nd24k,48,12,12,23968,25096,17928064,18771808
Tuolumne,16,4,nd24k,49,14,14,28664,28272,21440672,21147456
Tuolumne,16,4,nd24k,50,18,18,33880,30952,25342240,23152096
Tuolumne,16,4,nd24k,51,12,12,23672,23104,17706656,17281792
Tuolumne,16,4,nd24k,52,16,16,35080,32496,26239840,24307008
Tuolumne,16,4,nd24k,53,26,26,42488,38656,31781024,28914688
Tuolumne,16,4,nd24k,54,9,9,19608,19512,14666784,14594976
Tuolumne,16,4,nd24k,55,14,14,28936,29736,21644128,22242528
Tuolumne,16,4,nd24k,56,12,12,24496,27072,18323008,20249856
Tuolumne,16,4,nd24k,57,23,23,40984,37752,30656032,28238496
Tuolumne,16,4,nd24k,58,11,11,23024,22160,17221952,16575680
Tuolumne,16,4,nd24k,59,10,10,26184,22480,19585632,16815040
Tuolumne,16,4,nd24k,60,17,17,35224,34424,26347552,25749152
Tuolumne,16,4,nd24k,61,10,10,25648,22888,19184704,17120224
Tuolumne,16,4,nd24k,62,8,8,14440,17928,10801120,13410144
Tuolumne,16,4,nd24k,63,12,12,29208,32208,21847584,24091584
Tuolumne,16,4,ldoor,0,4,4,8368,8208,76843344,75374064
Tuolumne,16,4,ldoor,1,6,6,7928,8032,72802824,73757856
Tuolumne,16,4,ldoor,2,4,4,8312,9048,76329096,83087784
Tuolumne,16,4,ldoor,3,6,6,7136,6304,65529888,57889632
Tuolumne,16,4,ldoor,4,5,5,7816,8088,71774328,74272104
Tuolumne,16,4,ldoor,5,4,4,7352,7488,67513416,68762304
Tuolumne,16,4,ldoor,6,5,5,7304,7032,67072632,64574856
Tuolumne,16,4,ldoor,7,7,7,8992,9096,82573536,83528568
Tuolumne,16,4,ldoor,8,5,5,8312,7816,76329096,71774328
Tuolumne,16,4,ldoor,9,7,7,9104,9096,83602032,83528568
Tuolumne,16,4,ldoor,10,6,6,9320,9496,85585560,87201768
Tuolumne,16,4,ldoor,11,4,4,7744,7600,71113152,69790800
Tuolumne,16,4,ldoor,12,7,7,9040,9272,83014320,85144776
Tuolumne,16,4,ldoor,13,4,4,7144,7472,65603352,68615376
Tuolumne,16,4,ldoor,14,4,4,8024,6984,73684392,64134072
Tuolumne,16,4,ldoor,15,7,7,8592,9048,78900336,83087784
Tuolumne,16,4,ldoor,16,4,4,8088,7872,74272104,72288576
Tuolumne,16,4,ldoor,17,5,5,7192,7032,66044136,64574856
Tuolumne,16,4,ldoor,18,4,4,6976,7640,64060608,70158120
Tuolumne,16,4,ldoor,19,5,5,7408,7432,68027664,68248056
Tuolumne,16,4,ldoor,20,3,3,6688,7144,61415904,65603352
Tuolumne,16,4,ldoor,21,4,4,7424,7192,68174592,66044136
Tuolumne,16,4,ldoor,22,9,9,8760,8656,80443080,79488048
Tuolumne,16,4,ldoor,23,4,4,7304,6920,67072632,63546360
Tuolumne,16,4,ldoor,24,5,5,8200,8264,75300600,75888312
Tuolumne,16,4,ldoor,25,5,5,9328,9432,85659024,86614056
Tuolumne,16,4,ldoor,26,5,5,8480,9104,77871840,83602032
Tuolumne,16,4,ldoor,27,4,4,7760,7528,71260080,69129624
Tuolumne,16,4,ldoor,28,5,5,7752,7536,71186616,69203088
Tuolumne,16,4,ldoor,29,5,5,9608,10104,88230264,92785032
Tuolumne,16,4,ldoor,30,3,3,5000,4800,45915000,44078400
Tuolumne,16,4,ldoor,31,4,4,10328,9720,94842024,89258760
Tuolumne,16,4,ldoor,32,6,6,8504,9328,78092232,85659024
Tuolumne,16,4,ldoor,33,5,5,10312,9320,94695096,85585560
Tuolumne,16,4,ldoor,34,5,5,9432,9048,86614056,83087784
Tuolumne,16,4,ldoor,35,5,5,9944,10216,91315752,93813528
Tuolumne,16,4,ldoor,36,5,5,9160,9936,84116280,91242288
Tuolumne,16,4,ldoor,37,5,5,8864,8720,81398112,80075760
Tuolumne,16,4,ldoor,38,6,6,7776,7648,71407008,70231584
Tuolumne,16,4,ldoor,39,5,5,7064,7024,64868712,64501392
Tuolumne,16,4,ldoor,40,5,5,9368,9488,86026344,87128304
Tuolumne,16,4,ldoor,41,8,8,5632,5248,51718656,48192384
Tuolumne,16,4,ldoor,42,5,5,7816,8032,71774328,73757856
Tuolumne,16,4,ldoor,43,3,3,7576,7824,69570408,71847792
Tuolumne,16,4,ldoor,44,3,3,7760,7640,71260080,70158120
Tuolumne,16,4,ldoor,45,5,5,7800,7488,71627400,68762304
Tuolumne,16,4,ldoor,46,4,4,7808,7480,71700864,68688840
Tuolumne,16,4,ldoor,47,5,5,8656,9264,79488048,85071312
Tuolumne,16,4,ldoor,48,4,4,8648,9496,79414584,87201768
Tuolumne,16,4,ldoor,49,3,3,7256,6800,66631848,62444400
Tuolumne,16,4,ldoor,50,5,5,7688,8160,70598904,74933280
Tuolumne,16,4,ldoor,51,7,7,7640,6640,70158120,60975120
Tuolumne,16,4,ldoor,52,4,4,9040,8880,83014320,81545040
Tuolumne,16,4,ldoor,53,5,5,9104,9600,83602032,88156800
Tuolumne,16,4,ldoor,54,7,7,8928,9160,81985824,84116280
Tuolumne,16,4,ldoor,55,9,9,6856,6640,62958648,60975120
Tuolumne,16,4,ldoor,56,4,4,7928,7472,72802824,68615376
Tuolumne,16,4,ldoor,57,6,6,8360,8440,76769880,77504520
Tuolumne,16,4,ldoor,58,5,5,8256,8880,75814848,81545040
Tuolumne,16,4,ldoor,59,5,5,7592,7696,69717336,70672368
Tuolumne,16,4,ldoor,60,6,6,6864,6856,63032112,62958648
Tuolumne,16,4,ldoor,61,4,4,7128,7096,65456424,65162568
Tuolumne,16,4,ldoor,62,4,4,6632,6080,60901656,55832640
Tuolumne,16,4,ldoor,63,5,5,8872,8992,81471576,82573536
Tuolumne,1,1,guenda11m,0,0,0,0,0,0,0
Tuolumne,1,1,agg14m,0,0,0,0,0,0,0
Tuolumne,1,2,guenda11m,0,1,1,622704,630360,19240308192,19476863280
Tuolumne,1,2,guenda11m,1,1,1,630360,622704,19476863280,19240308192
Tuolumne,1,2,agg14m,0,1,1,753144,750288,829211544,826067088
Tuolumne,1,2,agg14m,1,1,1,750288,753144,826067088,829211544
Tuolumne,1,4,guenda11m,0,3,3,868360,866120,27512249880,27441279960
Tuolumne,1,4,guenda11m,1,3,3,755648,765304,23941195584,24247126632
Tuolumne,1,4,guenda11m,2,3,3,699392,685360,22158836736,21714260880
Tuolumne,1,4,guenda11m,3,3,3,630544,637160,19977525552,20187140280
Tuolumne,1,4,agg14m,0,3,3,746616,745584,820530984,819396816
Tuolumne,1,4,agg14m,1,3,3,791472,789672,869827728,867849528
Tuolumne,1,4,agg14m,2,3,3,775536,780888,852314064,858195912
Tuolumne,1,4,agg14m,3,3,3,750792,748272,825120408,822350928
Tuolumne,2,1,guenda11m,0,1,1,622704,630360,19240308192,19476863280
Tuolumne,2,1,guenda11m,1,1,1,630360,622704,19476863280,19240308192
Tuolumne,2,1,agg14m,0,1,1,753144,750288,829211544,826067088
Tuolumne,2,1,agg14m,1,1,1,750288,753144,826067088,829211544
Tuolumne,2,2,guenda11m,0,3,3,868360,866120,27323815760,27253331920
Tuolumne,2,2,guenda11m,1,3,3,755648,765304,23777219968,24081055664
Tuolumne,2,2,guenda11m,2,3,3,699392,685360,22007068672,21565537760
Tuolumne,2,2,guenda11m,3,3,3,630544,637160,19840697504,20048876560
Tuolumne,2,2,agg14m,0,3,3,746616,745584,820530984,819396816
Tuolumne,2,2,agg14m,1,3,3,791472,789672,869827728,867849528
Tuolumne,2,2,agg14m,2,3,3,775536,780888,852314064,858195912
Tuolumne,2,2,agg14m,3,3,3,750792,748272,825120408,822350928
Tuolumne,2,4,guenda11m,0,6,6,654032,656896,20776634544,20867615232
Tuolumne,2,4,guenda11m,1,7,7,629624,626440,20001265608,19900119480
Tuolumne,2,4,guenda11m,2,7,7,766880,770224,24361476960,24467705808
Tuolumne,2,4,guenda11m,3,4,4,484680,488424,15396829560,15515765208
Tuolumne,2,4,guenda11m,4,6,6,518784,513592,16480211328,16315277064
Tuolumne,2,4,guenda11m,5,5,5,521576,525400,16568904792,16690381800
Tuolumne,2,4,guenda11m,6,7,7,611808,606552,19435304736,19268337384
Tuolumne,2,4,guenda11m,7,6,6,599488,599344,19043935296,19039360848
Tuolumne,2,4,agg14m,0,6,6,602544,601056,663400944,661762656
Tuolumne,2,4,agg14m,1,5,5,540888,542928,595517688,597763728
Tuolumne,2,4,agg14m,2,7,7,589344,586512,648867744,645749712
Tuolumne,2,4,agg14m,3,6,6,560496,561600,617106096,618321600
Tuolumne,2,4,agg14m,4,7,7,565488,565824,622602288,622972224
Tuolumne,2,4,agg14m,5,5,5,536112,537120,590259312,591369120
Tuolumne,2,4,agg14m,6,7,7,561312,562272,618004512,619061472
Tuolumne,2,4,agg14m,7,5,5,563976,562848,620937576,619695648
Tuolumne,4,1,guenda11m,0,3,3,868360,866120,27512249880,27441279960
Tuolumne,4,1,guenda11m,1,3,3,755648,765304,23941195584,24247126632
Tuolumne,4,1,guenda11m,2,3,3,699392,685360,22158836736,21714260880
Tuolumne,4,1,guenda11m,3,3,3,630544,637160,19977525552,20187140280
Tuolumne,4,1,agg14m,0,3,3,746616,745584,820530984,819396816
Tuolumne,4,1,agg14m,1,3,3,791472,789672,869827728,867849528
Tuolumne,4,1,agg14m,2,3,3,775536,780888,852314064,858195912
Tuolumne,4,1,agg14m,3,3,3,750792,748272,825120408,822350928
Tuolumne,4,2,guenda11m,0,6,6,654032,656896,20779250672,20870242816
Tuolumne,4,2,guenda11m,1,7,7,629624,626440,20003784104,19902625240
Tuolumne,4,2,guenda11m,2,7,7,766880,770224,24364544480,24470786704
Tuolumne,4,2,guenda11m,3,4,4,484680,488424,15398768280,15517718904
Tuolumne,4,2,guenda11m,4,6,6,518784,513592,16482286464,16317331432
Tuolumne,4,2,guenda11m,5,5,5,521576,525400,16570991096,16692483400
Tuolumne,4,2,guenda11m,6,7,7,611808,606552,19437751968,19270763592
Tuolumne,4,2,guenda11m,7,6,6,599488,599344,19046333248,19041758224
Tuolumne,4,2,agg14m,0,6,6,602544,601056,660388224,658757376
Tuolumne,4,2,agg14m,1,5,5,540888,542928,592813248,595049088
Tuolumne,4,2,agg14m,2,7,7,589344,586512,645921024,642817152
Tuolumne,4,2,agg14m,3,6,6,560496,561600,614303616,615513600
Tuolumne,4,2,agg14m,4,7,7,565488,565824,619774848,620143104
Tuolumne,4,2,agg14m,5,5,5,536112,537120,587578752,588683520
Tuolumne,4,2,agg14m,6,7,7,561312,562272,615197952,616250112
Tuolumne,4,2,agg14m,7,5,5,563976,562848,618117696,616881408
Tuolumne,4,4,guenda11m,0,11,11,567352,571544,18114414656,18248256832
Tuolumne,4,4,guenda11m,1,9,9,416296,415928,13291498688,13279749184
Tuolumne,4,4,guenda11m,2,9,9,423448,422912,13519847744,13502734336
Tuolumne,4,4,guenda11m,3,7,7,488752,490928,15604873856,15674349184
Tuolumne,4,4,guenda11m,4,12,12,570240,574608,18206622720,18346084224
Tuolumne,4,4,guenda11m,5,9,9,452960,454480,14462106880,14510637440
Tuolumne,4,4,guenda11m,6,6,6,334928,338104,10693581184,10794984512
Tuolumne,4,4,guenda11m,7,9,9,473896,470360,15130551488,15017654080
Tuolumne,4,4,guenda11m,8,11,11,383152,378632,12233277056,12088962496
Tuolumne,4,4,guenda11m,9,8,8,393736,390320,12571203008,12462136960
Tuolumne,4,4,guenda11m,10,10,10,357752,356944,11422305856,11396508032
Tuolumne,4,4,guenda11m,11,7,7,409576,404528,13076942528,12915769984
Tuolumne,4,4,guenda11m,12,4,4,314760,316128,10049657280,10093334784
Tuolumne,4,4,guenda11m,13,10,10,394744,397928,12603386432,12705045184
Tuolumne,4,4,guenda11m,14,9,9,476240,478600,15205390720,15280740800
Tuolumne,4,4,guenda11m,15,11,11,331024,326912,10568934272,10437646336
Tuolumne,4,4,agg14m,0,4,4,344312,344728,379087512,379545528
Tuolumne,4,4,agg14m,1,9,9,582712,580400,641565912,639020400
Tuolumne,4,4,agg14m,2,6,6,497120,497032,547329120,547232232
Tuolumne,4,4,agg14m,3,4,4,361456,365360,397963056,402261360
Tuolumne,4,4,agg14m,4,6,6,401072,401032,441580272,441536232
Tuolumne,4,4,agg14m,5,10,10,537568,536120,591862368,590268120
Tuolumne,4,4,agg14m,6,6,6,370952,369160,408418152,406445160
Tuolumne,4,4,agg14m,7,12,12,571168,567080,628855968,624355080
Tuolumne,4,4,agg14m,8,8,8,534008,534112,587942808,588057312
Tuolumne,4,4,agg14m,9,4,4,363832,364400,400579032,401204400
Tuolumne,4,4,agg14m,10,10,10,542552,541528,597349752,596222328
Tuolumne,4,4,agg14m,11,6,6,414688,415520,456571488,457487520
Tuolumne,4,4,agg14m,12,3,3,376112,381208,414099312,419710008
Tuolumne,4,4,agg14m,13,8,8,513808,513224,565702608,565059624
Tuolumne,4,4,agg14m,14,9,9,542312,541672,597085512,596380872
Tuolumne,4,4,agg14m,15,5,5,346048,347144,380998848,382205544
Tuolumne,8,1,guenda11m,0,6,6,654032,656896,20555571728,20645584384
Tuolumne,8,1,guenda11m,1,7,7,629624,626440,19788452696,19688382760
Tuolumne,8,1,guenda11m,2,7,7,766880,770224,24102271520,24207370096
Tuolumne,8,1,guenda11m,3,4,4,484680,488424,15233007720,15350677896
Tuolumne,8,1,guenda11m,4,6,6,518784,513592,16304862336,16141682968
Tuolumne,8,1,guenda11m,5,5,5,521576,525400,16392612104,16512796600
Tuolumne,8,1,guenda11m,6,7,7,611808,606552,19228513632,19063322808
Tuolumne,8,1,guenda11m,7,6,6,599488,599344,18841308352,18836782576
Tuolumne,8,1,agg14m,0,6,6,602544,601056,660990768,659358432
Tuolumne,8,1,agg14m,1,5,5,540888,542928,593354136,595592016
Tuolumne,8,1,agg14m,2,7,7,589344,586512,646510368,643403664
Tuolumne,8,1,agg14m,3,6,6,560496,561600,614864112,616075200
Tuolumne,8,1,agg14m,4,7,7,565488,565824,620340336,620708928
Tuolumne,8,1,agg14m,5,5,5,536112,537120,588114864,589220640
Tuolumne,8,1,agg14m,6,7,7,561312,562272,615759264,616812384
Tuolumne,8,1,agg14m,7,5,5,563976,562848,618681672,617444256
Tuolumne,8,2,guenda11m,0,11,11,567352,571544,18025907744,18159095968
Tuolumne,8,2,guenda11m,1,9,9,416296,415928,13226556512,13214864416
Tuolumne,8,2,guenda11m,2,9,9,423448,422912,13453789856,13436760064
Tuolumne,8,2,guenda11m,3,7,7,488752,490928,15528628544,15597764416
Tuolumne,8,2,guenda11m,4,12,12,570240,574608,18117665280,18256445376
Tuolumne,8,2,guenda11m,5,9,9,452960,454480,14391445120,14439738560
Tuolumne,8,2,guenda11m,6,6,6,334928,338104,10641332416,10742240288
Tuolumne,8,2,guenda11m,7,9,9,473896,470360,15056623712,14944277920
Tuolumne,8,2,guenda11m,8,11,11,383152,378632,12173505344,12029895904
Tuolumne,8,2,guenda11m,9,8,8,393736,390320,12509780192,12401247040
Tuolumne,8,2,guenda11m,10,10,10,357752,356944,11366496544,11340824768
Tuolumne,8,2,guenda11m,11,7,7,409576,404528,13013048672,12852663616
Tuolumne,8,2,guenda11m,12,4,4,314760,316128,10000554720,10044018816
Tuolumne,8,2,guenda11m,13,10,10,394744,397928,12541806368,12642968416
Tuolumne,8,2,guenda11m,14,9,9,476240,478600,15131097280,15206079200
Tuolumne,8,2,guenda11m,15,11,11,331024,326912,10517294528,10386648064
Tuolumne,8,2,agg14m,0,4,4,344312,344728,378398888,378856072
Tuolumne,8,2,agg14m,1,9,9,582712,580400,640400488,637859600
Tuolumne,8,2,agg14m,2,6,6,497120,497032,546334880,546238168
Tuolumne,8,2,agg14m,3,4,4,361456,365360,397240144,401530640
Tuolumne,8,2,agg14m,4,6,6,401072,401032,440778128,440734168
Tuolumne,8,2,agg14m,5,10,10,537568,536120,590787232,589195880
Tuolumne,8,2,agg14m,6,6,6,370952,369160,407676248,405706840
Tuolumne,8,2,agg14m,7,12,12,571168,567080,627713632,623220920
Tuolumne,8,2,agg14m,8,8,8,534008,534112,586874792,586989088
Tuolumne,8,2,agg14m,9,4,4,363832,364400,399851368,400475600
Tuolumne,8,2,agg14m,10,10,10,542552,541528,596264648,595139272
Tuolumne,8,2,agg14m,11,6,6,414688,415520,455742112,456656480
Tuolumne,8,2,agg14m,12,3,3,376112,381208,413347088,418947592
Tuolumne,8,2,agg14m,13,8,8,513808,513224,564674992,564033176
Tuolumne,8,2,agg14m,14,9,9,542312,541672,596000888,595297528
Tuolumne,8,2,agg14m,15,5,5,346048,347144,380306752,381511256
Tuolumne,8,4,guenda11m,0,14,14,373240,375560,11920539120,11994635280
Tuolumne,8,4,guenda11m,1,13,13,358944,358896,11463953472,11462420448
Tuolumne,8,4,guenda11m,2,11,11,300504,297600,9597496752,9504748800
Tuolumne,8,4,guenda11m,3,10,10,282904,282584,9035387952,9025167792
Tuolumne,8,4,guenda11m,4,7,7,313944,311856,10026743472,9960056928
Tuolumne,8,4,guenda11m,5,11,11,327016,328592,10444237008,10494571296
Tuolumne,8,4,guenda11m,6,10,10,313216,313184,10003492608,10002470592
Tuolumne,8,4,guenda11m,7,17,17,278664,274800,8899970832,8776562400
Tuolumne,8,4,guenda11m,8,11,11,331680,331224,10593195840,10578632112
Tuolumne,8,4,guenda11m,9,6,6,222736,219968,7113742368,7025337984
Tuolumne,8,4,guenda11m,10,9,9,354576,359544,11324448288,11483116272
Tuolumne,8,4,guenda11m,11,7,7,266360,267016,8507005680,8527957008
Tuolumne,8,4,guenda11m,12,14,14,329776,327152,10532385888,10448580576
Tuolumne,8,4,guenda11m,13,9,9,280728,284208,8965890864,9077035104
Tuolumne,8,4,guenda11m,14,15,15,388152,391608,12396798576,12507176304
Tuolumne,8,4,guenda11m,15,13,13,345544,350120,11035984272,11182132560
Tuolumne,8,4,guenda11m,16,13,13,268632,268032,8579568816,8560406016
Tuolumne,8,4,guenda11m,17,12,12,297432,295944,9499383216,9451859472
Tuolumne,8,4,guenda11m,18,16,16,314496,313368,10044373248,10008347184
Tuolumne,8,4,guenda11m,19,9,9,222944,221512,7120385472,7074650256
Tuolumne,8,4,guenda11m,20,12,12,252528,249120,8065239264,7956394560
Tuolumne,8,4,guenda11m,21,10,10,310528,311264,9917643264,9941149632
Tuolumne,8,4,guenda11m,22,11,11,266608,262352,8514926304,8378998176
Tuolumne,8,4,guenda11m,23,12,12,263968,264344,8430609984,8442618672
Tuolumne,8,4,guenda11m,24,12,12,345072,351480,11020909536,11225568240
Tuolumne,8,4,guenda11m,25,12,12,325896,322272,10408466448,10292723136
Tuolumne,8,4,guenda11m,26,17,17,367368,369312,11732999184,11795086656
Tuolumne,8,4,guenda11m,27,9,9,229552,228464,7331431776,7296683232
Tuolumne,8,4,guenda11m,28,9,9,281280,280872,8983520640,8970489936
Tuolumne,8,4,guenda11m,29,8,8,216224,215536,6905762112,6883788768
Tuolumne,8,4,guenda11m,30,10,10,270808,275528,8649065904,8799813264
Tuolumne,8,4,guenda11m,31,9,9,208608,206616,6662522304,6598901808
Tuolumne,8,4,agg14m,0,4,4,234096,234024,257037408,256958352
Tuolumne,8,4,agg14m,1,7,7,321656,321952,353178288,353503296
Tuolumne,8,4,agg14m,2,14,14,426568,424448,468371664,466043904
Tuolumne,8,4,agg14m,3,9,9,344520,343992,378282960,377703216
Tuolumne,8,4,agg14m,4,7,7,303672,305784,333431856,335750832
Tuolumne,8,4,agg14m,5,5,5,232520,233032,255306960,255869136
Tuolumne,8,4,agg14m,6,12,12,387112,387320,425048976,425277360
Tuolumne,8,4,agg14m,7,8,8,323016,324096,354671568,355857408
Tuolumne,8,4,agg14m,8,4,4,224880,223032,246918240,244889136
Tuolumne,8,4,agg14m,9,9,9,347800,347200,381884400,381225600
Tuolumne,8,4,agg14m,10,6,6,280536,280896,308028528,308423808
Tuolumne,8,4,agg14m,11,14,14,443840,443480,487336320,486941040
Tuolumne,8,4,agg14m,12,16,16,432016,431912,474353568,474239376
Tuolumne,8,4,agg14m,13,9,9,340960,339104,374374080,372336192
Tuolumne,8,4,agg14m,14,10,10,318112,315344,349286976,346247712
Tuolumne,8,4,agg14m,15,5,5,235896,236040,259013808,259171920
Tuolumne,8,4,agg14m,16,9,9,307624,306464,337771152,336497472
Tuolumne,8,4,agg14m,17,13,13,423568,425960,465077664,467704080
Tuolumne,8,4,agg14m,18,7,7,307920,309120,338096160,339413760
Tuolumne,8,4,agg14m,19,5,5,234352,234776,257318496,257784048
Tuolumne,8,4,agg14m,20,11,11,407640,405720,447588720,445480560
Tuolumne,8,4,agg14m,21,9,9,369776,368392,406014048,404494416
Tuolumne,8,4,agg14m,22,5,5,216160,218336,237343680,239732928
Tuolumne,8,4,agg14m,23,6,6,304992,307752,334881216,337911696
Tuolumne,8,4,agg14m,24,12,12,420432,422408,461634336,463803984
Tuolumne,8,4,agg14m,25,7,7,297440,295160,326589120,324085680
Tuolumne,8,4,agg14m,26,6,6,283624,284576,311419152,312464448
Tuolumne,8,4,agg14m,27,6,6,271416,272160,298014768,298831680
Tuolumne,8,4,agg14m,28,8,8,307312,307976,337428576,338157648
Tuolumne,8,4,agg14m,29,12,12,413248,414848,453746304,455503104
Tuolumne,8,4,agg14m,30,5,5,244144,243008,268070112,266822784
Tuolumne,8,4,agg14m,31,10,10,352704,351240,387268992,385661520
Tuolumne,16,1,guenda11m,0,11,11,567352,571544,17866481832,17998492104
Tuolumne,16,1,guenda11m,1,9,9,416296,415928,13109577336,13097988648
Tuolumne,16,1,guenda11m,2,9,9,423448,422912,13334800968,13317921792
Tuolumne,16,1,guenda11m,3,7,7,488752,490928,15391289232,15459813648
Tuolumne,16,1,guenda11m,4,12,12,570240,574608,17957427840,18094980528
Tuolumne,16,1,guenda11m,5,9,9,452960,454480,14264163360,14312029680
Tuolumne,16,1,guenda11m,6,6,6,334928,338104,10547217648,10647233064
Tuolumne,16,1,guenda11m,7,9,9,473896,470360,14923458936,14812106760
Tuolumne,16,1,guenda11m,8,11,11,383152,378632,12065839632,11923500312
Tuolumne,16,1,guenda11m,9,8,8,393736,390320,12399140376,12291567120
Tuolumne,16,1,guenda11m,10,10,10,357752,356944,11265968232,11240523504
Tuolumne,16,1,guenda11m,11,7,7,409576,404528,12897957816,12738991248
Tuolumne,16,1,guenda11m,12,4,4,314760,316128,9912107160,9955186848
Tuolumne,16,1,guenda11m,13,10,10,394744,397928,12430883304,12531150648
Tuolumne,16,1,guenda11m,14,9,9,476240,478600,14997273840,15071592600
Tuolumne,16,1,guenda11m,15,11,11,331024,326912,10424276784,10294785792
Tuolumne,16,1,agg14m,0,4,4,344312,344728,377710264,378166616
Tuolumne,16,1,agg14m,1,9,9,582712,580400,639235064,636698800
Tuolumne,16,1,agg14m,2,6,6,497120,497032,545340640,545244104
Tuolumne,16,1,agg14m,3,4,4,361456,365360,396517232,400799920
Tuolumne,16,1,agg14m,4,6,6,401072,401032,439975984,439932104
Tuolumne,16,1,agg14m,5,10,10,537568,536120,589712096,588123640
Tuolumne,16,1,agg14m,6,6,6,370952,369160,406934344,404968520
Tuolumne,16,1,agg14m,7,12,12,571168,567080,626571296,622086760
Tuolumne,16,1,agg14m,8,8,8,534008,534112,585806776,585920864
Tuolumne,16,1,agg14m,9,4,4,363832,364400,399123704,399746800
Tuolumne,16,1,agg14m,10,10,10,542552,541528,595179544,594056216
Tuolumne,16,1,agg14m,11,6,6,414688,415520,454912736,455825440
Tuolumne,16,1,agg14m,12,3,3,376112,381208,412594864,418185176
Tuolumne,16,1,agg14m,13,8,8,513808,513224,563647376,563006728
Tuolumne,16,1,agg14m,14,9,9,542312,541672,594916264,594214184
Tuolumne,16,1,agg14m,15,5,5,346048,347144,379614656,380816968
Tuolumne,16,2,guenda11m,0,14,14,373240,375560,11558869560,11630717640
Tuolumne,16,2,guenda11m,1,13,13,358944,358896,11116136736,11114650224
Tuolumne,16,2,guenda11m,2,11,11,300504,297600,9306308376,9216374400
Tuolumne,16,2,guenda11m,3,10,10,282904,282584,8761253976,8751343896
Tuolumne,16,2,guenda11m,4,7,7,313944,311856,9722531736,9657868464
Tuolumne,16,2,guenda11m,5,11,11,327016,328592,10127358504,10176165648
Tuolumne,16,2,guenda11m,6,10,10,313216,313184,9699986304,9698995296
Tuolumne,16,2,guenda11m,7,17,17,278664,274800,8629945416,8510281200
Tuolumne,16,2,guenda11m,8,11,11,331680,331224,10271797920,10257676056
Tuolumne,16,2,guenda11m,9,6,6,222736,219968,6897911184,6812188992
Tuolumne,16,2,guenda11m,10,9,9,354576,359544,10980864144,11134718136
Tuolumne,16,2,guenda11m,11,7,7,266360,267016,8248902840,8269218504
Tuolumne,16,2,guenda11m,12,14,14,329776,327152,10212832944,10131570288
Tuolumne,16,2,guenda11m,13,9,9,280728,284208,8693865432,8801637552
Tuolumne,16,2,guenda11m,14,15,15,388152,391608,12020679288,12127708152
Tuolumne,16,2,guenda11m,15,13,13,345544,350120,10701152136,10842866280
Tuolumne,16,2,guenda11m,16,13,13,268632,268032,8319264408,8300683008
Tuolumne,16,2,guenda11m,17,12,12,297432,295944,9211171608,9165089736
Tuolumne,16,2,guenda11m,18,16,16,314496,313368,9739626624,9704693592
Tuolumne,16,2,guenda11m,19,9,9,222944,221512,6904352736,6860005128
Tuolumne,16,2,guenda11m,20,12,12,252528,249120,7820539632,7714997280
Tuolumne,16,2,guenda11m,21,10,10,310528,311264,9616741632,9639534816
Tuolumne,16,2,guenda11m,22,11,11,266608,262352,8256583152,8124779088
Tuolumne,16,2,guenda11m,23,12,12,263968,264344,8174824992,8186469336
Tuolumne,16,2,guenda11m,24,12,12,345072,351480,10686534768,10884984120
Tuolumne,16,2,guenda11m,25,12,12,325896,322272,10092673224,9980441568
Tuolumne,16,2,guenda11m,26,17,17,367368,369312,11377019592,11437223328
Tuolumne,16,2,guenda11m,27,9,9,229552,228464,7108995888,7075301616
Tuolumne,16,2,guenda11m,28,9,9,281280,280872,8710960320,8698324968
Tuolumne,16,2,guenda11m,29,8,8,216224,215536,6696241056,6674934384
Tuolumne,16,2,guenda11m,30,10,10,270808,275528,8386652952,8532826632
Tuolumne,16,2,guenda11m,31,9,9,208608,206616,6460381152,6398690904
Tuolumne,16,2,agg14m,0,4,4,234096,234024,256803312,256724328
Tuolumne,16,2,agg14m,1,7,7,321656,321952,352856632,353181344
Tuolumne,16,2,agg14m,2,14,14,426568,424448,467945096,465619456
Tuolumne,16,2,agg14m,3,9,9,344520,343992,377938440,377359224
Tuolumne,16,2,agg14m,4,7,7,303672,305784,333128184,335445048
Tuolumne,16,2,agg14m,5,5,5,232520,233032,255074440,255636104
Tuolumne,16,2,agg14m,6,12,12,387112,387320,424661864,424890040
Tuolumne,16,2,agg14m,7,8,8,323016,324096,354348552,355533312
Tuolumne,16,2,agg14m,8,4,4,224880,223032,246693360,244666104
Tuolumne,16,2,agg14m,9,9,9,347800,347200,381536600,380878400
Tuolumne,16,2,agg14m,10,6,6,280536,280896,307747992,308142912
Tuolumne,16,2,agg14m,11,14,14,443840,443480,486892480,486497560
Tuolumne,16,2,agg14m,12,16,16,432016,431912,473921552,473807464
Tuolumne,16,2,agg14m,13,9,9,340960,339104,374033120,371997088
Tuolumne,16,2,agg14m,14,10,10,318112,315344,348968864,345932368
Tuolumne,16,2,agg14m,15,5,5,235896,236040,258777912,258935880
Tuolumne,16,2,agg14m,16,9,9,307624,306464,337463528,336191008
Tuolumne,16,2,agg14m,17,13,13,423568,425960,464654096,467278120
Tuolumne,16,2,agg14m,18,7,7,307920,309120,337788240,339104640
Tuolumne,16,2,agg14m,19,5,5,234352,234776,257084144,257549272
Tuolumne,16,2,agg14m,20,11,11,407640,405720,447181080,445074840
Tuolumne,16,2,agg14m,21,9,9,369776,368392,405644272,404126024
Tuolumne,16,2,agg14m,22,5,5,216160,218336,237127520,239514592
Tuolumne,16,2,agg14m,23,6,6,304992,307752,334576224,337603944
Tuolumne,16,2,agg14m,24,12,12,420432,422408,461213904,463381576
Tuolumne,16,2,agg14m,25,7,7,297440,295160,326291680,323790520
Tuolumne,16,2,agg14m,26,6,6,283624,284576,311135528,312179872
Tuolumne,16,2,agg14m,27,6,6,271416,272160,297743352,298559520
Tuolumne,16,2,agg14m,28,8,8,307312,307976,337121264,337849672
Tuolumne,16,2,agg14m,29,12,12,413248,414848,453333056,455088256
Tuolumne,16,2,agg14m,30,5,5,244144,243008,267825968,266579776
Tuolumne,16,2,agg14m,31,10,10,352704,351240,386916288,385310280
Tuolumne,16,4,guenda11m,0,14,14,233328,233688,7361498400,7372856400
Tuolumne,16,4,guenda11m,1,21,21,244144,245048,7702743200,7731264400
Tuolumne,16,4,guenda11m,2,17,17,239856,238800,7567456800,7534140000
Tuolumne,16,4,guenda11m,3,15,15,233256,232416,7359226800,7332724800
Tuolumne,16,4,guenda11m,4,16,16,198384,196776,6259015200,6208282800
Tuolumne,16,4,guenda11m,5,15,15,229224,227256,7232017200,7169926800
Tuolumne,16,4,guenda11m,6,11,11,187752,189312,5923575600,5972793600
Tuolumne,16,4,guenda11m,7,14,14,185032,182792,5837759600,5767087600
Tuolumne,16,4,guenda11m,8,13,13,221832,219528,6998799600,6926108400
Tuolumne,16,4,guenda11m,9,10,10,218328,214824,6888248400,6777697200
Tuolumne,16,4,guenda11m,10,11,11,221616,221544,6991984800,6989713200
Tuolumne,16,4,guenda11m,11,10,10,191464,190592,6040689200,6013177600
Tuolumne,16,4,guenda11m,12,11,11,200160,201936,6315048000,6371080800
Tuolumne,16,4,guenda11m,13,11,11,212392,209144,6700967600,6598493200
Tuolumne,16,4,guenda11m,14,13,13,189504,190776,5978851200,6018982800
Tuolumne,16,4,guenda11m,15,12,12,182376,188904,5753962800,5959921200
Tuolumne,16,4,guenda11m,16,17,17,262608,264240,8285282400,8336772000
Tuolumne,16,4,guenda11m,17,15,15,239112,239568,7543983600,7558370400
Tuolumne,16,4,guenda11m,18,16,16,239664,243144,7561399200,7671193200
Tuolumne,16,4,guenda11m,19,12,12,205368,203568,6479360400,6422570400
Tuolumne,16,4,guenda11m,20,13,13,209520,208152,6610356000,6567195600
Tuolumne,16,4,guenda11m,21,15,15,213624,214632,6739837200,6771639600
Tuolumne,16,4,guenda11m,22,15,15,223416,218064,7048774800,6879919200
Tuolumne,16,4,guenda11m,23,7,7,191480,197392,6041194000,6227717600
Tuolumne,16,4,guenda11m,24,8,8,171216,175224,5401864800,5528317200
Tuolumne,16,4,guenda11m,25,7,7,174040,168320,5490962000,5310496000
Tuolumne,16,4,guenda11m,26,10,10,215704,215840,6805461200,6809752000
Tuolumne,16,4,guenda11m,27,7,7,199800,200016,6303690000,6310504800
Tuolumne,16,4,guenda11m,28,12,12,231304,228176,7297641200,7198952800
Tuolumne,16,4,guenda11m,29,12,12,234816,237744,7408444800,7500823200
Tuolumne,16,4,guenda11m,30,16,16,238704,246792,7531111200,7786287600
Tuolumne,16,4,guenda11m,31,11,11,200112,196224,6313533600,6190867200
Tuolumne,16,4,guenda11m,32,9,9,184000,182360,5805200000,5753458000
Tuolumne,16,4,guenda11m,33,9,9,182040,179856,5743362000,5674456800
Tuolumne,16,4,guenda11m,34,20,20,236448,234672,7459934400,7403901600
Tuolumne,16,4,guenda11m,35,14,14,204904,202208,6464721200,6379662400
Tuolumne,16,4,guenda11m,36,9,9,154024,157736,4859457200,4976570800
Tuolumne,16,4,guenda11m,37,16,16,199392,198336,6290817600,6257500800
Tuolumne,16,4,guenda11m,38,12,12,168552,167184,5317815600,5274655200
Tuolumne,16,4,guenda11m,39,11,11,202512,201264,6389253600,6349879200
Tuolumne,16,4,guenda11m,40,15,15,219408,220344,6922322400,6951853200
Tuolumne,16,4,guenda11m,41,11,11,179320,180392,5657546000,5691367600
Tuolumne,16,4,guenda11m,42,13,13,220968,220944,6971540400,6970783200
Tuolumne,16,4,guenda11m,43,8,8,164736,165648,5197420800,5226194400
Tuolumne,16,4,guenda11m,44,12,12,200296,199400,6319338800,6291070000
Tuolumne,16,4,guenda11m,45,10,10,155952,157080,4920285600,4955874000
Tuolumne,16,4,guenda11m,46,14,14,207648,206616,6551294400,6518734800
Tuolumne,16,4,guenda11m,47,14,14,201216,202512,6348364800,6389253600
Tuolumne,16,4,guenda11m,48,15,15,240480,236400,7587144000,7458420000
Tuolumne,16,4,guenda11m,49,13,13,160056,159792,5049766800,5041437600
Tuolumne,16,4,guenda11m,50,11,11,140904,138576,4445521200,4372072800
Tuolumne,16,4,guenda11m,51,16,16,161496,165552,5095198800,5223165600
Tuolumne,16,4,guenda11m,52,10,10,210864,205536,6652759200,6484660800
Tuolumne,16,4,guenda11m,53,20,20,254136,257864,8017990800,8135609200
Tuolumne,16,4,guenda11m,54,9,9,199944,206712,6308233200,6521763600
Tuolumne,16,4,guenda11m,55,8,8,188752,187712,5955125600,5922313600
Tuolumne,16,4,guenda11m,56,5,5,121800,122256,3842790000,3857176800
Tuolumne,16,4,guenda11m,57,11,11,162528,159552,5127758400,5033865600
Tuolumne,16,4,guenda11m,58,10,10,196272,197112,6192381600,6218883600
Tuolumne,16,4,guenda11m,59,12,12,263864,265280,8324909200,8369584000
Tuolumne,16,4,guenda11m,60,6,6,143328,144744,4521998400,4566673200
Tuolumne,16,4,guenda11m,61,14,14,191832,189816,6052299600,5988694800
Tuolumne,16,4,guenda11m,62,13,13,213136,213728,6724440800,6743118400
Tuolumne,16,4,guenda11m,63,17,17,227544,229872,7179013200,7252461600
Tuolumne,16,4,agg14m,0,7,7,186504,185808,204594888,203831376
Tuolumne,16,4,agg14m,1,5,5,146664,147432,160890408,161732904
Tuolumne,16,4,agg14m,2,14,14,260160,258432,285395520,283499904
Tuolumne,16,4,agg14m,3,7,7,181208,181264,198785176,198846608
Tuolumne,16,4,agg14m,4,10,10,225304,227192,247158488,249229624
Tuolumne,16,4,agg14m,5,7,7,194112,194256,212940864,213098832
Tuolumne,16,4,agg14m,6,19,19,281160,277872,308432520,304825584
Tuolumne,16,4,agg14m,7,13,13,247464,247680,271468008,271704960
Tuolumne,16,4,agg14m,8,9,9,207864,209208,228026808,229501176
Tuolumne,16,4,agg14m,9,5,5,134928,132600,148016016,145462200
Tuolumne,16,4,agg14m,10,8,8,175744,174944,192791168,191913568
Tuolumne,16,4,agg14m,11,12,12,236608,236912,259558976,259892464
Tuolumne,16,4,agg14m,12,17,17,278904,279096,305957688,306168312
Tuolumne,16,4,agg14m,13,11,11,226768,228080,248764496,250203760
Tuolumne,16,4,agg14m,14,8,8,183264,184992,201040608,202936224
Tuolumne,16,4,agg14m,15,11,11,243816,244536,267466152,268255992
Tuolumne,16,4,agg14m,16,8,8,189144,186888,207490968,205016136
Tuolumne,16,4,agg14m,17,13,13,229416,229968,251669352,252274896
Tuolumne,16,4,agg14m,18,7,7,151296,149352,165971712,163839144
Tuolumne,16,4,agg14m,19,8,8,187904,188248,206130688,206508056
Tuolumne,16,4,agg14m,20,10,10,222792,223704,244402824,245403288
Tuolumne,16,4,agg14m,21,18,18,287664,289032,315567408,317068104
Tuolumne,16,4,agg14m,22,13,13,236848,237296,259822256,260313712
Tuolumne,16,4,agg14m,23,6,6,173568,175056,190404096,192036432
Tuolumne,16,4,agg14m,24,5,5,145200,144216,159284400,158204952
Tuolumne,16,4,agg14m,25,9,9,193248,194544,211993056,213414768
Tuolumne,16,4,agg14m,26,8,8,215752,213968,236679944,234722896
Tuolumne,16,4,agg14m,27,9,9,237928,239792,261007016,263051824
Tuolumne,16,4,agg14m,28,8,8,202272,202896,221892384,222576912
Tuolumne,16,4,agg14m,29,15,15,277872,274032,304825584,300613104
Tuolumne,16,4,agg14m,30,16,16,286000,284792,313742000,312416824
Tuolumne,16,4,agg14m,31,13,13,241872,242016,265333584,265491552
Tuolumne,16,4,agg14m,32,12,12,245448,243528,269256456,267150216
Tuolumne,16,4,agg14m,33,7,7,172752,171384,189508944,188008248
Tuolumne,16,4,agg14m,34,11,11,214888,218624,235732136,239830528
Tuolumne,16,4,agg14m,35,15,15,276448,275888,303263456,302649136
Tuolumne,16,4,agg14m,36,10,10,209392,208328,229703024,228535816
Tuolumne,16,4,agg14m,37,15,15,274968,278040,301639896,305009880
Tuolumne,16,4,agg14m,38,9,9,211536,213144,232054992,233818968
Tuolumne,16,4,agg14m,39,5,5,146424,146400,160627128,160600800
Tuolumne,16,4,agg14m,40,13,13,239448,238656,262674456,261805632
Tuolumne,16,4,agg14m,41,8,8,191736,192600,210334392,211282200
Tuolumne,16,4,agg14m,42,8,8,200136,201200,219549192,220716400
Tuolumne,16,4,agg14m,43,5,5,148696,147704,163119512,162031288
Tuolumne,16,4,agg14m,44,14,14,274848,276096,301508256,302877312
Tuolumne,16,4,agg14m,45,11,11,233112,232320,255723864,254855040
Tuolumne,16,4,agg14m,46,7,7,183000,184728,200751000,202646616
Tuolumne,16,4,agg14m,47,12,12,254480,252920,279164560,277453240
Tuolumne,16,4,agg14m,48,8,8,203136,203424,222840192,223156128
Tuolumne,16,4,agg14m,49,11,11,230424,231264,252775128,253696608
Tuolumne,16,4,agg14m,50,5,5,145560,146664,159679320,160890408
Tuolumne,16,4,agg14m,51,9,9,196832,195232,215924704,214169504
Tuolumne,16,4,agg14m,52,13,13,265272,263856,291003384,289450032
Tuolumne,16,4,agg14m,53,18,18,280728,281928,307958616,309275016
Tuolumne,16,4,agg14m,54,8,8,186304,187208,204375488,205367176
Tuolumne,16,4,agg14m,55,11,11,217368,215304,238452696,236188488
Tuolumne,16,4,agg14m,56,12,12,231616,230096,254082752,252415312
Tuolumne,16,4,agg14m,57,16,16,301992,302712,331285224,332075064
Tuolumne,16,4,agg14m,58,13,13,281752,284120,309081944,311679640
Tuolumne,16,4,agg14m,59,10,10,214776,213912,235609272,234661464
Tuolumne,16,4,agg14m,60,7,7,187944,187656,206174568,205858632
Tuolumne,16,4,agg14m,61,9,9,205680,204984,225630960,224867448
Tuolumne,16,4,agg14m,62,5,5,147904,151448,162250688,166138456
Tuolumne,16,4,agg14m,63,10,10,207384,203760,227500248,223524720
