nodes,ntasks,backend,solver_creation,solver_time,system,size,memory_type,send_type,cycles
1,1,MPIAdvance-CXI-Double-Buffering2,0.0477978,6.16849,frontier,16384,coarse,Ready Send,1000
1,1,MPIAdvance-CXI-Single-Buffering2,0.0223765,6.35439,frontier,16384,coarse,Standard,1000
1,1,MPIAdvance-CXI-Double-Buffering2,0.0182549,6.16743,frontier,16384,fine,Ready Send,1000
1,1,MPIAdvance-CXI-Single-Buffering2,0.0211904,6.32576,frontier,16384,fine,Standard,1000
1,1,Cray-MPICH-CXI-GPU-Enabled,0.00592953,6.07177,frontier,16384,coarse,Standard,1000
1,1,MPIAdvance-CXI-Double-Buffering2,0.0225935,90.1024,frontier,61440,coarse,Ready Send,1000
1,1,MPIAdvance-CXI-Single-Buffering2,1.58181,90.2755,frontier,61440,coarse,Standard,1000
1,1,MPIAdvance-CXI-Double-Buffering2,0.0217456,90.173,frontier,61440,fine,Ready Send,1000
1,1,MPIAdvance-CXI-Single-Buffering2,1.55356,90.3471,frontier,61440,fine,Standard,1000
1,1,Cray-MPICH-CXI-GPU-Enabled,1.56232,90.3877,frontier,61440,coarse,Standard,1000
1,2,MPIAdvance-CXI-Double-Buffering2,0.0409568,2.98931,frontier,16384,coarse,Ready Send,1000
1,2,MPIAdvance-CXI-Single-Buffering2,0.75274,2.98923,frontier,16384,coarse,Standard,1000
1,2,MPIAdvance-CXI-Double-Buffering2,0.0263158,2.99198,frontier,16384,fine,Ready Send,1000
1,2,MPIAdvance-CXI-Single-Buffering2,0.0316641,2.9919,frontier,16384,fine,Standard,1000
1,2,Cray-MPICH-CXI-GPU-Enabled,0.00769083,3.07686,frontier,16384,coarse,Standard,1000
1,2,MPIAdvance-CXI-Double-Buffering2,3.31943,44.198,frontier,61440,coarse,Ready Send,1000
1,2,MPIAdvance-CXI-Single-Buffering2,0.0492821,43.7836,frontier,61440,coarse,Standard,1000
1,2,MPIAdvance-CXI-Double-Buffering2,0.0333243,44.247,frontier,61440,fine,Ready Send,1000
1,2,MPIAdvance-CXI-Single-Buffering2,0.0501793,43.8913,frontier,61440,fine,Standard,1000
1,2,Cray-MPICH-CXI-GPU-Enabled,0.0221073,44.295,frontier,61440,coarse,Standard,1000
1,4,MPIAdvance-CXI-Double-Buffering2,0.0565131,1.57725,frontier,16384,coarse,Ready Send,1000
1,4,MPIAdvance-CXI-Single-Buffering2,0.0458783,1.57705,frontier,16384,coarse,Standard,1000
1,4,MPIAdvance-CXI-Double-Buffering2,0.0520375,1.58137,frontier,16384,fine,Ready Send,1000
1,4,MPIAdvance-CXI-Single-Buffering2,0.0549876,1.58139,frontier,16384,fine,Standard,1000
1,4,Cray-MPICH-CXI-GPU-Enabled,0.00668676,1.61001,frontier,16384,coarse,Standard,1000
1,4,MPIAdvance-CXI-Double-Buffering2,0.0538883,22.3755,frontier,61440,coarse,Ready Send,1000
1,4,MPIAdvance-CXI-Single-Buffering2,0.0592109,22.5338,frontier,61440,coarse,Standard,1000
1,4,MPIAdvance-CXI-Double-Buffering2,0.0520359,22.3674,frontier,61440,fine,Ready Send,1000
1,4,MPIAdvance-CXI-Single-Buffering2,0.0471987,22.5222,frontier,61440,fine,Standard,1000
1,4,Cray-MPICH-CXI-GPU-Enabled,0.00775718,22.4041,frontier,61440,coarse,Standard,1000
1,8,MPIAdvance-CXI-Double-Buffering2,0.107694,0.851927,frontier,16384,coarse,Ready Send,1000
1,8,MPIAdvance-CXI-Single-Buffering2,0.0788433,0.851636,frontier,16384,coarse,Standard,1000
1,8,MPIAdvance-CXI-Double-Buffering2,0.0734734,0.858487,frontier,16384,fine,Ready Send,1000
1,8,MPIAdvance-CXI-Single-Buffering2,0.0764845,0.858427,frontier,16384,fine,Standard,1000
1,8,Cray-MPICH-CXI-GPU-Enabled,0.00690807,0.90419,frontier,16384,coarse,Standard,1000
1,8,MPIAdvance-CXI-Double-Buffering2,0.0740284,10.6248,frontier,61440,coarse,Ready Send,1000
1,8,MPIAdvance-CXI-Single-Buffering2,0.0775481,10.6095,frontier,61440,coarse,Standard,1000
1,8,MPIAdvance-CXI-Double-Buffering2,0.0734218,10.6341,frontier,61440,fine,Ready Send,1000
1,8,MPIAdvance-CXI-Single-Buffering2,0.0824172,10.6117,frontier,61440,fine,Standard,1000
1,8,Cray-MPICH-CXI-GPU-Enabled,0.00811977,10.471,frontier,61440,coarse,Standard,1000
2,1,MPIAdvance-CXI-Double-Buffering2,0.0305144,2.99581,frontier,16384,coarse,Ready Send,1000
2,1,MPIAdvance-CXI-Single-Buffering2,0.0201455,2.99581,frontier,16384,coarse,Standard,1000
2,1,MPIAdvance-CXI-Double-Buffering2,0.016158,2.99874,frontier,16384,fine,Ready Send,1000
2,1,MPIAdvance-CXI-Single-Buffering2,0.0203965,2.99877,frontier,16384,fine,Standard,1000
2,1,Cray-MPICH-CXI-GPU-Enabled,0.00603851,3.06947,frontier,16384,coarse,Standard,1000
2,1,MPIAdvance-CXI-Double-Buffering2,0.0179522,43.9991,frontier,61440,coarse,Ready Send,1000
2,1,MPIAdvance-CXI-Single-Buffering2,0.0408535,44.0361,frontier,61440,coarse,Standard,1000
2,1,MPIAdvance-CXI-Double-Buffering2,0.0340402,44.1448,frontier,61440,fine,Ready Send,1000
2,1,MPIAdvance-CXI-Single-Buffering2,0.0206721,44.3759,frontier,61440,fine,Standard,1000
2,1,Cray-MPICH-CXI-GPU-Enabled,0.0217872,44.1333,frontier,61440,coarse,Standard,1000
2,2,MPIAdvance-CXI-Double-Buffering2,0.906633,1.58127,frontier,16384,coarse,Ready Send,1000
2,2,MPIAdvance-CXI-Single-Buffering2,0.021686,1.58084,frontier,16384,coarse,Standard,1000
2,2,MPIAdvance-CXI-Double-Buffering2,0.0183525,1.58505,frontier,16384,fine,Ready Send,1000
2,2,MPIAdvance-CXI-Single-Buffering2,0.0226001,1.58507,frontier,16384,fine,Standard,1000
2,2,Cray-MPICH-CXI-GPU-Enabled,0.00822282,1.61084,frontier,16384,coarse,Standard,1000
2,2,MPIAdvance-CXI-Double-Buffering2,0.0203711,22.4309,frontier,61440,coarse,Ready Send,1000
2,2,MPIAdvance-CXI-Single-Buffering2,0.0245777,22.5761,frontier,61440,coarse,Standard,1000
2,2,MPIAdvance-CXI-Double-Buffering2,0.0203633,22.4482,frontier,61440,fine,Ready Send,1000
2,2,MPIAdvance-CXI-Single-Buffering2,0.0234971,22.5684,frontier,61440,fine,Standard,1000
2,2,Cray-MPICH-CXI-GPU-Enabled,0.00815702,22.4172,frontier,61440,coarse,Standard,1000
2,4,MPIAdvance-CXI-Double-Buffering2,0.0195736,0.855736,frontier,16384,coarse,Ready Send,1000
2,4,MPIAdvance-CXI-Single-Buffering2,0.0267895,0.855236,frontier,16384,coarse,Standard,1000
2,4,MPIAdvance-CXI-Double-Buffering2,0.0221486,0.861674,frontier,16384,fine,Ready Send,1000
2,4,MPIAdvance-CXI-Single-Buffering2,0.0233233,0.861165,frontier,16384,fine,Standard,1000
2,4,Cray-MPICH-CXI-GPU-Enabled,0.388575,0.89565,frontier,16384,coarse,Standard,1000
2,4,MPIAdvance-CXI-Double-Buffering2,0.025672,10.6039,frontier,61440,coarse,Ready Send,1000
2,4,MPIAdvance-CXI-Single-Buffering2,0.0268184,10.5578,frontier,61440,coarse,Standard,1000
2,4,MPIAdvance-CXI-Double-Buffering2,0.0218056,10.5294,frontier,61440,fine,Ready Send,1000
2,4,MPIAdvance-CXI-Single-Buffering2,0.0249245,10.5556,frontier,61440,fine,Standard,1000
2,4,Cray-MPICH-CXI-GPU-Enabled,0.00983806,10.3654,frontier,61440,coarse,Standard,1000
2,8,MPIAdvance-CXI-Double-Buffering2,0.0708866,0.494003,frontier,16384,coarse,Ready Send,1000
2,8,MPIAdvance-CXI-Single-Buffering2,0.0364319,0.493414,frontier,16384,coarse,Standard,1000
2,8,MPIAdvance-CXI-Double-Buffering2,0.0306199,0.499553,frontier,16384,fine,Ready Send,1000
2,8,MPIAdvance-CXI-Single-Buffering2,0.0340054,0.498922,frontier,16384,fine,Standard,1000
2,8,Cray-MPICH-CXI-GPU-Enabled,0.0175957,0.542418,frontier,16384,coarse,Standard,1000
2,8,MPIAdvance-CXI-Double-Buffering2,0.0321182,5.1794,frontier,61440,coarse,Ready Send,1000
2,8,MPIAdvance-CXI-Single-Buffering2,0.0325503,5.17857,frontier,61440,coarse,Standard,1000
2,8,MPIAdvance-CXI-Double-Buffering2,0.0266083,5.18251,frontier,61440,fine,Ready Send,1000
2,8,MPIAdvance-CXI-Single-Buffering2,0.0325019,5.18165,frontier,61440,fine,Standard,1000
2,8,Cray-MPICH-CXI-GPU-Enabled,0.0152789,5.33413,frontier,61440,coarse,Standard,1000
4,1,MPIAdvance-CXI-Double-Buffering2,0.198745,1.58061,frontier,16384,coarse,Ready Send,1000
4,1,MPIAdvance-CXI-Single-Buffering2,0.0212639,1.57966,frontier,16384,coarse,Standard,1000
4,1,MPIAdvance-CXI-Double-Buffering2,0.015711,1.58293,frontier,16384,fine,Ready Send,1000
4,1,MPIAdvance-CXI-Single-Buffering2,0.0260245,1.58314,frontier,16384,fine,Standard,1000
4,1,Cray-MPICH-CXI-GPU-Enabled,0.0144311,1.6043,frontier,16384,coarse,Standard,1000
4,1,MPIAdvance-CXI-Double-Buffering2,0.0176284,22.1829,frontier,61440,coarse,Ready Send,1000
4,1,MPIAdvance-CXI-Single-Buffering2,0.0217091,22.4558,frontier,61440,coarse,Standard,1000
4,1,MPIAdvance-CXI-Double-Buffering2,0.0172792,22.2457,frontier,61440,fine,Ready Send,1000
4,1,MPIAdvance-CXI-Single-Buffering2,0.0210706,22.4533,frontier,61440,fine,Standard,1000
4,1,Cray-MPICH-CXI-GPU-Enabled,0.00813479,22.3367,frontier,61440,coarse,Standard,1000
4,2,MPIAdvance-CXI-Double-Buffering2,0.0612444,0.853434,frontier,16384,coarse,Ready Send,1000
4,2,MPIAdvance-CXI-Single-Buffering2,0.0221931,0.852877,frontier,16384,coarse,Standard,1000
4,2,MPIAdvance-CXI-Double-Buffering2,0.0185721,0.859674,frontier,16384,fine,Ready Send,1000
4,2,MPIAdvance-CXI-Single-Buffering2,0.0249686,0.859135,frontier,16384,fine,Standard,1000
4,2,Cray-MPICH-CXI-GPU-Enabled,0.00657664,0.889549,frontier,16384,coarse,Standard,1000
4,2,MPIAdvance-CXI-Double-Buffering2,0.0212645,10.5833,frontier,61440,coarse,Ready Send,1000
4,2,MPIAdvance-CXI-Single-Buffering2,0.0243233,10.5714,frontier,61440,coarse,Standard,1000
4,2,MPIAdvance-CXI-Double-Buffering2,0.0202051,10.6332,frontier,61440,fine,Ready Send,1000
4,2,MPIAdvance-CXI-Single-Buffering2,0.0228483,10.5693,frontier,61440,fine,Standard,1000
4,2,Cray-MPICH-CXI-GPU-Enabled,0.00839799,10.3868,frontier,61440,coarse,Standard,1000
4,4,MPIAdvance-CXI-Double-Buffering2,0.0608295,0.493739,frontier,16384,coarse,Ready Send,1000
4,4,MPIAdvance-CXI-Single-Buffering2,0.0250041,0.493185,frontier,16384,coarse,Standard,1000
4,4,MPIAdvance-CXI-Double-Buffering2,0.0220744,0.499108,frontier,16384,fine,Ready Send,1000
4,4,MPIAdvance-CXI-Single-Buffering2,0.0259732,0.498442,frontier,16384,fine,Standard,1000
4,4,Cray-MPICH-CXI-GPU-Enabled,0.00696651,0.537401,frontier,16384,coarse,Standard,1000
4,4,MPIAdvance-CXI-Double-Buffering2,0.0241669,5.17709,frontier,61440,coarse,Ready Send,1000
4,4,MPIAdvance-CXI-Single-Buffering2,0.0235765,5.17441,frontier,61440,coarse,Standard,1000
4,4,MPIAdvance-CXI-Double-Buffering2,0.0229549,5.17975,frontier,61440,fine,Ready Send,1000
4,4,MPIAdvance-CXI-Single-Buffering2,0.0259402,5.17912,frontier,61440,fine,Standard,1000
4,4,Cray-MPICH-CXI-GPU-Enabled,0.00876977,5.33824,frontier,61440,coarse,Standard,1000
4,8,MPIAdvance-CXI-Double-Buffering2,0.0703187,0.30314,frontier,16384,coarse,Ready Send,1000
4,8,MPIAdvance-CXI-Single-Buffering2,0.0375473,0.302516,frontier,16384,coarse,Standard,1000
4,8,MPIAdvance-CXI-Double-Buffering2,0.0254676,0.309853,frontier,16384,fine,Ready Send,1000
4,8,MPIAdvance-CXI-Single-Buffering2,0.0343214,0.309105,frontier,16384,fine,Standard,1000
4,8,Cray-MPICH-CXI-GPU-Enabled,0.0126895,0.351842,frontier,16384,coarse,Standard,1000
4,8,MPIAdvance-CXI-Double-Buffering2,0.0296593,2.66976,frontier,61440,coarse,Ready Send,1000
4,8,MPIAdvance-CXI-Single-Buffering2,0.0305586,2.66919,frontier,61440,coarse,Standard,1000
4,8,MPIAdvance-CXI-Double-Buffering2,0.026046,2.67322,frontier,61440,fine,Ready Send,1000
4,8,MPIAdvance-CXI-Single-Buffering2,0.0371712,2.6735,frontier,61440,fine,Standard,1000
4,8,Cray-MPICH-CXI-GPU-Enabled,0.0169374,2.69961,frontier,61440,coarse,Standard,1000
8,1,MPIAdvance-CXI-Double-Buffering2,0.19231,0.848771,frontier,16384,coarse,Ready Send,1000
8,1,MPIAdvance-CXI-Single-Buffering2,0.0226622,0.848847,frontier,16384,coarse,Standard,1000
8,1,MPIAdvance-CXI-Double-Buffering2,0.0171141,0.854504,frontier,16384,fine,Ready Send,1000
8,1,MPIAdvance-CXI-Single-Buffering2,0.0215529,0.85478,frontier,16384,fine,Standard,1000
8,1,Cray-MPICH-CXI-GPU-Enabled,0.00661827,0.872373,frontier,16384,coarse,Standard,1000
8,1,MPIAdvance-CXI-Double-Buffering2,0.0191114,10.5295,frontier,61440,coarse,Ready Send,1000
8,1,MPIAdvance-CXI-Single-Buffering2,0.0240644,10.6954,frontier,61440,coarse,Standard,1000
8,1,MPIAdvance-CXI-Double-Buffering2,0.0177751,10.5319,frontier,61440,fine,Ready Send,1000
8,1,MPIAdvance-CXI-Single-Buffering2,0.0212224,10.8068,frontier,61440,fine,Standard,1000
8,1,Cray-MPICH-CXI-GPU-Enabled,0.00767355,10.6821,frontier,61440,coarse,Standard,1000
8,2,MPIAdvance-CXI-Double-Buffering2,0.0640394,0.494517,frontier,16384,coarse,Ready Send,1000
8,2,MPIAdvance-CXI-Single-Buffering2,0.0260788,0.493867,frontier,16384,coarse,Standard,1000
8,2,MPIAdvance-CXI-Double-Buffering2,0.0187808,0.500143,frontier,16384,fine,Ready Send,1000
8,2,MPIAdvance-CXI-Single-Buffering2,0.0255439,0.499256,frontier,16384,fine,Standard,1000
8,2,Cray-MPICH-CXI-GPU-Enabled,0.00857437,0.530466,frontier,16384,coarse,Standard,1000
8,2,MPIAdvance-CXI-Double-Buffering2,0.0230244,5.18133,frontier,61440,coarse,Ready Send,1000
8,2,MPIAdvance-CXI-Single-Buffering2,0.0271092,5.18061,frontier,61440,coarse,Standard,1000
8,2,MPIAdvance-CXI-Double-Buffering2,0.0202254,5.18509,frontier,61440,fine,Ready Send,1000
8,2,MPIAdvance-CXI-Single-Buffering2,0.0254302,5.18451,frontier,61440,fine,Standard,1000
8,2,Cray-MPICH-CXI-GPU-Enabled,0.00858475,5.19809,frontier,61440,coarse,Standard,1000
8,4,MPIAdvance-CXI-Double-Buffering2,0.0610785,0.303122,frontier,16384,coarse,Ready Send,1000
8,4,MPIAdvance-CXI-Single-Buffering2,0.0260225,0.302177,frontier,16384,coarse,Standard,1000
8,4,MPIAdvance-CXI-Double-Buffering2,0.0236617,0.30979,frontier,16384,fine,Ready Send,1000
8,4,MPIAdvance-CXI-Single-Buffering2,0.0259423,0.309147,frontier,16384,fine,Standard,1000
8,4,Cray-MPICH-CXI-GPU-Enabled,0.00875661,0.348086,frontier,16384,coarse,Standard,1000
8,4,MPIAdvance-CXI-Double-Buffering2,0.0226626,2.67259,frontier,61440,coarse,Ready Send,1000
8,4,MPIAdvance-CXI-Single-Buffering2,0.0318267,2.67176,frontier,61440,coarse,Standard,1000
8,4,MPIAdvance-CXI-Double-Buffering2,0.0214854,2.6763,frontier,61440,fine,Ready Send,1000
8,4,MPIAdvance-CXI-Single-Buffering2,0.0269357,2.6758,frontier,61440,fine,Standard,1000
8,4,Cray-MPICH-CXI-GPU-Enabled,0.00786559,2.69262,frontier,61440,coarse,Standard,1000
8,8,MPIAdvance-CXI-Double-Buffering2,0.0656673,0.210755,frontier,16384,coarse,Ready Send,1000
8,8,MPIAdvance-CXI-Single-Buffering2,0.033033,0.209662,frontier,16384,coarse,Standard,1000
8,8,MPIAdvance-CXI-Double-Buffering2,0.02845,0.216395,frontier,16384,fine,Ready Send,1000
8,8,MPIAdvance-CXI-Single-Buffering2,0.0366011,0.215904,frontier,16384,fine,Standard,1000
8,8,Cray-MPICH-CXI-GPU-Enabled,0.0127361,0.258181,frontier,16384,coarse,Standard,1000
8,8,MPIAdvance-CXI-Double-Buffering2,0.0245402,1.41512,frontier,61440,coarse,Ready Send,1000
8,8,MPIAdvance-CXI-Single-Buffering2,0.0314589,1.41424,frontier,61440,coarse,Standard,1000
8,8,MPIAdvance-CXI-Double-Buffering2,0.0298888,1.4164,frontier,61440,fine,Ready Send,1000
8,8,MPIAdvance-CXI-Single-Buffering2,0.0328705,1.41604,frontier,61440,fine,Standard,1000
8,8,Cray-MPICH-CXI-GPU-Enabled,0.0126959,1.45936,frontier,61440,coarse,Standard,1000
16,1,MPIAdvance-CXI-Double-Buffering2,0.249125,0.490035,frontier,16384,coarse,Ready Send,1000
16,1,MPIAdvance-CXI-Single-Buffering2,0.0232154,0.49053,frontier,16384,coarse,Standard,1000
16,1,MPIAdvance-CXI-Double-Buffering2,0.0180699,0.495763,frontier,16384,fine,Ready Send,1000
16,1,MPIAdvance-CXI-Single-Buffering2,0.0222776,0.496205,frontier,16384,fine,Standard,1000
16,1,Cray-MPICH-CXI-GPU-Enabled,0.00844948,0.514555,frontier,16384,coarse,Standard,1000
16,1,MPIAdvance-CXI-Double-Buffering2,0.0198598,5.1693,frontier,61440,coarse,Ready Send,1000
16,1,MPIAdvance-CXI-Single-Buffering2,0.0234607,5.16727,frontier,61440,coarse,Standard,1000
16,1,MPIAdvance-CXI-Double-Buffering2,0.0188071,5.17038,frontier,61440,fine,Ready Send,1000
16,1,MPIAdvance-CXI-Single-Buffering2,0.0228499,5.1704,frontier,61440,fine,Standard,1000
16,1,Cray-MPICH-CXI-GPU-Enabled,0.00918077,5.19394,frontier,61440,coarse,Standard,1000
16,2,MPIAdvance-CXI-Double-Buffering2,0.0670106,0.303126,frontier,16384,coarse,Ready Send,1000
16,2,MPIAdvance-CXI-Single-Buffering2,0.0269551,0.302418,frontier,16384,coarse,Standard,1000
16,2,MPIAdvance-CXI-Double-Buffering2,0.0211054,0.31004,frontier,16384,fine,Ready Send,1000
16,2,MPIAdvance-CXI-Single-Buffering2,0.0255496,0.309304,frontier,16384,fine,Standard,1000
16,2,Cray-MPICH-CXI-GPU-Enabled,0.0108353,0.343807,frontier,16384,coarse,Standard,1000
16,2,MPIAdvance-CXI-Double-Buffering2,0.0233531,2.6729,frontier,61440,coarse,Ready Send,1000
16,2,MPIAdvance-CXI-Single-Buffering2,0.0249915,2.6717,frontier,61440,coarse,Standard,1000
16,2,MPIAdvance-CXI-Double-Buffering2,0.0237215,2.67653,frontier,61440,fine,Ready Send,1000
16,2,MPIAdvance-CXI-Single-Buffering2,0.0269505,2.676,frontier,61440,fine,Standard,1000
16,2,Cray-MPICH-CXI-GPU-Enabled,0.0128786,2.68885,frontier,61440,coarse,Standard,1000
16,4,MPIAdvance-CXI-Double-Buffering2,0.0628307,0.211042,frontier,16384,coarse,Ready Send,1000
16,4,MPIAdvance-CXI-Single-Buffering2,0.0262205,0.210011,frontier,16384,coarse,Standard,1000
16,4,MPIAdvance-CXI-Double-Buffering2,0.0224847,0.21694,frontier,16384,fine,Ready Send,1000
16,4,MPIAdvance-CXI-Single-Buffering2,0.0287168,0.216238,frontier,16384,fine,Standard,1000
16,4,Cray-MPICH-CXI-GPU-Enabled,0.0117377,0.257713,frontier,16384,coarse,Standard,1000
16,4,MPIAdvance-CXI-Double-Buffering2,0.0233686,1.41672,frontier,61440,coarse,Ready Send,1000
16,4,MPIAdvance-CXI-Single-Buffering2,0.0283473,1.41576,frontier,61440,coarse,Standard,1000
16,4,MPIAdvance-CXI-Double-Buffering2,0.0255032,1.41839,frontier,61440,fine,Ready Send,1000
16,4,MPIAdvance-CXI-Single-Buffering2,0.0303353,1.41759,frontier,61440,fine,Standard,1000
16,4,Cray-MPICH-CXI-GPU-Enabled,0.0123114,1.44952,frontier,61440,coarse,Standard,1000
16,8,MPIAdvance-CXI-Double-Buffering2,0.0696906,0.156234,frontier,16384,coarse,Ready Send,1000
16,8,MPIAdvance-CXI-Single-Buffering2,0.0329752,0.15503,frontier,16384,coarse,Standard,1000
16,8,MPIAdvance-CXI-Double-Buffering2,0.0339204,0.166593,frontier,16384,fine,Ready Send,1000
16,8,MPIAdvance-CXI-Single-Buffering2,0.0279664,0.165553,frontier,16384,fine,Standard,1000
16,8,Cray-MPICH-CXI-GPU-Enabled,0.00758682,0.212842,frontier,16384,coarse,Standard,1000
16,8,MPIAdvance-CXI-Double-Buffering2,0.0296148,0.772548,frontier,61440,coarse,Ready Send,1000
16,8,MPIAdvance-CXI-Single-Buffering2,0.0365071,0.771838,frontier,61440,coarse,Standard,1000
16,8,MPIAdvance-CXI-Double-Buffering2,0.0241286,0.77665,frontier,61440,fine,Ready Send,1000
16,8,MPIAdvance-CXI-Single-Buffering2,0.0418396,0.776376,frontier,61440,fine,Standard,1000
16,8,Cray-MPICH-CXI-GPU-Enabled,0.0235314,0.821828,frontier,61440,coarse,Standard,1000
32,1,MPIAdvance-CXI-Double-Buffering2,0.741528,0.300588,frontier,16384,coarse,Ready Send,1000
32,1,MPIAdvance-CXI-Single-Buffering2,0.0227058,0.301073,frontier,16384,coarse,Standard,1000
32,1,MPIAdvance-CXI-Double-Buffering2,0.0168806,0.306323,frontier,16384,fine,Ready Send,1000
32,1,MPIAdvance-CXI-Single-Buffering2,0.0207551,0.307063,frontier,16384,fine,Standard,1000
32,1,Cray-MPICH-CXI-GPU-Enabled,0.00901919,0.325995,frontier,16384,coarse,Standard,1000
32,1,MPIAdvance-CXI-Double-Buffering2,0.0187187,2.66905,frontier,61440,coarse,Ready Send,1000
32,1,MPIAdvance-CXI-Single-Buffering2,0.0224487,2.66822,frontier,61440,coarse,Standard,1000
32,1,MPIAdvance-CXI-Double-Buffering2,0.0184369,2.67132,frontier,61440,fine,Ready Send,1000
32,1,MPIAdvance-CXI-Single-Buffering2,0.0222138,2.67273,frontier,61440,fine,Standard,1000
32,1,Cray-MPICH-CXI-GPU-Enabled,0.00866822,2.6939,frontier,61440,coarse,Standard,1000
32,2,MPIAdvance-CXI-Double-Buffering2,0.0610118,0.210994,frontier,16384,coarse,Ready Send,1000
32,2,MPIAdvance-CXI-Single-Buffering2,0.0236983,0.209896,frontier,16384,coarse,Standard,1000
32,2,MPIAdvance-CXI-Double-Buffering2,0.0200989,0.216819,frontier,16384,fine,Ready Send,1000
32,2,MPIAdvance-CXI-Single-Buffering2,0.0232621,0.215879,frontier,16384,fine,Standard,1000
32,2,Cray-MPICH-CXI-GPU-Enabled,0.0218938,0.25254,frontier,16384,coarse,Standard,1000
32,2,MPIAdvance-CXI-Double-Buffering2,0.0228004,1.41837,frontier,61440,coarse,Ready Send,1000
32,2,MPIAdvance-CXI-Single-Buffering2,0.0256931,1.41711,frontier,61440,coarse,Standard,1000
32,2,MPIAdvance-CXI-Double-Buffering2,0.0198874,1.41969,frontier,61440,fine,Ready Send,1000
32,2,MPIAdvance-CXI-Single-Buffering2,0.0245298,1.41889,frontier,61440,fine,Standard,1000
32,2,Cray-MPICH-CXI-GPU-Enabled,0.00951846,1.4416,frontier,61440,coarse,Standard,1000
32,4,MPIAdvance-CXI-Double-Buffering2,0.0649563,0.155937,frontier,16384,coarse,Ready Send,1000
32,4,MPIAdvance-CXI-Single-Buffering2,0.0258066,0.154803,frontier,16384,coarse,Standard,1000
32,4,MPIAdvance-CXI-Double-Buffering2,0.0218932,0.166347,frontier,16384,fine,Ready Send,1000
32,4,MPIAdvance-CXI-Single-Buffering2,0.0353673,0.165081,frontier,16384,fine,Standard,1000
32,4,Cray-MPICH-CXI-GPU-Enabled,0.00790796,0.203018,frontier,16384,coarse,Standard,1000
32,4,MPIAdvance-CXI-Double-Buffering2,0.0312638,0.773577,frontier,61440,coarse,Ready Send,1000
32,4,MPIAdvance-CXI-Single-Buffering2,0.0327189,0.772576,frontier,61440,coarse,Standard,1000
32,4,MPIAdvance-CXI-Double-Buffering2,0.0293908,0.777425,frontier,61440,fine,Ready Send,1000
32,4,MPIAdvance-CXI-Single-Buffering2,0.0274472,0.776839,frontier,61440,fine,Standard,1000
32,4,Cray-MPICH-CXI-GPU-Enabled,0.0134471,0.81088,frontier,61440,coarse,Standard,1000
32,8,MPIAdvance-CXI-Double-Buffering2,0.0785249,0.133,frontier,16384,coarse,Ready Send,1000
32,8,MPIAdvance-CXI-Single-Buffering2,0.0389534,0.133626,frontier,16384,coarse,Standard,1000
32,8,MPIAdvance-CXI-Double-Buffering2,0.0466418,0.140446,frontier,16384,fine,Ready Send,1000
32,8,MPIAdvance-CXI-Single-Buffering2,0.0471968,0.139724,frontier,16384,fine,Standard,1000
32,8,Cray-MPICH-CXI-GPU-Enabled,0.0170898,0.191698,frontier,16384,coarse,Standard,1000
32,8,MPIAdvance-CXI-Double-Buffering2,0.0447534,0.455733,frontier,61440,coarse,Ready Send,1000
32,8,MPIAdvance-CXI-Single-Buffering2,0.0408107,0.454894,frontier,61440,coarse,Standard,1000
32,8,MPIAdvance-CXI-Double-Buffering2,0.0347907,0.459851,frontier,61440,fine,Ready Send,1000
32,8,MPIAdvance-CXI-Single-Buffering2,0.0303548,0.459114,frontier,61440,fine,Standard,1000
32,8,Cray-MPICH-CXI-GPU-Enabled,0.0111851,0.51091,frontier,61440,coarse,Standard,1000
64,1,MPIAdvance-CXI-Double-Buffering2,0.223137,0.211499,frontier,16384,coarse,Ready Send,1000
64,1,MPIAdvance-CXI-Single-Buffering2,0.0250688,0.211515,frontier,16384,coarse,Standard,1000
64,1,MPIAdvance-CXI-Double-Buffering2,0.0199222,0.216524,frontier,16384,fine,Ready Send,1000
64,1,MPIAdvance-CXI-Single-Buffering2,0.021866,0.217341,frontier,16384,fine,Standard,1000
64,1,Cray-MPICH-CXI-GPU-Enabled,0.0105786,0.234085,frontier,16384,coarse,Standard,1000
64,1,MPIAdvance-CXI-Double-Buffering2,0.0215489,1.41155,frontier,61440,coarse,Ready Send,1000
64,1,MPIAdvance-CXI-Single-Buffering2,0.025508,1.41176,frontier,61440,coarse,Standard,1000
64,1,MPIAdvance-CXI-Double-Buffering2,0.0186724,1.41375,frontier,61440,fine,Ready Send,1000
64,1,MPIAdvance-CXI-Single-Buffering2,0.0235243,1.41467,frontier,61440,fine,Standard,1000
64,1,Cray-MPICH-CXI-GPU-Enabled,0.0108381,1.44278,frontier,61440,coarse,Standard,1000
64,2,MPIAdvance-CXI-Double-Buffering2,0.0668101,0.157975,frontier,16384,coarse,Ready Send,1000
64,2,MPIAdvance-CXI-Single-Buffering2,0.0277668,0.157587,frontier,16384,coarse,Standard,1000
64,2,MPIAdvance-CXI-Double-Buffering2,0.0232636,0.168429,frontier,16384,fine,Ready Send,1000
64,2,MPIAdvance-CXI-Single-Buffering2,0.0268755,0.167696,frontier,16384,fine,Standard,1000
64,2,Cray-MPICH-CXI-GPU-Enabled,0.00974744,0.201471,frontier,16384,coarse,Standard,1000
64,2,MPIAdvance-CXI-Double-Buffering2,0.0229571,0.774475,frontier,61440,coarse,Ready Send,1000
64,2,MPIAdvance-CXI-Single-Buffering2,0.0255988,0.773658,frontier,61440,coarse,Standard,1000
64,2,MPIAdvance-CXI-Double-Buffering2,0.0252263,0.77858,frontier,61440,fine,Ready Send,1000
64,2,MPIAdvance-CXI-Single-Buffering2,0.0268222,0.778147,frontier,61440,fine,Standard,1000
64,2,Cray-MPICH-CXI-GPU-Enabled,0.0106524,0.804738,frontier,61440,coarse,Standard,1000
64,4,MPIAdvance-CXI-Double-Buffering2,0.0694848,0.134567,frontier,16384,coarse,Ready Send,1000
64,4,MPIAdvance-CXI-Single-Buffering2,0.0301111,0.134438,frontier,16384,coarse,Standard,1000
64,4,MPIAdvance-CXI-Double-Buffering2,0.0240551,0.141949,frontier,16384,fine,Ready Send,1000
64,4,MPIAdvance-CXI-Single-Buffering2,0.0285263,0.141866,frontier,16384,fine,Standard,1000
64,4,Cray-MPICH-CXI-GPU-Enabled,0.0120787,0.18636,frontier,16384,coarse,Standard,1000
64,4,MPIAdvance-CXI-Double-Buffering2,0.02352,0.456536,frontier,61440,coarse,Ready Send,1000
64,4,MPIAdvance-CXI-Single-Buffering2,0.0282535,0.455757,frontier,61440,coarse,Standard,1000
64,4,MPIAdvance-CXI-Double-Buffering2,0.0253963,0.461115,frontier,61440,fine,Ready Send,1000
64,4,MPIAdvance-CXI-Single-Buffering2,0.0314107,0.460354,frontier,61440,fine,Standard,1000
64,4,Cray-MPICH-CXI-GPU-Enabled,0.0122767,0.502683,frontier,61440,coarse,Standard,1000
64,8,MPIAdvance-CXI-Double-Buffering2,0.0775,0.120216,frontier,16384,coarse,Ready Send,1000
64,8,MPIAdvance-CXI-Single-Buffering2,0.0521869,0.127232,frontier,16384,coarse,Standard,1000
64,8,MPIAdvance-CXI-Double-Buffering2,0.0334703,0.125914,frontier,16384,fine,Ready Send,1000
64,8,MPIAdvance-CXI-Single-Buffering2,0.0424276,0.128867,frontier,16384,fine,Standard,1000
64,8,Cray-MPICH-CXI-GPU-Enabled,0.0182985,0.1654,frontier,16384,coarse,Standard,1000
64,8,MPIAdvance-CXI-Double-Buffering2,0.0319469,0.289603,frontier,61440,coarse,Ready Send,1000
64,8,MPIAdvance-CXI-Single-Buffering2,0.038144,0.288929,frontier,61440,coarse,Standard,1000
64,8,MPIAdvance-CXI-Double-Buffering2,0.0351745,0.292449,frontier,61440,fine,Ready Send,1000
64,8,MPIAdvance-CXI-Single-Buffering2,0.0415505,0.29165,frontier,61440,fine,Standard,1000
64,8,Cray-MPICH-CXI-GPU-Enabled,0.0255574,0.341088,frontier,61440,coarse,Standard,1000
128,1,MPIAdvance-CXI-Double-Buffering2,0.271893,0.15538,frontier,16384,coarse,Ready Send,1000
128,1,MPIAdvance-CXI-Single-Buffering2,0.0247807,0.156584,frontier,16384,coarse,Standard,1000
128,1,MPIAdvance-CXI-Double-Buffering2,0.0213426,0.166267,frontier,16384,fine,Ready Send,1000
128,1,MPIAdvance-CXI-Single-Buffering2,0.0237776,0.167401,frontier,16384,fine,Standard,1000
128,1,Cray-MPICH-CXI-GPU-Enabled,0.00982597,0.181803,frontier,16384,coarse,Standard,1000
128,1,MPIAdvance-CXI-Double-Buffering2,0.0205642,0.768835,frontier,61440,coarse,Ready Send,1000
128,1,MPIAdvance-CXI-Single-Buffering2,0.0245429,0.769547,frontier,61440,coarse,Standard,1000
128,1,MPIAdvance-CXI-Double-Buffering2,0.0210786,0.773649,frontier,61440,fine,Ready Send,1000
128,1,MPIAdvance-CXI-Single-Buffering2,0.0241039,0.774294,frontier,61440,fine,Standard,1000
128,1,Cray-MPICH-CXI-GPU-Enabled,0.0114319,0.799727,frontier,61440,coarse,Standard,1000
128,2,MPIAdvance-CXI-Double-Buffering2,0.0656566,0.134711,frontier,16384,coarse,Ready Send,1000
128,2,MPIAdvance-CXI-Single-Buffering2,0.0285947,0.134483,frontier,16384,coarse,Standard,1000
128,2,MPIAdvance-CXI-Double-Buffering2,0.0216962,0.141991,frontier,16384,fine,Ready Send,1000
128,2,MPIAdvance-CXI-Single-Buffering2,0.0289219,0.141838,frontier,16384,fine,Standard,1000
128,2,Cray-MPICH-CXI-GPU-Enabled,0.0115808,0.179884,frontier,16384,coarse,Standard,1000
128,2,MPIAdvance-CXI-Double-Buffering2,0.0258623,0.456764,frontier,61440,coarse,Ready Send,1000
128,2,MPIAdvance-CXI-Single-Buffering2,0.0262027,0.455793,frontier,61440,coarse,Standard,1000
128,2,MPIAdvance-CXI-Double-Buffering2,0.0232785,0.461519,frontier,61440,fine,Ready Send,1000
128,2,MPIAdvance-CXI-Single-Buffering2,0.0270095,0.460603,frontier,61440,fine,Standard,1000
128,2,Cray-MPICH-CXI-GPU-Enabled,0.0107614,0.491601,frontier,61440,coarse,Standard,1000
128,4,MPIAdvance-CXI-Double-Buffering2,0.0670762,0.122577,frontier,16384,coarse,Ready Send,1000
128,4,MPIAdvance-CXI-Single-Buffering2,0.0477063,0.124518,frontier,16384,coarse,Standard,1000
128,4,MPIAdvance-CXI-Double-Buffering2,0.0255142,0.12521,frontier,16384,fine,Ready Send,1000
128,4,MPIAdvance-CXI-Single-Buffering2,0.0304028,0.126789,frontier,16384,fine,Standard,1000
128,4,Cray-MPICH-CXI-GPU-Enabled,10.7302,0.166075,frontier,16384,coarse,Standard,1000
128,4,MPIAdvance-CXI-Double-Buffering2,0.0263242,0.28975,frontier,61440,coarse,Ready Send,1000
128,4,MPIAdvance-CXI-Single-Buffering2,2.62189,0.289016,frontier,61440,coarse,Standard,1000
128,4,MPIAdvance-CXI-Double-Buffering2,0.0332447,0.292839,frontier,61440,fine,Ready Send,1000
128,4,MPIAdvance-CXI-Single-Buffering2,0.0307532,0.291852,frontier,61440,fine,Standard,1000
128,4,Cray-MPICH-CXI-GPU-Enabled,0.0147689,0.337136,frontier,61440,coarse,Standard,1000
128,8,MPIAdvance-CXI-Double-Buffering2,0.0764264,0.120855,frontier,16384,coarse,Ready Send,1000
128,8,MPIAdvance-CXI-Single-Buffering2,0.0324111,0.12363,frontier,16384,coarse,Standard,1000
128,8,MPIAdvance-CXI-Double-Buffering2,0.0308802,0.116209,frontier,16384,fine,Ready Send,1000
128,8,MPIAdvance-CXI-Single-Buffering2,0.0724128,0.121414,frontier,16384,fine,Standard,1000
128,8,Cray-MPICH-CXI-GPU-Enabled,0.0193159,0.155163,frontier,16384,coarse,Standard,1000
128,8,MPIAdvance-CXI-Double-Buffering2,0.0388789,0.207544,frontier,61440,coarse,Ready Send,1000
128,8,MPIAdvance-CXI-Single-Buffering2,0.0429323,0.206592,frontier,61440,coarse,Standard,1000
128,8,MPIAdvance-CXI-Double-Buffering2,0.030033,0.211496,frontier,61440,fine,Ready Send,1000
128,8,MPIAdvance-CXI-Single-Buffering2,0.0434472,0.210313,frontier,61440,fine,Standard,1000
128,8,Cray-MPICH-CXI-GPU-Enabled,0.021362,0.270465,frontier,61440,coarse,Standard,1000
256,1,MPIAdvance-CXI-Double-Buffering2,0.485781,0.132981,frontier,16384,coarse,Ready Send,1000
256,1,MPIAdvance-CXI-Single-Buffering2,0.029564,0.134467,frontier,16384,coarse,Standard,1000
256,1,MPIAdvance-CXI-Double-Buffering2,0.0241777,0.140346,frontier,16384,fine,Ready Send,1000
256,1,MPIAdvance-CXI-Single-Buffering2,0.030827,0.141846,frontier,16384,fine,Standard,1000
256,1,Cray-MPICH-CXI-GPU-Enabled,0.0108618,0.157558,frontier,16384,coarse,Standard,1000
256,1,MPIAdvance-CXI-Double-Buffering2,0.023122,0.453331,frontier,61440,coarse,Ready Send,1000
256,1,MPIAdvance-CXI-Single-Buffering2,0.0318866,0.454156,frontier,61440,coarse,Standard,1000
256,1,MPIAdvance-CXI-Double-Buffering2,0.0223448,0.45813,frontier,61440,fine,Ready Send,1000
256,1,MPIAdvance-CXI-Single-Buffering2,0.0255964,0.458963,frontier,61440,fine,Standard,1000
256,1,Cray-MPICH-CXI-GPU-Enabled,0.0123845,0.484856,frontier,61440,coarse,Standard,1000
256,2,MPIAdvance-CXI-Double-Buffering2,0.064732,0.116441,frontier,16384,coarse,Ready Send,1000
256,2,MPIAdvance-CXI-Single-Buffering2,0.0286266,0.122844,frontier,16384,coarse,Standard,1000
256,2,MPIAdvance-CXI-Double-Buffering2,0.0496697,0.125811,frontier,16384,fine,Ready Send,1000
256,2,MPIAdvance-CXI-Single-Buffering2,0.0981164,0.126879,frontier,16384,fine,Standard,1000
256,2,Cray-MPICH-CXI-GPU-Enabled,0.0750533,0.161393,frontier,16384,coarse,Standard,1000
256,2,MPIAdvance-CXI-Double-Buffering2,0.0233782,0.289979,frontier,61440,coarse,Ready Send,1000
256,2,MPIAdvance-CXI-Single-Buffering2,0.0395821,0.289207,frontier,61440,coarse,Standard,1000
256,2,MPIAdvance-CXI-Double-Buffering2,0.0236349,0.293003,frontier,61440,fine,Ready Send,1000
256,2,MPIAdvance-CXI-Single-Buffering2,0.0292624,0.29197,frontier,61440,fine,Standard,1000
256,2,Cray-MPICH-CXI-GPU-Enabled,0.0675065,0.326072,frontier,61440,coarse,Standard,1000
256,4,MPIAdvance-CXI-Double-Buffering2,0.064275,0.112264,frontier,16384,coarse,Ready Send,1000
256,4,MPIAdvance-CXI-Single-Buffering2,0.0263632,0.12061,frontier,16384,coarse,Standard,1000
256,4,MPIAdvance-CXI-Double-Buffering2,0.028774,0.11057,frontier,16384,fine,Ready Send,1000
256,4,MPIAdvance-CXI-Single-Buffering2,0.0267069,0.118594,frontier,16384,fine,Standard,1000
256,4,Cray-MPICH-CXI-GPU-Enabled,0.0169259,0.14469,frontier,16384,coarse,Standard,1000
256,4,MPIAdvance-CXI-Double-Buffering2,0.128491,0.20795,frontier,61440,coarse,Ready Send,1000
256,4,MPIAdvance-CXI-Single-Buffering2,0.0339328,0.207073,frontier,61440,coarse,Standard,1000
256,4,MPIAdvance-CXI-Double-Buffering2,0.119556,0.211542,frontier,61440,fine,Ready Send,1000
256,4,MPIAdvance-CXI-Single-Buffering2,0.0371124,0.210864,frontier,61440,fine,Standard,1000
256,4,Cray-MPICH-CXI-GPU-Enabled,0.0112229,0.261908,frontier,61440,coarse,Standard,1000
256,8,MPIAdvance-CXI-Double-Buffering2,0.175205,0.116323,frontier,16384,coarse,Ready Send,1000
256,8,MPIAdvance-CXI-Single-Buffering2,0.0440262,0.123229,frontier,16384,coarse,Standard,1000
256,8,MPIAdvance-CXI-Double-Buffering2,0.159706,0.114838,frontier,16384,fine,Ready Send,1000
256,8,MPIAdvance-CXI-Single-Buffering2,0.0448604,0.121617,frontier,16384,fine,Standard,1000
256,8,Cray-MPICH-CXI-GPU-Enabled,0.0843565,0.140985,frontier,16384,coarse,Standard,1000
256,8,MPIAdvance-CXI-Double-Buffering2,0.120058,0.151307,frontier,61440,coarse,Ready Send,1000
256,8,MPIAdvance-CXI-Single-Buffering2,0.0456482,0.150879,frontier,61440,coarse,Standard,1000
256,8,MPIAdvance-CXI-Double-Buffering2,0.0788436,0.159991,frontier,61440,fine,Ready Send,1000
256,8,MPIAdvance-CXI-Single-Buffering2,0.0607801,0.16208,frontier,61440,fine,Standard,1000
256,8,Cray-MPICH-CXI-GPU-Enabled,0.100455,0.217993,frontier,61440,coarse,Standard,1000
512,1,MPIAdvance-CXI-Double-Buffering2,0.556675,0.115382,frontier,16384,coarse,Ready Send,1000
512,1,MPIAdvance-CXI-Single-Buffering2,0.0273989,0.122327,frontier,16384,coarse,Standard,1000
512,1,MPIAdvance-CXI-Double-Buffering2,0.0235006,0.124868,frontier,16384,fine,Ready Send,1000
512,1,MPIAdvance-CXI-Single-Buffering2,0.0249035,0.126481,frontier,16384,fine,Standard,1000
512,1,Cray-MPICH-CXI-GPU-Enabled,0.0621797,0.142645,frontier,16384,coarse,Standard,1000
512,1,MPIAdvance-CXI-Double-Buffering2,0.0466998,0.287605,frontier,61440,coarse,Ready Send,1000
512,1,MPIAdvance-CXI-Single-Buffering2,0.0516156,0.288245,frontier,61440,coarse,Standard,1000
512,1,MPIAdvance-CXI-Double-Buffering2,0.022907,0.290822,frontier,61440,fine,Ready Send,1000
512,1,MPIAdvance-CXI-Single-Buffering2,0.0263178,0.29132,frontier,61440,fine,Standard,1000
512,1,Cray-MPICH-CXI-GPU-Enabled,0.135474,0.317866,frontier,61440,coarse,Standard,1000
512,2,MPIAdvance-CXI-Double-Buffering2,0.0692378,0.111783,frontier,16384,coarse,Ready Send,1000
512,2,MPIAdvance-CXI-Single-Buffering2,0.0307036,0.11856,frontier,16384,coarse,Standard,1000
512,2,MPIAdvance-CXI-Double-Buffering2,0.0342488,0.108045,frontier,16384,fine,Ready Send,1000
512,2,MPIAdvance-CXI-Single-Buffering2,0.0955918,0.11609,frontier,16384,fine,Standard,1000
512,2,Cray-MPICH-CXI-GPU-Enabled,0.311044,0.12887,frontier,16384,coarse,Standard,1000
512,2,MPIAdvance-CXI-Double-Buffering2,0.0710036,0.208062,frontier,61440,coarse,Ready Send,1000
512,2,MPIAdvance-CXI-Single-Buffering2,0.0367019,0.206939,frontier,61440,coarse,Standard,1000
512,2,MPIAdvance-CXI-Double-Buffering2,0.0308255,0.211632,frontier,61440,fine,Ready Send,1000
512,2,MPIAdvance-CXI-Single-Buffering2,0.032563,0.210702,frontier,61440,fine,Standard,1000
512,2,Cray-MPICH-CXI-GPU-Enabled,0.0156765,0.244154,frontier,61440,coarse,Standard,1000
512,4,MPIAdvance-CXI-Double-Buffering2,0.0684245,0.113278,frontier,16384,coarse,Ready Send,1000
512,4,MPIAdvance-CXI-Single-Buffering2,0.05293,0.120386,frontier,16384,coarse,Standard,1000
512,4,MPIAdvance-CXI-Double-Buffering2,0.0589069,0.11172,frontier,16384,fine,Ready Send,1000
512,4,MPIAdvance-CXI-Single-Buffering2,0.0516581,0.117707,frontier,16384,fine,Standard,1000
512,4,Cray-MPICH-CXI-GPU-Enabled,0.0325956,0.133615,frontier,16384,coarse,Standard,1000
512,4,MPIAdvance-CXI-Double-Buffering2,0.068398,0.151145,frontier,61440,coarse,Ready Send,1000
512,4,MPIAdvance-CXI-Single-Buffering2,0.0506362,0.1509,frontier,61440,coarse,Standard,1000
512,4,MPIAdvance-CXI-Double-Buffering2,0.0589136,0.159881,frontier,61440,fine,Ready Send,1000
512,4,MPIAdvance-CXI-Single-Buffering2,0.0447029,0.159343,frontier,61440,fine,Standard,1000
512,4,Cray-MPICH-CXI-GPU-Enabled,0.0322789,0.208753,frontier,61440,coarse,Standard,1000
512,8,MPIAdvance-CXI-Double-Buffering2,0.0712082,0.121197,frontier,16384,coarse,Ready Send,1000
512,8,MPIAdvance-CXI-Single-Buffering2,0.109164,0.124177,frontier,16384,coarse,Standard,1000
512,8,MPIAdvance-CXI-Double-Buffering2,0.145443,0.115695,frontier,16384,fine,Ready Send,1000
512,8,MPIAdvance-CXI-Single-Buffering2,0.078092,0.121949,frontier,16384,fine,Standard,1000
512,8,Cray-MPICH-CXI-GPU-Enabled,0.133776,0.142709,frontier,16384,coarse,Standard,1000
512,8,MPIAdvance-CXI-Double-Buffering2,0.142685,0.131452,frontier,61440,coarse,Ready Send,1000
512,8,MPIAdvance-CXI-Single-Buffering2,0.0799156,0.134088,frontier,61440,coarse,Standard,1000
512,8,MPIAdvance-CXI-Double-Buffering2,0.0883561,0.135967,frontier,61440,fine,Ready Send,1000
512,8,MPIAdvance-CXI-Single-Buffering2,0.148089,0.138296,frontier,61440,fine,Standard,1000
512,8,Cray-MPICH-CXI-GPU-Enabled,0.0632399,0.195198,frontier,61440,coarse,Standard,1000
1024,1,MPIAdvance-CXI-Double-Buffering2,0.752412,0.111323,frontier,16384,coarse,Ready Send,1000
1024,1,MPIAdvance-CXI-Single-Buffering2,0.0310167,0.117932,frontier,16384,coarse,Standard,1000
1024,1,MPIAdvance-CXI-Double-Buffering2,0.0210491,0.10851,frontier,16384,fine,Ready Send,1000
1024,1,MPIAdvance-CXI-Single-Buffering2,0.0348561,0.115037,frontier,16384,fine,Standard,1000
1024,1,Cray-MPICH-CXI-GPU-Enabled,0.0133974,0.123238,frontier,16384,coarse,Standard,1000
1024,1,MPIAdvance-CXI-Double-Buffering2,0.0269455,0.206694,frontier,61440,coarse,Ready Send,1000
1024,1,MPIAdvance-CXI-Single-Buffering2,0.0349489,0.207083,frontier,61440,coarse,Standard,1000
1024,1,MPIAdvance-CXI-Double-Buffering2,0.0412875,0.21019,frontier,61440,fine,Ready Send,1000
1024,1,MPIAdvance-CXI-Single-Buffering2,0.0322359,0.261595,frontier,61440,fine,Standard,1000
1024,1,Cray-MPICH-CXI-GPU-Enabled,0.0215358,0.230513,frontier,61440,coarse,Standard,1000
1024,2,MPIAdvance-CXI-Double-Buffering2,0.071481,0.110962,frontier,16384,coarse,Ready Send,1000
1024,2,MPIAdvance-CXI-Single-Buffering2,0.0569784,0.118469,frontier,16384,coarse,Standard,1000
1024,2,MPIAdvance-CXI-Double-Buffering2,0.0414969,0.108775,frontier,16384,fine,Ready Send,1000
1024,2,MPIAdvance-CXI-Single-Buffering2,0.0625946,0.115975,frontier,16384,fine,Standard,1000
1024,2,Cray-MPICH-CXI-GPU-Enabled,0.0460529,0.12809,frontier,16384,coarse,Standard,1000
1024,2,MPIAdvance-CXI-Double-Buffering2,0.0533504,0.151644,frontier,61440,coarse,Ready Send,1000
1024,2,MPIAdvance-CXI-Single-Buffering2,0.0609568,0.151235,frontier,61440,coarse,Standard,1000
1024,2,MPIAdvance-CXI-Double-Buffering2,0.0474658,0.160386,frontier,61440,fine,Ready Send,1000
1024,2,MPIAdvance-CXI-Single-Buffering2,0.0444339,0.159762,frontier,61440,fine,Standard,1000
1024,2,Cray-MPICH-CXI-GPU-Enabled,0.0289143,0.192784,frontier,61440,coarse,Standard,1000
1024,4,MPIAdvance-CXI-Double-Buffering2,0.0794192,0.111973,frontier,16384,coarse,Ready Send,1000
1024,4,MPIAdvance-CXI-Single-Buffering2,0.0945076,0.119205,frontier,16384,coarse,Standard,1000
1024,4,MPIAdvance-CXI-Double-Buffering2,0.090376,0.110561,frontier,16384,fine,Ready Send,1000
1024,4,MPIAdvance-CXI-Single-Buffering2,0.105936,0.116478,frontier,16384,fine,Standard,1000
1024,4,Cray-MPICH-CXI-GPU-Enabled,0.0685298,0.131076,frontier,16384,coarse,Standard,1000
1024,4,MPIAdvance-CXI-Double-Buffering2,0.0996919,0.129904,frontier,61440,coarse,Ready Send,1000
1024,4,MPIAdvance-CXI-Single-Buffering2,0.0946793,0.132589,frontier,61440,coarse,Standard,1000
1024,4,MPIAdvance-CXI-Double-Buffering2,0.104972,0.136108,frontier,61440,fine,Ready Send,1000
1024,4,MPIAdvance-CXI-Single-Buffering2,0.0936046,0.136811,frontier,61440,fine,Standard,1000
1024,4,Cray-MPICH-CXI-GPU-Enabled,0.0515187,0.18593,frontier,61440,coarse,Standard,1000
1024,8,MPIAdvance-CXI-Double-Buffering2,0.150504,0.120675,frontier,16384,coarse,Ready Send,1000
1024,8,MPIAdvance-CXI-Single-Buffering2,0.215469,0.124176,frontier,16384,coarse,Standard,1000
1024,8,MPIAdvance-CXI-Double-Buffering2,0.163165,0.114982,frontier,16384,fine,Ready Send,1000
1024,8,MPIAdvance-CXI-Single-Buffering2,0.184903,0.119763,frontier,16384,fine,Standard,1000
1024,8,Cray-MPICH-CXI-GPU-Enabled,0.119631,0.133924,frontier,16384,coarse,Standard,1000
1024,8,MPIAdvance-CXI-Double-Buffering2,0.142109,0.124033,frontier,61440,coarse,Ready Send,1000
1024,8,MPIAdvance-CXI-Single-Buffering2,0.268446,0.1269,frontier,61440,coarse,Standard,1000
1024,8,MPIAdvance-CXI-Double-Buffering2,0.177455,0.1248,frontier,61440,fine,Ready Send,1000
1024,8,MPIAdvance-CXI-Single-Buffering2,0.195947,0.128253,frontier,61440,fine,Standard,1000
1024,8,Cray-MPICH-CXI-GPU-Enabled,0.182173,0.176522,frontier,61440,coarse,Standard,1000
1,1,MPIAdvance-CXI-Double-Buffering2,0.0475714,6.16702,frontier,16384,coarse,Ready Send,1000
1,1,MPIAdvance-CXI-Single-Buffering2,0.0218818,6.33022,frontier,16384,coarse,Standard,1000
1,1,MPIAdvance-CXI-Double-Buffering2,0.018669,6.16456,frontier,16384,fine,Ready Send,1000
1,1,MPIAdvance-CXI-Single-Buffering2,0.0218476,6.33031,frontier,16384,fine,Standard,1000
1,1,Cray-MPICH-CXI-GPU-Enabled,0.00607973,6.00037,frontier,16384,coarse,Standard,1000
1,1,MPIAdvance-CXI-Double-Buffering2,0.0230357,90.3176,frontier,61440,coarse,Ready Send,1000
1,1,MPIAdvance-CXI-Single-Buffering2,1.57225,90.5089,frontier,61440,coarse,Standard,1000
1,1,MPIAdvance-CXI-Double-Buffering2,0.975593,90.4104,frontier,61440,fine,Ready Send,1000
1,1,MPIAdvance-CXI-Single-Buffering2,1.45327,90.5386,frontier,61440,fine,Standard,1000
1,1,Cray-MPICH-CXI-GPU-Enabled,1.55322,90.586,frontier,61440,coarse,Standard,1000
1,2,MPIAdvance-CXI-Double-Buffering2,2.33018,3.00221,frontier,16384,coarse,Ready Send,1000
1,2,MPIAdvance-CXI-Single-Buffering2,0.0311175,3.00092,frontier,16384,coarse,Standard,1000
1,2,MPIAdvance-CXI-Double-Buffering2,0.0272699,3.00323,frontier,16384,fine,Ready Send,1000
1,2,MPIAdvance-CXI-Single-Buffering2,0.0304494,3.00301,frontier,16384,fine,Standard,1000
1,2,Cray-MPICH-CXI-GPU-Enabled,0.0066117,3.07741,frontier,16384,coarse,Standard,1000
1,2,MPIAdvance-CXI-Double-Buffering2,3.74,43.7196,frontier,61440,coarse,Ready Send,1000
1,2,MPIAdvance-CXI-Single-Buffering2,0.060475,44.1962,frontier,61440,coarse,Standard,1000
1,2,MPIAdvance-CXI-Double-Buffering2,0.0342961,43.8401,frontier,61440,fine,Ready Send,1000
1,2,MPIAdvance-CXI-Single-Buffering2,0.0516357,44.3837,frontier,61440,fine,Standard,1000
1,2,Cray-MPICH-CXI-GPU-Enabled,0.0216609,44.2243,frontier,61440,coarse,Standard,1000
1,4,MPIAdvance-CXI-Double-Buffering2,0.0675642,1.58291,frontier,16384,coarse,Ready Send,1000
1,4,MPIAdvance-CXI-Single-Buffering2,0.0600241,1.58182,frontier,16384,coarse,Standard,1000
1,4,MPIAdvance-CXI-Double-Buffering2,0.0436298,1.58514,frontier,16384,fine,Ready Send,1000
1,4,MPIAdvance-CXI-Single-Buffering2,0.0493164,1.58481,frontier,16384,fine,Standard,1000
1,4,Cray-MPICH-CXI-GPU-Enabled,0.00675751,1.60914,frontier,16384,coarse,Standard,1000
1,4,MPIAdvance-CXI-Double-Buffering2,0.0511423,22.2645,frontier,61440,coarse,Ready Send,1000
1,4,MPIAdvance-CXI-Single-Buffering2,0.0529584,22.4194,frontier,61440,coarse,Standard,1000
1,4,MPIAdvance-CXI-Double-Buffering2,0.0526594,22.2158,frontier,61440,fine,Ready Send,1000
1,4,MPIAdvance-CXI-Single-Buffering2,0.0495197,22.4176,frontier,61440,fine,Standard,1000
1,4,Cray-MPICH-CXI-GPU-Enabled,0.0107984,22.2518,frontier,61440,coarse,Standard,1000
1,8,MPIAdvance-CXI-Double-Buffering2,0.111549,0.853597,frontier,16384,coarse,Ready Send,1000
1,8,MPIAdvance-CXI-Single-Buffering2,0.0938285,0.853314,frontier,16384,coarse,Standard,1000
1,8,MPIAdvance-CXI-Double-Buffering2,0.0811129,0.85925,frontier,16384,fine,Ready Send,1000
1,8,MPIAdvance-CXI-Single-Buffering2,0.0896725,0.858383,frontier,16384,fine,Standard,1000
1,8,Cray-MPICH-CXI-GPU-Enabled,0.0112329,0.90853,frontier,16384,coarse,Standard,1000
1,8,MPIAdvance-CXI-Double-Buffering2,0.077774,10.581,frontier,61440,coarse,Ready Send,1000
1,8,MPIAdvance-CXI-Single-Buffering2,0.0867351,10.5793,frontier,61440,coarse,Standard,1000
1,8,MPIAdvance-CXI-Double-Buffering2,0.0776255,10.6099,frontier,61440,fine,Ready Send,1000
1,8,MPIAdvance-CXI-Single-Buffering2,0.08511,10.573,frontier,61440,fine,Standard,1000
1,8,Cray-MPICH-CXI-GPU-Enabled,0.0094447,10.4404,frontier,61440,coarse,Standard,1000
2,1,MPIAdvance-CXI-Double-Buffering2,0.0293335,3.00606,frontier,16384,coarse,Ready Send,1000
2,1,MPIAdvance-CXI-Single-Buffering2,0.0198696,3.00625,frontier,16384,coarse,Standard,1000
2,1,MPIAdvance-CXI-Double-Buffering2,0.0160448,3.01066,frontier,16384,fine,Ready Send,1000
2,1,MPIAdvance-CXI-Single-Buffering2,0.0195731,3.01085,frontier,16384,fine,Standard,1000
2,1,Cray-MPICH-CXI-GPU-Enabled,0.00640909,3.08261,frontier,16384,coarse,Standard,1000
2,1,MPIAdvance-CXI-Double-Buffering2,0.0200438,44.0665,frontier,61440,coarse,Ready Send,1000
2,1,MPIAdvance-CXI-Single-Buffering2,0.0215669,44.3412,frontier,61440,coarse,Standard,1000
2,1,MPIAdvance-CXI-Double-Buffering2,0.0179779,44.216,frontier,61440,fine,Ready Send,1000
2,1,MPIAdvance-CXI-Single-Buffering2,0.0212407,44.515,frontier,61440,fine,Standard,1000
2,1,Cray-MPICH-CXI-GPU-Enabled,0.00812381,44.4259,frontier,61440,coarse,Standard,1000
2,2,MPIAdvance-CXI-Double-Buffering2,0.0214996,1.58302,frontier,16384,coarse,Ready Send,1000
2,2,MPIAdvance-CXI-Single-Buffering2,0.0235549,1.58251,frontier,16384,coarse,Standard,1000
2,2,MPIAdvance-CXI-Double-Buffering2,0.0186292,1.58591,frontier,16384,fine,Ready Send,1000
2,2,MPIAdvance-CXI-Single-Buffering2,0.022013,1.58544,frontier,16384,fine,Standard,1000
2,2,Cray-MPICH-CXI-GPU-Enabled,0.00836782,1.61895,frontier,16384,coarse,Standard,1000
2,2,MPIAdvance-CXI-Double-Buffering2,0.0205643,22.3449,frontier,61440,coarse,Ready Send,1000
2,2,MPIAdvance-CXI-Single-Buffering2,0.0249818,22.4553,frontier,61440,coarse,Standard,1000
2,2,MPIAdvance-CXI-Double-Buffering2,0.0210769,22.3548,frontier,61440,fine,Ready Send,1000
2,2,MPIAdvance-CXI-Single-Buffering2,0.0236332,22.4409,frontier,61440,fine,Standard,1000
2,2,Cray-MPICH-CXI-GPU-Enabled,0.00840588,22.3232,frontier,61440,coarse,Standard,1000
2,4,MPIAdvance-CXI-Double-Buffering2,0.23304,0.854597,frontier,16384,coarse,Ready Send,1000
2,4,MPIAdvance-CXI-Single-Buffering2,0.0257981,0.853588,frontier,16384,coarse,Standard,1000
2,4,MPIAdvance-CXI-Double-Buffering2,1.2064,0.860593,frontier,16384,fine,Ready Send,1000
2,4,MPIAdvance-CXI-Single-Buffering2,0.0243451,0.860293,frontier,16384,fine,Standard,1000
2,4,Cray-MPICH-CXI-GPU-Enabled,0.00892355,0.89235,frontier,16384,coarse,Standard,1000
2,4,MPIAdvance-CXI-Double-Buffering2,0.0223989,10.6365,frontier,61440,coarse,Ready Send,1000
2,4,MPIAdvance-CXI-Single-Buffering2,0.0244665,10.5844,frontier,61440,coarse,Standard,1000
2,4,MPIAdvance-CXI-Double-Buffering2,0.0215912,10.5433,frontier,61440,fine,Ready Send,1000
2,4,MPIAdvance-CXI-Single-Buffering2,0.0266759,10.582,frontier,61440,fine,Standard,1000
2,4,Cray-MPICH-CXI-GPU-Enabled,0.00802582,10.3593,frontier,61440,coarse,Standard,1000
2,8,MPIAdvance-CXI-Double-Buffering2,0.0722463,0.493482,frontier,16384,coarse,Ready Send,1000
2,8,MPIAdvance-CXI-Single-Buffering2,0.0324225,0.492879,frontier,16384,coarse,Standard,1000
2,8,MPIAdvance-CXI-Double-Buffering2,0.0277193,0.499135,frontier,16384,fine,Ready Send,1000
2,8,MPIAdvance-CXI-Single-Buffering2,0.0429999,0.498573,frontier,16384,fine,Standard,1000
2,8,Cray-MPICH-CXI-GPU-Enabled,0.0158375,0.546271,frontier,16384,coarse,Standard,1000
2,8,MPIAdvance-CXI-Double-Buffering2,0.0340372,5.17004,frontier,61440,coarse,Ready Send,1000
2,8,MPIAdvance-CXI-Single-Buffering2,0.0383158,5.16906,frontier,61440,coarse,Standard,1000
2,8,MPIAdvance-CXI-Double-Buffering2,0.0327857,5.17408,frontier,61440,fine,Ready Send,1000
2,8,MPIAdvance-CXI-Single-Buffering2,0.0354921,5.17346,frontier,61440,fine,Standard,1000
2,8,Cray-MPICH-CXI-GPU-Enabled,0.0177852,5.24935,frontier,61440,coarse,Standard,1000
4,1,MPIAdvance-CXI-Double-Buffering2,0.0594661,1.57723,frontier,16384,coarse,Ready Send,1000
4,1,MPIAdvance-CXI-Single-Buffering2,0.0202798,1.57668,frontier,16384,coarse,Standard,1000
4,1,MPIAdvance-CXI-Double-Buffering2,0.0924884,1.57971,frontier,16384,fine,Ready Send,1000
4,1,MPIAdvance-CXI-Single-Buffering2,0.0197981,1.58004,frontier,16384,fine,Standard,1000
4,1,Cray-MPICH-CXI-GPU-Enabled,0.00657156,1.59945,frontier,16384,coarse,Standard,1000
4,1,MPIAdvance-CXI-Double-Buffering2,0.0197847,22.4544,frontier,61440,coarse,Ready Send,1000
4,1,MPIAdvance-CXI-Single-Buffering2,0.0219627,22.664,frontier,61440,coarse,Standard,1000
4,1,MPIAdvance-CXI-Double-Buffering2,0.0173045,22.4798,frontier,61440,fine,Ready Send,1000
4,1,MPIAdvance-CXI-Single-Buffering2,0.0207041,22.6647,frontier,61440,fine,Standard,1000
4,1,Cray-MPICH-CXI-GPU-Enabled,0.00764272,22.547,frontier,61440,coarse,Standard,1000
4,2,MPIAdvance-CXI-Double-Buffering2,0.061595,0.85515,frontier,16384,coarse,Ready Send,1000
4,2,MPIAdvance-CXI-Single-Buffering2,0.0231299,0.854406,frontier,16384,coarse,Standard,1000
4,2,MPIAdvance-CXI-Double-Buffering2,0.0180841,0.86122,frontier,16384,fine,Ready Send,1000
4,2,MPIAdvance-CXI-Single-Buffering2,0.0254083,0.860609,frontier,16384,fine,Standard,1000
4,2,Cray-MPICH-CXI-GPU-Enabled,0.0078015,0.885991,frontier,16384,coarse,Standard,1000
4,2,MPIAdvance-CXI-Double-Buffering2,0.0220032,10.5977,frontier,61440,coarse,Ready Send,1000
4,2,MPIAdvance-CXI-Single-Buffering2,0.0236106,10.5912,frontier,61440,coarse,Standard,1000
4,2,MPIAdvance-CXI-Double-Buffering2,0.0205043,10.8529,frontier,61440,fine,Ready Send,1000
4,2,MPIAdvance-CXI-Single-Buffering2,0.0246051,10.5874,frontier,61440,fine,Standard,1000
4,2,Cray-MPICH-CXI-GPU-Enabled,0.00745807,10.4036,frontier,61440,coarse,Standard,1000
4,4,MPIAdvance-CXI-Double-Buffering2,0.0637785,0.494239,frontier,16384,coarse,Ready Send,1000
4,4,MPIAdvance-CXI-Single-Buffering2,0.0268714,0.493497,frontier,16384,coarse,Standard,1000
4,4,MPIAdvance-CXI-Double-Buffering2,0.0219861,0.499543,frontier,16384,fine,Ready Send,1000
4,4,MPIAdvance-CXI-Single-Buffering2,0.028433,0.498733,frontier,16384,fine,Standard,1000
4,4,Cray-MPICH-CXI-GPU-Enabled,0.00988017,0.537446,frontier,16384,coarse,Standard,1000
4,4,MPIAdvance-CXI-Double-Buffering2,0.0242311,5.17961,frontier,61440,coarse,Ready Send,1000
4,4,MPIAdvance-CXI-Single-Buffering2,0.0283624,5.17933,frontier,61440,coarse,Standard,1000
4,4,MPIAdvance-CXI-Double-Buffering2,0.0245429,5.18447,frontier,61440,fine,Ready Send,1000
4,4,MPIAdvance-CXI-Single-Buffering2,0.0261498,5.18378,frontier,61440,fine,Standard,1000
4,4,Cray-MPICH-CXI-GPU-Enabled,0.0106973,5.25116,frontier,61440,coarse,Standard,1000
4,8,MPIAdvance-CXI-Double-Buffering2,0.0657975,0.303357,frontier,16384,coarse,Ready Send,1000
4,8,MPIAdvance-CXI-Single-Buffering2,0.0382044,0.302559,frontier,16384,coarse,Standard,1000
4,8,MPIAdvance-CXI-Double-Buffering2,0.037251,0.309963,frontier,16384,fine,Ready Send,1000
4,8,MPIAdvance-CXI-Single-Buffering2,0.0409274,0.309332,frontier,16384,fine,Standard,1000
4,8,Cray-MPICH-CXI-GPU-Enabled,0.0189913,0.352977,frontier,16384,coarse,Standard,1000
4,8,MPIAdvance-CXI-Double-Buffering2,0.0346974,2.67207,frontier,61440,coarse,Ready Send,1000
4,8,MPIAdvance-CXI-Single-Buffering2,0.0347593,2.67192,frontier,61440,coarse,Standard,1000
4,8,MPIAdvance-CXI-Double-Buffering2,0.0351639,2.6752,frontier,61440,fine,Ready Send,1000
4,8,MPIAdvance-CXI-Single-Buffering2,0.0377012,2.67551,frontier,61440,fine,Standard,1000
4,8,Cray-MPICH-CXI-GPU-Enabled,0.0121769,2.70025,frontier,61440,coarse,Standard,1000
8,1,MPIAdvance-CXI-Double-Buffering2,0.101475,0.848789,frontier,16384,coarse,Ready Send,1000
8,1,MPIAdvance-CXI-Single-Buffering2,0.0227069,0.849165,frontier,16384,coarse,Standard,1000
8,1,MPIAdvance-CXI-Double-Buffering2,0.0187665,0.854641,frontier,16384,fine,Ready Send,1000
8,1,MPIAdvance-CXI-Single-Buffering2,0.021688,0.854784,frontier,16384,fine,Standard,1000
8,1,Cray-MPICH-CXI-GPU-Enabled,0.00827789,0.873106,frontier,16384,coarse,Standard,1000
8,1,MPIAdvance-CXI-Double-Buffering2,0.020859,10.5326,frontier,61440,coarse,Ready Send,1000
8,1,MPIAdvance-CXI-Single-Buffering2,0.0243271,10.7922,frontier,61440,coarse,Standard,1000
8,1,MPIAdvance-CXI-Double-Buffering2,0.0187805,10.5377,frontier,61440,fine,Ready Send,1000
8,1,MPIAdvance-CXI-Single-Buffering2,0.0228273,10.7887,frontier,61440,fine,Standard,1000
8,1,Cray-MPICH-CXI-GPU-Enabled,0.00901196,10.683,frontier,61440,coarse,Standard,1000
8,2,MPIAdvance-CXI-Double-Buffering2,0.0637431,0.494156,frontier,16384,coarse,Ready Send,1000
8,2,MPIAdvance-CXI-Single-Buffering2,0.0234506,0.493407,frontier,16384,coarse,Standard,1000
8,2,MPIAdvance-CXI-Double-Buffering2,0.0223845,0.499834,frontier,16384,fine,Ready Send,1000
8,2,MPIAdvance-CXI-Single-Buffering2,0.0246366,0.499078,frontier,16384,fine,Standard,1000
8,2,Cray-MPICH-CXI-GPU-Enabled,0.00873158,0.529892,frontier,16384,coarse,Standard,1000
8,2,MPIAdvance-CXI-Double-Buffering2,0.0204892,5.17593,frontier,61440,coarse,Ready Send,1000
8,2,MPIAdvance-CXI-Single-Buffering2,0.0262934,5.17526,frontier,61440,coarse,Standard,1000
8,2,MPIAdvance-CXI-Double-Buffering2,0.0220931,5.17935,frontier,61440,fine,Ready Send,1000
8,2,MPIAdvance-CXI-Single-Buffering2,0.0257022,5.17865,frontier,61440,fine,Standard,1000
8,2,Cray-MPICH-CXI-GPU-Enabled,0.0106038,5.19483,frontier,61440,coarse,Standard,1000
8,4,MPIAdvance-CXI-Double-Buffering2,0.0639936,0.303332,frontier,16384,coarse,Ready Send,1000
8,4,MPIAdvance-CXI-Single-Buffering2,0.028754,0.302563,frontier,16384,coarse,Standard,1000
8,4,MPIAdvance-CXI-Double-Buffering2,0.0214326,0.309886,frontier,16384,fine,Ready Send,1000
8,4,MPIAdvance-CXI-Single-Buffering2,0.0286016,0.309339,frontier,16384,fine,Standard,1000
8,4,Cray-MPICH-CXI-GPU-Enabled,0.00799087,0.341715,frontier,16384,coarse,Standard,1000
8,4,MPIAdvance-CXI-Double-Buffering2,0.0246729,2.67649,frontier,61440,coarse,Ready Send,1000
8,4,MPIAdvance-CXI-Single-Buffering2,0.0298173,2.67563,frontier,61440,coarse,Standard,1000
8,4,MPIAdvance-CXI-Double-Buffering2,0.026127,2.67868,frontier,61440,fine,Ready Send,1000
8,4,MPIAdvance-CXI-Single-Buffering2,0.0345821,2.67863,frontier,61440,fine,Standard,1000
8,4,Cray-MPICH-CXI-GPU-Enabled,0.0115529,2.69781,frontier,61440,coarse,Standard,1000
8,8,MPIAdvance-CXI-Double-Buffering2,0.0761861,0.210889,frontier,16384,coarse,Ready Send,1000
8,8,MPIAdvance-CXI-Single-Buffering2,0.0326059,0.209789,frontier,16384,coarse,Standard,1000
8,8,MPIAdvance-CXI-Double-Buffering2,0.0283588,0.216782,frontier,16384,fine,Ready Send,1000
8,8,MPIAdvance-CXI-Single-Buffering2,0.0339079,0.215904,frontier,16384,fine,Standard,1000
8,8,Cray-MPICH-CXI-GPU-Enabled,0.0153177,0.264748,frontier,16384,coarse,Standard,1000
8,8,MPIAdvance-CXI-Double-Buffering2,0.031024,1.41743,frontier,61440,coarse,Ready Send,1000
8,8,MPIAdvance-CXI-Single-Buffering2,0.0360477,1.41647,frontier,61440,coarse,Standard,1000
8,8,MPIAdvance-CXI-Double-Buffering2,0.0334621,1.41895,frontier,61440,fine,Ready Send,1000
8,8,MPIAdvance-CXI-Single-Buffering2,0.0352728,1.41849,frontier,61440,fine,Standard,1000
8,8,Cray-MPICH-CXI-GPU-Enabled,0.0174382,1.45851,frontier,61440,coarse,Standard,1000
16,1,MPIAdvance-CXI-Double-Buffering2,0.722444,0.490304,frontier,16384,coarse,Ready Send,1000
16,1,MPIAdvance-CXI-Single-Buffering2,0.0207259,0.490934,frontier,16384,coarse,Standard,1000
16,1,MPIAdvance-CXI-Double-Buffering2,0.0196964,0.49597,frontier,16384,fine,Ready Send,1000
16,1,MPIAdvance-CXI-Single-Buffering2,0.0229576,0.496194,frontier,16384,fine,Standard,1000
16,1,Cray-MPICH-CXI-GPU-Enabled,0.00829409,0.514883,frontier,16384,coarse,Standard,1000
16,1,MPIAdvance-CXI-Double-Buffering2,0.020141,5.17226,frontier,61440,coarse,Ready Send,1000
16,1,MPIAdvance-CXI-Single-Buffering2,0.0215197,5.17396,frontier,61440,coarse,Standard,1000
16,1,MPIAdvance-CXI-Double-Buffering2,0.0195441,5.17529,frontier,61440,fine,Ready Send,1000
16,1,MPIAdvance-CXI-Single-Buffering2,0.0224637,5.17577,frontier,61440,fine,Standard,1000
16,1,Cray-MPICH-CXI-GPU-Enabled,0.0077725,5.20077,frontier,61440,coarse,Standard,1000
16,2,MPIAdvance-CXI-Double-Buffering2,0.0621144,0.303389,frontier,16384,coarse,Ready Send,1000
16,2,MPIAdvance-CXI-Single-Buffering2,0.0258451,0.302611,frontier,16384,coarse,Standard,1000
16,2,MPIAdvance-CXI-Double-Buffering2,0.0202445,0.309984,frontier,16384,fine,Ready Send,1000
16,2,MPIAdvance-CXI-Single-Buffering2,0.0236961,0.309531,frontier,16384,fine,Standard,1000
16,2,Cray-MPICH-CXI-GPU-Enabled,0.0074533,0.342264,frontier,16384,coarse,Standard,1000
16,2,MPIAdvance-CXI-Double-Buffering2,0.0228434,2.67412,frontier,61440,coarse,Ready Send,1000
16,2,MPIAdvance-CXI-Single-Buffering2,0.0235491,2.67326,frontier,61440,coarse,Standard,1000
16,2,MPIAdvance-CXI-Double-Buffering2,0.0217999,2.67766,frontier,61440,fine,Ready Send,1000
16,2,MPIAdvance-CXI-Single-Buffering2,0.0236183,2.67712,frontier,61440,fine,Standard,1000
16,2,Cray-MPICH-CXI-GPU-Enabled,0.00936813,2.68961,frontier,61440,coarse,Standard,1000
16,4,MPIAdvance-CXI-Double-Buffering2,0.0626999,0.211136,frontier,16384,coarse,Ready Send,1000
16,4,MPIAdvance-CXI-Single-Buffering2,0.0305845,0.209895,frontier,16384,coarse,Standard,1000
16,4,MPIAdvance-CXI-Double-Buffering2,0.0252512,0.216837,frontier,16384,fine,Ready Send,1000
16,4,MPIAdvance-CXI-Single-Buffering2,0.0291544,0.216203,frontier,16384,fine,Standard,1000
16,4,Cray-MPICH-CXI-GPU-Enabled,0.00936883,0.258166,frontier,16384,coarse,Standard,1000
16,4,MPIAdvance-CXI-Double-Buffering2,0.0265906,1.41734,frontier,61440,coarse,Ready Send,1000
16,4,MPIAdvance-CXI-Single-Buffering2,0.0287812,1.41674,frontier,61440,coarse,Standard,1000
16,4,MPIAdvance-CXI-Double-Buffering2,0.023082,1.41943,frontier,61440,fine,Ready Send,1000
16,4,MPIAdvance-CXI-Single-Buffering2,0.0278989,1.41907,frontier,61440,fine,Standard,1000
16,4,Cray-MPICH-CXI-GPU-Enabled,0.0125576,1.45127,frontier,61440,coarse,Standard,1000
16,8,MPIAdvance-CXI-Double-Buffering2,0.0702586,0.156238,frontier,16384,coarse,Ready Send,1000
16,8,MPIAdvance-CXI-Single-Buffering2,0.0358228,0.155071,frontier,16384,coarse,Standard,1000
16,8,MPIAdvance-CXI-Double-Buffering2,0.0330939,0.166803,frontier,16384,fine,Ready Send,1000
16,8,MPIAdvance-CXI-Single-Buffering2,0.0326873,0.165669,frontier,16384,fine,Standard,1000
16,8,Cray-MPICH-CXI-GPU-Enabled,0.025273,0.216141,frontier,16384,coarse,Standard,1000
16,8,MPIAdvance-CXI-Double-Buffering2,0.0367699,0.773542,frontier,61440,coarse,Ready Send,1000
16,8,MPIAdvance-CXI-Single-Buffering2,0.0385808,0.772916,frontier,61440,coarse,Standard,1000
16,8,MPIAdvance-CXI-Double-Buffering2,0.0331926,0.777558,frontier,61440,fine,Ready Send,1000
16,8,MPIAdvance-CXI-Single-Buffering2,0.0316898,0.777164,frontier,61440,fine,Standard,1000
16,8,Cray-MPICH-CXI-GPU-Enabled,0.0155404,0.819827,frontier,61440,coarse,Standard,1000
32,1,MPIAdvance-CXI-Double-Buffering2,0.814515,0.301141,frontier,16384,coarse,Ready Send,1000
32,1,MPIAdvance-CXI-Single-Buffering2,0.0220152,0.301644,frontier,16384,coarse,Standard,1000
32,1,MPIAdvance-CXI-Double-Buffering2,0.0186393,0.307251,frontier,16384,fine,Ready Send,1000
32,1,MPIAdvance-CXI-Single-Buffering2,0.0212469,0.307947,frontier,16384,fine,Standard,1000
32,1,Cray-MPICH-CXI-GPU-Enabled,0.00718404,0.32648,frontier,16384,coarse,Standard,1000
32,1,MPIAdvance-CXI-Double-Buffering2,0.0193902,2.66353,frontier,61440,coarse,Ready Send,1000
32,1,MPIAdvance-CXI-Single-Buffering2,0.0215122,2.66369,frontier,61440,coarse,Standard,1000
32,1,MPIAdvance-CXI-Double-Buffering2,0.016803,2.66744,frontier,61440,fine,Ready Send,1000
32,1,MPIAdvance-CXI-Single-Buffering2,0.0223192,2.66759,frontier,61440,fine,Standard,1000
32,1,Cray-MPICH-CXI-GPU-Enabled,0.0191435,2.68905,frontier,61440,coarse,Standard,1000
32,2,MPIAdvance-CXI-Double-Buffering2,0.061443,0.21142,frontier,16384,coarse,Ready Send,1000
32,2,MPIAdvance-CXI-Single-Buffering2,0.0259473,0.21033,frontier,16384,coarse,Standard,1000
32,2,MPIAdvance-CXI-Double-Buffering2,0.0198903,0.217159,frontier,16384,fine,Ready Send,1000
32,2,MPIAdvance-CXI-Single-Buffering2,0.0253162,0.216443,frontier,16384,fine,Standard,1000
32,2,Cray-MPICH-CXI-GPU-Enabled,0.0143052,0.25164,frontier,16384,coarse,Standard,1000
32,2,MPIAdvance-CXI-Double-Buffering2,0.0221665,1.41724,frontier,61440,coarse,Ready Send,1000
32,2,MPIAdvance-CXI-Single-Buffering2,0.0255117,1.41656,frontier,61440,coarse,Standard,1000
32,2,MPIAdvance-CXI-Double-Buffering2,0.021166,1.41879,frontier,61440,fine,Ready Send,1000
32,2,MPIAdvance-CXI-Single-Buffering2,0.0255693,1.41842,frontier,61440,fine,Standard,1000
32,2,Cray-MPICH-CXI-GPU-Enabled,0.00957382,1.44075,frontier,61440,coarse,Standard,1000
32,4,MPIAdvance-CXI-Double-Buffering2,0.0654904,0.156205,frontier,16384,coarse,Ready Send,1000
32,4,MPIAdvance-CXI-Single-Buffering2,0.0289078,0.162204,frontier,16384,coarse,Standard,1000
32,4,MPIAdvance-CXI-Double-Buffering2,0.0224197,0.166734,frontier,16384,fine,Ready Send,1000
32,4,MPIAdvance-CXI-Single-Buffering2,0.0282096,0.165555,frontier,16384,fine,Standard,1000
32,4,Cray-MPICH-CXI-GPU-Enabled,0.00869397,0.203397,frontier,16384,coarse,Standard,1000
32,4,MPIAdvance-CXI-Double-Buffering2,0.0255065,0.773266,frontier,61440,coarse,Ready Send,1000
32,4,MPIAdvance-CXI-Single-Buffering2,0.0294809,0.772475,frontier,61440,coarse,Standard,1000
32,4,MPIAdvance-CXI-Double-Buffering2,0.0246941,0.777524,frontier,61440,fine,Ready Send,1000
32,4,MPIAdvance-CXI-Single-Buffering2,0.0291002,0.776953,frontier,61440,fine,Standard,1000
32,4,Cray-MPICH-CXI-GPU-Enabled,0.0111289,0.811051,frontier,61440,coarse,Standard,1000
32,8,MPIAdvance-CXI-Double-Buffering2,0.0661879,0.133227,frontier,16384,coarse,Ready Send,1000
32,8,MPIAdvance-CXI-Single-Buffering2,0.0321983,0.136145,frontier,16384,coarse,Standard,1000
32,8,MPIAdvance-CXI-Double-Buffering2,0.0328417,0.140663,frontier,16384,fine,Ready Send,1000
32,8,MPIAdvance-CXI-Single-Buffering2,0.0347107,0.141986,frontier,16384,fine,Standard,1000
32,8,Cray-MPICH-CXI-GPU-Enabled,0.0147185,0.190355,frontier,16384,coarse,Standard,1000
32,8,MPIAdvance-CXI-Double-Buffering2,0.0281135,0.455585,frontier,61440,coarse,Ready Send,1000
32,8,MPIAdvance-CXI-Single-Buffering2,0.0408302,0.45492,frontier,61440,coarse,Standard,1000
32,8,MPIAdvance-CXI-Double-Buffering2,0.0344497,0.460043,frontier,61440,fine,Ready Send,1000
32,8,MPIAdvance-CXI-Single-Buffering2,0.0376385,0.459303,frontier,61440,fine,Standard,1000
32,8,Cray-MPICH-CXI-GPU-Enabled,0.0109014,0.509471,frontier,61440,coarse,Standard,1000
64,1,MPIAdvance-CXI-Double-Buffering2,0.344505,0.211392,frontier,16384,coarse,Ready Send,1000
64,1,MPIAdvance-CXI-Single-Buffering2,0.034739,0.211655,frontier,16384,coarse,Standard,1000
64,1,MPIAdvance-CXI-Double-Buffering2,0.01929,0.216427,frontier,16384,fine,Ready Send,1000
64,1,MPIAdvance-CXI-Single-Buffering2,0.0220165,0.217384,frontier,16384,fine,Standard,1000
64,1,Cray-MPICH-CXI-GPU-Enabled,0.0101331,0.234282,frontier,16384,coarse,Standard,1000
64,1,MPIAdvance-CXI-Double-Buffering2,0.0206342,1.41168,frontier,61440,coarse,Ready Send,1000
64,1,MPIAdvance-CXI-Single-Buffering2,0.0240331,1.41147,frontier,61440,coarse,Standard,1000
64,1,MPIAdvance-CXI-Double-Buffering2,0.0181037,1.41398,frontier,61440,fine,Ready Send,1000
64,1,MPIAdvance-CXI-Single-Buffering2,0.0240065,1.41445,frontier,61440,fine,Standard,1000
64,1,Cray-MPICH-CXI-GPU-Enabled,0.00922512,1.44104,frontier,61440,coarse,Standard,1000
64,2,MPIAdvance-CXI-Double-Buffering2,0.0664,0.158293,frontier,16384,coarse,Ready Send,1000
64,2,MPIAdvance-CXI-Single-Buffering2,0.0252786,0.157733,frontier,16384,coarse,Standard,1000
64,2,MPIAdvance-CXI-Double-Buffering2,0.0205949,0.168647,frontier,16384,fine,Ready Send,1000
64,2,MPIAdvance-CXI-Single-Buffering2,0.0249468,0.167863,frontier,16384,fine,Standard,1000
64,2,Cray-MPICH-CXI-GPU-Enabled,0.00980334,0.199933,frontier,16384,coarse,Standard,1000
64,2,MPIAdvance-CXI-Double-Buffering2,0.0222331,0.774383,frontier,61440,coarse,Ready Send,1000
64,2,MPIAdvance-CXI-Single-Buffering2,0.0244762,0.773366,frontier,61440,coarse,Standard,1000
64,2,MPIAdvance-CXI-Double-Buffering2,0.02188,0.778405,frontier,61440,fine,Ready Send,1000
64,2,MPIAdvance-CXI-Single-Buffering2,0.0242887,0.777901,frontier,61440,fine,Standard,1000
64,2,Cray-MPICH-CXI-GPU-Enabled,0.00935406,0.802156,frontier,61440,coarse,Standard,1000
64,4,MPIAdvance-CXI-Double-Buffering2,0.067864,0.134542,frontier,16384,coarse,Ready Send,1000
64,4,MPIAdvance-CXI-Single-Buffering2,0.0303992,0.135854,frontier,16384,coarse,Standard,1000
64,4,MPIAdvance-CXI-Double-Buffering2,0.0248992,0.159816,frontier,16384,fine,Ready Send,1000
64,4,MPIAdvance-CXI-Single-Buffering2,0.028192,0.142423,frontier,16384,fine,Standard,1000
64,4,Cray-MPICH-CXI-GPU-Enabled,0.0116816,0.18584,frontier,16384,coarse,Standard,1000
64,4,MPIAdvance-CXI-Double-Buffering2,0.0245523,0.456269,frontier,61440,coarse,Ready Send,1000
64,4,MPIAdvance-CXI-Single-Buffering2,0.0287632,0.455493,frontier,61440,coarse,Standard,1000
64,4,MPIAdvance-CXI-Double-Buffering2,0.0218605,0.461042,frontier,61440,fine,Ready Send,1000
64,4,MPIAdvance-CXI-Single-Buffering2,0.0271751,0.460285,frontier,61440,fine,Standard,1000
64,4,Cray-MPICH-CXI-GPU-Enabled,0.0100284,0.50149,frontier,61440,coarse,Standard,1000
64,8,MPIAdvance-CXI-Double-Buffering2,0.0799758,0.120464,frontier,16384,coarse,Ready Send,1000
64,8,MPIAdvance-CXI-Single-Buffering2,0.0417045,0.127172,frontier,16384,coarse,Standard,1000
64,8,MPIAdvance-CXI-Double-Buffering2,0.032205,0.12679,frontier,16384,fine,Ready Send,1000
64,8,MPIAdvance-CXI-Single-Buffering2,0.0392082,0.129544,frontier,16384,fine,Standard,1000
64,8,Cray-MPICH-CXI-GPU-Enabled,0.0192582,0.167049,frontier,16384,coarse,Standard,1000
64,8,MPIAdvance-CXI-Double-Buffering2,0.0395667,0.289405,frontier,61440,coarse,Ready Send,1000
64,8,MPIAdvance-CXI-Single-Buffering2,0.0384276,0.288776,frontier,61440,coarse,Standard,1000
64,8,MPIAdvance-CXI-Double-Buffering2,0.0319405,0.292314,frontier,61440,fine,Ready Send,1000
64,8,MPIAdvance-CXI-Single-Buffering2,0.0403715,0.291564,frontier,61440,fine,Standard,1000
64,8,Cray-MPICH-CXI-GPU-Enabled,0.0169131,0.342949,frontier,61440,coarse,Standard,1000
128,1,MPIAdvance-CXI-Double-Buffering2,0.668124,0.155608,frontier,16384,coarse,Ready Send,1000
128,1,MPIAdvance-CXI-Single-Buffering2,0.0270794,0.15705,frontier,16384,coarse,Standard,1000
128,1,MPIAdvance-CXI-Double-Buffering2,0.0223337,0.166149,frontier,16384,fine,Ready Send,1000
128,1,MPIAdvance-CXI-Single-Buffering2,0.0252602,0.167484,frontier,16384,fine,Standard,1000
128,1,Cray-MPICH-CXI-GPU-Enabled,0.0103065,0.181315,frontier,16384,coarse,Standard,1000
128,1,MPIAdvance-CXI-Double-Buffering2,0.0281723,0.768677,frontier,61440,coarse,Ready Send,1000
128,1,MPIAdvance-CXI-Single-Buffering2,0.0241436,0.769167,frontier,61440,coarse,Standard,1000
128,1,MPIAdvance-CXI-Double-Buffering2,0.0213224,0.773294,frontier,61440,fine,Ready Send,1000
128,1,MPIAdvance-CXI-Single-Buffering2,0.0259881,0.774083,frontier,61440,fine,Standard,1000
128,1,Cray-MPICH-CXI-GPU-Enabled,0.0112668,0.799161,frontier,61440,coarse,Standard,1000
128,2,MPIAdvance-CXI-Double-Buffering2,0.0850361,0.134997,frontier,16384,coarse,Ready Send,1000
128,2,MPIAdvance-CXI-Single-Buffering2,0.0615099,0.134688,frontier,16384,coarse,Standard,1000
128,2,MPIAdvance-CXI-Double-Buffering2,0.0282624,0.142197,frontier,16384,fine,Ready Send,1000
128,2,MPIAdvance-CXI-Single-Buffering2,0.0676158,0.141958,frontier,16384,fine,Standard,1000
128,2,Cray-MPICH-CXI-GPU-Enabled,0.00994807,0.178425,frontier,16384,coarse,Standard,1000
128,2,MPIAdvance-CXI-Double-Buffering2,0.120148,0.456623,frontier,61440,coarse,Ready Send,1000
128,2,MPIAdvance-CXI-Single-Buffering2,0.0296147,0.455663,frontier,61440,coarse,Standard,1000
128,2,MPIAdvance-CXI-Double-Buffering2,0.0959168,0.461581,frontier,61440,fine,Ready Send,1000
128,2,MPIAdvance-CXI-Single-Buffering2,0.0260783,0.460664,frontier,61440,fine,Standard,1000
128,2,Cray-MPICH-CXI-GPU-Enabled,0.0136104,0.491795,frontier,61440,coarse,Standard,1000
128,4,MPIAdvance-CXI-Double-Buffering2,0.0648723,0.117309,frontier,16384,coarse,Ready Send,1000
128,4,MPIAdvance-CXI-Single-Buffering2,0.0305242,0.124786,frontier,16384,coarse,Standard,1000
128,4,MPIAdvance-CXI-Double-Buffering2,0.0271337,0.132421,frontier,16384,fine,Ready Send,1000
128,4,MPIAdvance-CXI-Single-Buffering2,0.0326029,0.127065,frontier,16384,fine,Standard,1000
128,4,Cray-MPICH-CXI-GPU-Enabled,0.0753215,0.172896,frontier,16384,coarse,Standard,1000
128,4,MPIAdvance-CXI-Double-Buffering2,0.0271503,0.289595,frontier,61440,coarse,Ready Send,1000
128,4,MPIAdvance-CXI-Single-Buffering2,0.0337368,0.289039,frontier,61440,coarse,Standard,1000
128,4,MPIAdvance-CXI-Double-Buffering2,0.0273286,0.292741,frontier,61440,fine,Ready Send,1000
128,4,MPIAdvance-CXI-Single-Buffering2,0.0374794,0.29176,frontier,61440,fine,Standard,1000
128,4,Cray-MPICH-CXI-GPU-Enabled,0.050037,0.345828,frontier,61440,coarse,Standard,1000
128,8,MPIAdvance-CXI-Double-Buffering2,0.0780674,0.116574,frontier,16384,coarse,Ready Send,1000
128,8,MPIAdvance-CXI-Single-Buffering2,0.0891915,0.123549,frontier,16384,coarse,Standard,1000
128,8,MPIAdvance-CXI-Double-Buffering2,0.0301437,0.113917,frontier,16384,fine,Ready Send,1000
128,8,MPIAdvance-CXI-Single-Buffering2,0.0940961,0.120949,frontier,16384,fine,Standard,1000
128,8,Cray-MPICH-CXI-GPU-Enabled,0.0222278,0.155798,frontier,16384,coarse,Standard,1000
128,8,MPIAdvance-CXI-Double-Buffering2,0.102059,0.207548,frontier,61440,coarse,Ready Send,1000
128,8,MPIAdvance-CXI-Single-Buffering2,0.0941585,0.206514,frontier,61440,coarse,Standard,1000
128,8,MPIAdvance-CXI-Double-Buffering2,0.302098,0.211109,frontier,61440,fine,Ready Send,1000
128,8,MPIAdvance-CXI-Single-Buffering2,0.0370849,0.210245,frontier,61440,fine,Standard,1000
128,8,Cray-MPICH-CXI-GPU-Enabled,0.242695,0.26379,frontier,61440,coarse,Standard,1000
256,1,MPIAdvance-CXI-Double-Buffering2,0.510354,0.132887,frontier,16384,coarse,Ready Send,1000
256,1,MPIAdvance-CXI-Single-Buffering2,0.0238585,0.134486,frontier,16384,coarse,Standard,1000
256,1,MPIAdvance-CXI-Double-Buffering2,0.018874,0.140582,frontier,16384,fine,Ready Send,1000
256,1,MPIAdvance-CXI-Single-Buffering2,0.0278702,0.142181,frontier,16384,fine,Standard,1000
256,1,Cray-MPICH-CXI-GPU-Enabled,0.007156,0.15851,frontier,16384,coarse,Standard,1000
256,1,MPIAdvance-CXI-Double-Buffering2,0.0209308,0.453418,frontier,61440,coarse,Ready Send,1000
256,1,MPIAdvance-CXI-Single-Buffering2,0.0282943,0.454211,frontier,61440,coarse,Standard,1000
256,1,MPIAdvance-CXI-Double-Buffering2,0.0181112,0.458099,frontier,61440,fine,Ready Send,1000
256,1,MPIAdvance-CXI-Single-Buffering2,0.0231196,0.45902,frontier,61440,fine,Standard,1000
256,1,Cray-MPICH-CXI-GPU-Enabled,0.00815562,0.484705,frontier,61440,coarse,Standard,1000
256,2,MPIAdvance-CXI-Double-Buffering2,0.0821239,0.117094,frontier,16384,coarse,Ready Send,1000
256,2,MPIAdvance-CXI-Single-Buffering2,0.0311085,0.123469,frontier,16384,coarse,Standard,1000
256,2,MPIAdvance-CXI-Double-Buffering2,0.0411286,0.12554,frontier,16384,fine,Ready Send,1000
256,2,MPIAdvance-CXI-Single-Buffering2,0.0332931,0.126923,frontier,16384,fine,Standard,1000
256,2,Cray-MPICH-CXI-GPU-Enabled,0.0106776,0.161522,frontier,16384,coarse,Standard,1000
256,2,MPIAdvance-CXI-Double-Buffering2,0.0342299,0.290099,frontier,61440,coarse,Ready Send,1000
256,2,MPIAdvance-CXI-Single-Buffering2,0.0292784,0.289403,frontier,61440,coarse,Standard,1000
256,2,MPIAdvance-CXI-Double-Buffering2,0.0252822,0.293165,frontier,61440,fine,Ready Send,1000
256,2,MPIAdvance-CXI-Single-Buffering2,0.0406155,0.29219,frontier,61440,fine,Standard,1000
256,2,Cray-MPICH-CXI-GPU-Enabled,0.0248966,0.325443,frontier,61440,coarse,Standard,1000
256,4,MPIAdvance-CXI-Double-Buffering2,0.0665342,0.11293,frontier,16384,coarse,Ready Send,1000
256,4,MPIAdvance-CXI-Single-Buffering2,0.0744511,0.120083,frontier,16384,coarse,Standard,1000
256,4,MPIAdvance-CXI-Double-Buffering2,0.0359165,0.111204,frontier,16384,fine,Ready Send,1000
256,4,MPIAdvance-CXI-Single-Buffering2,0.0605137,0.118726,frontier,16384,fine,Standard,1000
256,4,Cray-MPICH-CXI-GPU-Enabled,0.0261376,0.133827,frontier,16384,coarse,Standard,1000
256,4,MPIAdvance-CXI-Double-Buffering2,0.0949084,0.207923,frontier,61440,coarse,Ready Send,1000
256,4,MPIAdvance-CXI-Single-Buffering2,0.0434724,0.206937,frontier,61440,coarse,Standard,1000
256,4,MPIAdvance-CXI-Double-Buffering2,0.0388532,0.213223,frontier,61440,fine,Ready Send,1000
256,4,MPIAdvance-CXI-Single-Buffering2,0.0461232,0.210858,frontier,61440,fine,Standard,1000
256,4,Cray-MPICH-CXI-GPU-Enabled,0.0133816,0.257658,frontier,61440,coarse,Standard,1000
256,8,MPIAdvance-CXI-Double-Buffering2,0.0766537,0.116209,frontier,16384,coarse,Ready Send,1000
256,8,MPIAdvance-CXI-Single-Buffering2,0.372862,0.12208,frontier,16384,coarse,Standard,1000
256,8,MPIAdvance-CXI-Double-Buffering2,0.0317501,0.114657,frontier,16384,fine,Ready Send,1000
256,8,MPIAdvance-CXI-Single-Buffering2,0.0671425,0.12068,frontier,16384,fine,Standard,1000
256,8,Cray-MPICH-CXI-GPU-Enabled,0.114553,0.144773,frontier,16384,coarse,Standard,1000
256,8,MPIAdvance-CXI-Double-Buffering2,0.184598,0.203028,frontier,61440,coarse,Ready Send,1000
256,8,MPIAdvance-CXI-Single-Buffering2,0.218412,0.15126,frontier,61440,coarse,Standard,1000
256,8,MPIAdvance-CXI-Double-Buffering2,0.105881,0.16001,frontier,61440,fine,Ready Send,1000
256,8,MPIAdvance-CXI-Single-Buffering2,0.0428369,0.159491,frontier,61440,fine,Standard,1000
256,8,Cray-MPICH-CXI-GPU-Enabled,0.251618,0.212971,frontier,61440,coarse,Standard,1000
512,1,MPIAdvance-CXI-Double-Buffering2,0.388925,0.115271,frontier,16384,coarse,Ready Send,1000
512,1,MPIAdvance-CXI-Single-Buffering2,0.0261158,0.122936,frontier,16384,coarse,Standard,1000
512,1,MPIAdvance-CXI-Double-Buffering2,0.023093,0.124951,frontier,16384,fine,Ready Send,1000
512,1,MPIAdvance-CXI-Single-Buffering2,0.0402644,0.12651,frontier,16384,fine,Standard,1000
512,1,Cray-MPICH-CXI-GPU-Enabled,0.0106122,0.142234,frontier,16384,coarse,Standard,1000
512,1,MPIAdvance-CXI-Double-Buffering2,0.0892885,0.287695,frontier,61440,coarse,Ready Send,1000
512,1,MPIAdvance-CXI-Single-Buffering2,0.0275772,0.28863,frontier,61440,coarse,Standard,1000
512,1,MPIAdvance-CXI-Double-Buffering2,0.097066,0.290942,frontier,61440,fine,Ready Send,1000
512,1,MPIAdvance-CXI-Single-Buffering2,0.0301976,0.291325,frontier,61440,fine,Standard,1000
512,1,Cray-MPICH-CXI-GPU-Enabled,0.11181,0.317525,frontier,61440,coarse,Standard,1000
512,2,MPIAdvance-CXI-Double-Buffering2,0.29358,0.11128,frontier,16384,coarse,Ready Send,1000
512,2,MPIAdvance-CXI-Single-Buffering2,0.0562502,0.118565,frontier,16384,coarse,Standard,1000
512,2,MPIAdvance-CXI-Double-Buffering2,0.0548483,0.108147,frontier,16384,fine,Ready Send,1000
512,2,MPIAdvance-CXI-Single-Buffering2,0.0354525,0.116207,frontier,16384,fine,Standard,1000
512,2,Cray-MPICH-CXI-GPU-Enabled,0.0708936,0.129176,frontier,16384,coarse,Standard,1000
512,2,MPIAdvance-CXI-Double-Buffering2,0.113954,0.208175,frontier,61440,coarse,Ready Send,1000
512,2,MPIAdvance-CXI-Single-Buffering2,0.0328579,0.206974,frontier,61440,coarse,Standard,1000
512,2,MPIAdvance-CXI-Double-Buffering2,0.0478475,0.211798,frontier,61440,fine,Ready Send,1000
512,2,MPIAdvance-CXI-Single-Buffering2,0.19787,0.210849,frontier,61440,fine,Standard,1000
512,2,Cray-MPICH-CXI-GPU-Enabled,0.0206639,0.244034,frontier,61440,coarse,Standard,1000
512,4,MPIAdvance-CXI-Double-Buffering2,0.223392,0.112586,frontier,16384,coarse,Ready Send,1000
512,4,MPIAdvance-CXI-Single-Buffering2,0.182262,0.119365,frontier,16384,coarse,Standard,1000
512,4,MPIAdvance-CXI-Double-Buffering2,0.052241,0.110002,frontier,16384,fine,Ready Send,1000
512,4,MPIAdvance-CXI-Single-Buffering2,0.176722,0.117848,frontier,16384,fine,Standard,1000
512,4,Cray-MPICH-CXI-GPU-Enabled,0.0435969,0.132913,frontier,16384,coarse,Standard,1000
512,4,MPIAdvance-CXI-Double-Buffering2,0.0745834,0.151153,frontier,61440,coarse,Ready Send,1000
512,4,MPIAdvance-CXI-Single-Buffering2,0.183317,0.150773,frontier,61440,coarse,Standard,1000
512,4,MPIAdvance-CXI-Double-Buffering2,0.0590924,0.159878,frontier,61440,fine,Ready Send,1000
512,4,MPIAdvance-CXI-Single-Buffering2,0.103285,0.159232,frontier,61440,fine,Standard,1000
512,4,Cray-MPICH-CXI-GPU-Enabled,0.0420428,0.208748,frontier,61440,coarse,Standard,1000
512,8,MPIAdvance-CXI-Double-Buffering2,0.0810851,0.116519,frontier,16384,coarse,Ready Send,1000
512,8,MPIAdvance-CXI-Single-Buffering2,0.110707,0.122953,frontier,16384,coarse,Standard,1000
512,8,MPIAdvance-CXI-Double-Buffering2,0.0887427,0.114448,frontier,16384,fine,Ready Send,1000
512,8,MPIAdvance-CXI-Single-Buffering2,0.12409,0.120102,frontier,16384,fine,Standard,1000
512,8,Cray-MPICH-CXI-GPU-Enabled,0.146486,0.132235,frontier,16384,coarse,Standard,1000
512,8,MPIAdvance-CXI-Double-Buffering2,0.119985,0.130868,frontier,61440,coarse,Ready Send,1000
512,8,MPIAdvance-CXI-Single-Buffering2,0.0942089,0.133388,frontier,61440,coarse,Standard,1000
512,8,MPIAdvance-CXI-Double-Buffering2,0.10525,0.135952,frontier,61440,fine,Ready Send,1000
512,8,MPIAdvance-CXI-Single-Buffering2,0.0938549,0.137415,frontier,61440,fine,Standard,1000
512,8,Cray-MPICH-CXI-GPU-Enabled,0.132119,0.190996,frontier,61440,coarse,Standard,1000
1024,1,MPIAdvance-CXI-Double-Buffering2,0.71571,0.10686,frontier,16384,coarse,Ready Send,1000
1024,1,MPIAdvance-CXI-Single-Buffering2,11.6542,0.117067,frontier,16384,coarse,Standard,1000
1024,1,MPIAdvance-CXI-Double-Buffering2,0.0217706,0.106263,frontier,16384,fine,Ready Send,1000
1024,1,MPIAdvance-CXI-Single-Buffering2,0.0294726,0.114466,frontier,16384,fine,Standard,1000
1024,1,Cray-MPICH-CXI-GPU-Enabled,0.0157912,0.122364,frontier,16384,coarse,Standard,1000
1024,1,MPIAdvance-CXI-Double-Buffering2,0.028399,0.206671,frontier,61440,coarse,Ready Send,1000
1024,1,MPIAdvance-CXI-Single-Buffering2,0.0314949,0.206755,frontier,61440,coarse,Standard,1000
1024,1,MPIAdvance-CXI-Double-Buffering2,0.0381334,0.210352,frontier,61440,fine,Ready Send,1000
1024,1,MPIAdvance-CXI-Single-Buffering2,0.0388482,0.210603,frontier,61440,fine,Standard,1000
1024,1,Cray-MPICH-CXI-GPU-Enabled,0.0130684,0.232739,frontier,61440,coarse,Standard,1000
1024,2,MPIAdvance-CXI-Double-Buffering2,0.071568,0.111178,frontier,16384,coarse,Ready Send,1000
1024,2,MPIAdvance-CXI-Single-Buffering2,0.0451862,0.118241,frontier,16384,coarse,Standard,1000
1024,2,MPIAdvance-CXI-Double-Buffering2,0.0576841,0.111432,frontier,16384,fine,Ready Send,1000
1024,2,MPIAdvance-CXI-Single-Buffering2,0.0472163,0.115788,frontier,16384,fine,Standard,1000
1024,2,Cray-MPICH-CXI-GPU-Enabled,0.0318745,0.127775,frontier,16384,coarse,Standard,1000
1024,2,MPIAdvance-CXI-Double-Buffering2,0.0412964,0.151631,frontier,61440,coarse,Ready Send,1000
1024,2,MPIAdvance-CXI-Single-Buffering2,0.0501402,0.151248,frontier,61440,coarse,Standard,1000
1024,2,MPIAdvance-CXI-Double-Buffering2,0.0599701,0.160244,frontier,61440,fine,Ready Send,1000
1024,2,MPIAdvance-CXI-Single-Buffering2,0.0558549,0.159693,frontier,61440,fine,Standard,1000
1024,2,Cray-MPICH-CXI-GPU-Enabled,0.0864542,0.191195,frontier,61440,coarse,Standard,1000
1024,4,MPIAdvance-CXI-Double-Buffering2,0.128889,0.111857,frontier,16384,coarse,Ready Send,1000
1024,4,MPIAdvance-CXI-Single-Buffering2,0.0801169,0.1195,frontier,16384,coarse,Standard,1000
1024,4,MPIAdvance-CXI-Double-Buffering2,0.10619,0.109774,frontier,16384,fine,Ready Send,1000
1024,4,MPIAdvance-CXI-Single-Buffering2,0.0946186,0.116409,frontier,16384,fine,Standard,1000
1024,4,Cray-MPICH-CXI-GPU-Enabled,0.0821278,0.127824,frontier,16384,coarse,Standard,1000
1024,4,MPIAdvance-CXI-Double-Buffering2,0.0816318,0.129932,frontier,61440,coarse,Ready Send,1000
1024,4,MPIAdvance-CXI-Single-Buffering2,0.10789,0.13222,frontier,61440,coarse,Standard,1000
1024,4,MPIAdvance-CXI-Double-Buffering2,0.108348,0.136386,frontier,61440,fine,Ready Send,1000
1024,4,MPIAdvance-CXI-Single-Buffering2,0.106398,0.136194,frontier,61440,fine,Standard,1000
1024,4,Cray-MPICH-CXI-GPU-Enabled,0.0900803,0.187119,frontier,61440,coarse,Standard,1000
1024,8,MPIAdvance-CXI-Double-Buffering2,0.203119,0.117073,frontier,16384,coarse,Ready Send,1000
1024,8,MPIAdvance-CXI-Single-Buffering2,0.223324,0.122173,frontier,16384,coarse,Standard,1000
1024,8,MPIAdvance-CXI-Double-Buffering2,0.143206,0.114959,frontier,16384,fine,Ready Send,1000
1024,8,MPIAdvance-CXI-Single-Buffering2,0.207409,0.120856,frontier,16384,fine,Standard,1000
1024,8,Cray-MPICH-CXI-GPU-Enabled,0.137314,0.130565,frontier,16384,coarse,Standard,1000
1024,8,MPIAdvance-CXI-Double-Buffering2,0.205376,0.120492,frontier,61440,coarse,Ready Send,1000
1024,8,MPIAdvance-CXI-Single-Buffering2,0.19932,0.127014,frontier,61440,coarse,Standard,1000
1024,8,MPIAdvance-CXI-Double-Buffering2,0.221783,0.122614,frontier,61440,fine,Ready Send,1000
1024,8,MPIAdvance-CXI-Single-Buffering2,0.183727,0.127477,frontier,61440,fine,Standard,1000
1024,8,Cray-MPICH-CXI-GPU-Enabled,0.125359,0.178272,frontier,61440,coarse,Standard,1000
1,1,MPIAdvance-CXI-Double-Buffering2,0.0483806,6.17945,frontier,16384,coarse,Ready Send,1000
1,1,MPIAdvance-CXI-Single-Buffering2,0.0226082,6.35152,frontier,16384,coarse,Standard,1000
1,1,MPIAdvance-CXI-Double-Buffering2,0.0184915,6.17661,frontier,16384,fine,Ready Send,1000
1,1,MPIAdvance-CXI-Single-Buffering2,0.0216097,6.3385,frontier,16384,fine,Standard,1000
1,1,Cray-MPICH-CXI-GPU-Enabled,0.00635952,6.07223,frontier,16384,coarse,Standard,1000
1,1,MPIAdvance-CXI-Double-Buffering2,0.0238111,90.9263,frontier,61440,coarse,Ready Send,1000
1,1,MPIAdvance-CXI-Single-Buffering2,1.55385,91.0783,frontier,61440,coarse,Standard,1000
1,1,MPIAdvance-CXI-Double-Buffering2,0.0476996,90.9866,frontier,61440,fine,Ready Send,1000
1,1,MPIAdvance-CXI-Single-Buffering2,1.55356,91.1254,frontier,61440,fine,Standard,1000
1,1,Cray-MPICH-CXI-GPU-Enabled,1.53591,91.1825,frontier,61440,coarse,Standard,1000
1,2,MPIAdvance-CXI-Double-Buffering2,0.0419329,3.0024,frontier,16384,coarse,Ready Send,1000
1,2,MPIAdvance-CXI-Single-Buffering2,0.0313507,3.00338,frontier,16384,coarse,Standard,1000
1,2,MPIAdvance-CXI-Double-Buffering2,0.0328338,3.00572,frontier,16384,fine,Ready Send,1000
1,2,MPIAdvance-CXI-Single-Buffering2,0.241338,3.00573,frontier,16384,fine,Standard,1000
1,2,Cray-MPICH-CXI-GPU-Enabled,0.00634952,3.07653,frontier,16384,coarse,Standard,1000
1,2,MPIAdvance-CXI-Double-Buffering2,4.90904,43.7265,frontier,61440,coarse,Ready Send,1000
1,2,MPIAdvance-CXI-Single-Buffering2,0.0565967,43.8938,frontier,61440,coarse,Standard,1000
1,2,MPIAdvance-CXI-Double-Buffering2,0.0351373,43.8683,frontier,61440,fine,Ready Send,1000
1,2,MPIAdvance-CXI-Single-Buffering2,0.0510212,44.0448,frontier,61440,fine,Standard,1000
1,2,Cray-MPICH-CXI-GPU-Enabled,0.00884815,43.9411,frontier,61440,coarse,Standard,1000
1,4,MPIAdvance-CXI-Double-Buffering2,0.0677297,1.58128,frontier,16384,coarse,Ready Send,1000
1,4,MPIAdvance-CXI-Single-Buffering2,0.0480247,1.58079,frontier,16384,coarse,Standard,1000
1,4,MPIAdvance-CXI-Double-Buffering2,0.0429592,1.58484,frontier,16384,fine,Ready Send,1000
1,4,MPIAdvance-CXI-Single-Buffering2,0.0471362,1.5847,frontier,16384,fine,Standard,1000
1,4,Cray-MPICH-CXI-GPU-Enabled,0.0077692,1.60984,frontier,16384,coarse,Standard,1000
1,4,MPIAdvance-CXI-Double-Buffering2,0.0548326,22.3373,frontier,61440,coarse,Ready Send,1000
1,4,MPIAdvance-CXI-Single-Buffering2,0.0497113,22.4688,frontier,61440,coarse,Standard,1000
1,4,MPIAdvance-CXI-Double-Buffering2,0.0450614,22.3341,frontier,61440,fine,Ready Send,1000
1,4,MPIAdvance-CXI-Single-Buffering2,0.0486957,22.4615,frontier,61440,fine,Standard,1000
1,4,Cray-MPICH-CXI-GPU-Enabled,0.00870033,22.3856,frontier,61440,coarse,Standard,1000
1,8,MPIAdvance-CXI-Double-Buffering2,0.121084,0.853167,frontier,16384,coarse,Ready Send,1000
1,8,MPIAdvance-CXI-Single-Buffering2,0.0845897,0.852869,frontier,16384,coarse,Standard,1000
1,8,MPIAdvance-CXI-Double-Buffering2,0.096282,0.859192,frontier,16384,fine,Ready Send,1000
1,8,MPIAdvance-CXI-Single-Buffering2,0.0899616,0.858986,frontier,16384,fine,Standard,1000
1,8,Cray-MPICH-CXI-GPU-Enabled,0.015123,0.905213,frontier,16384,coarse,Standard,1000
1,8,MPIAdvance-CXI-Double-Buffering2,0.084069,10.5405,frontier,61440,coarse,Ready Send,1000
1,8,MPIAdvance-CXI-Single-Buffering2,0.0956374,10.5657,frontier,61440,coarse,Standard,1000
1,8,MPIAdvance-CXI-Double-Buffering2,0.082455,10.7654,frontier,61440,fine,Ready Send,1000
1,8,MPIAdvance-CXI-Single-Buffering2,0.0941547,10.5759,frontier,61440,fine,Standard,1000
1,8,Cray-MPICH-CXI-GPU-Enabled,0.01427,10.4863,frontier,61440,coarse,Standard,1000
2,1,MPIAdvance-CXI-Double-Buffering2,0.0303226,2.98765,frontier,16384,coarse,Ready Send,1000
2,1,MPIAdvance-CXI-Single-Buffering2,0.0197651,2.98751,frontier,16384,coarse,Standard,1000
2,1,MPIAdvance-CXI-Double-Buffering2,0.0160672,2.99002,frontier,16384,fine,Ready Send,1000
2,1,MPIAdvance-CXI-Single-Buffering2,0.0192538,2.99059,frontier,16384,fine,Standard,1000
2,1,Cray-MPICH-CXI-GPU-Enabled,0.00622822,3.05345,frontier,16384,coarse,Standard,1000
2,1,MPIAdvance-CXI-Double-Buffering2,0.0178388,44.3541,frontier,61440,coarse,Ready Send,1000
2,1,MPIAdvance-CXI-Single-Buffering2,0.0365881,44.4527,frontier,61440,coarse,Standard,1000
2,1,MPIAdvance-CXI-Double-Buffering2,0.0171996,44.3133,frontier,61440,fine,Ready Send,1000
2,1,MPIAdvance-CXI-Single-Buffering2,0.022411,44.5297,frontier,61440,fine,Standard,1000
2,1,Cray-MPICH-CXI-GPU-Enabled,0.0118072,44.4487,frontier,61440,coarse,Standard,1000
2,2,MPIAdvance-CXI-Double-Buffering2,0.0224185,1.57457,frontier,16384,coarse,Ready Send,1000
2,2,MPIAdvance-CXI-Single-Buffering2,0.0245019,1.57434,frontier,16384,coarse,Standard,1000
2,2,MPIAdvance-CXI-Double-Buffering2,0.018646,1.57908,frontier,16384,fine,Ready Send,1000
2,2,MPIAdvance-CXI-Single-Buffering2,0.022266,1.57905,frontier,16384,fine,Standard,1000
2,2,Cray-MPICH-CXI-GPU-Enabled,0.00827807,1.60801,frontier,16384,coarse,Standard,1000
2,2,MPIAdvance-CXI-Double-Buffering2,0.0202825,22.3054,frontier,61440,coarse,Ready Send,1000
2,2,MPIAdvance-CXI-Single-Buffering2,0.0244093,22.4649,frontier,61440,coarse,Standard,1000
2,2,MPIAdvance-CXI-Double-Buffering2,0.0196226,22.349,frontier,61440,fine,Ready Send,1000
2,2,MPIAdvance-CXI-Single-Buffering2,0.023361,22.4671,frontier,61440,fine,Standard,1000
2,2,Cray-MPICH-CXI-GPU-Enabled,0.00827969,22.2883,frontier,61440,coarse,Standard,1000
2,4,MPIAdvance-CXI-Double-Buffering2,0.0195742,0.852222,frontier,16384,coarse,Ready Send,1000
2,4,MPIAdvance-CXI-Single-Buffering2,0.0239472,0.851159,frontier,16384,coarse,Standard,1000
2,4,MPIAdvance-CXI-Double-Buffering2,0.0211857,0.858156,frontier,16384,fine,Ready Send,1000
2,4,MPIAdvance-CXI-Single-Buffering2,0.0253949,0.857472,frontier,16384,fine,Standard,1000
2,4,Cray-MPICH-CXI-GPU-Enabled,0.0115228,0.888189,frontier,16384,coarse,Standard,1000
2,4,MPIAdvance-CXI-Double-Buffering2,0.0235041,10.5755,frontier,61440,coarse,Ready Send,1000
2,4,MPIAdvance-CXI-Single-Buffering2,0.0291496,10.6252,frontier,61440,coarse,Standard,1000
2,4,MPIAdvance-CXI-Double-Buffering2,0.0250047,10.5697,frontier,61440,fine,Ready Send,1000
2,4,MPIAdvance-CXI-Single-Buffering2,0.0277489,10.6317,frontier,61440,fine,Standard,1000
2,4,Cray-MPICH-CXI-GPU-Enabled,0.0100984,10.3711,frontier,61440,coarse,Standard,1000
2,8,MPIAdvance-CXI-Double-Buffering2,0.069465,0.49316,frontier,16384,coarse,Ready Send,1000
2,8,MPIAdvance-CXI-Single-Buffering2,0.0378014,0.492302,frontier,16384,coarse,Standard,1000
2,8,MPIAdvance-CXI-Double-Buffering2,0.0321821,0.498371,frontier,16384,fine,Ready Send,1000
2,8,MPIAdvance-CXI-Single-Buffering2,0.0368159,0.497569,frontier,16384,fine,Standard,1000
2,8,Cray-MPICH-CXI-GPU-Enabled,0.0162081,0.540409,frontier,16384,coarse,Standard,1000
2,8,MPIAdvance-CXI-Double-Buffering2,0.0285538,5.17664,frontier,61440,coarse,Ready Send,1000
2,8,MPIAdvance-CXI-Single-Buffering2,0.0345496,5.17467,frontier,61440,coarse,Standard,1000
2,8,MPIAdvance-CXI-Double-Buffering2,0.210243,5.1801,frontier,61440,fine,Ready Send,1000
2,8,MPIAdvance-CXI-Single-Buffering2,0.0373419,5.17888,frontier,61440,fine,Standard,1000
2,8,Cray-MPICH-CXI-GPU-Enabled,0.0164529,5.27677,frontier,61440,coarse,Standard,1000
4,1,MPIAdvance-CXI-Double-Buffering2,0.142053,1.57391,frontier,16384,coarse,Ready Send,1000
4,1,MPIAdvance-CXI-Single-Buffering2,0.0200835,1.57304,frontier,16384,coarse,Standard,1000
4,1,MPIAdvance-CXI-Double-Buffering2,0.0161489,1.57663,frontier,16384,fine,Ready Send,1000
4,1,MPIAdvance-CXI-Single-Buffering2,0.084108,1.5769,frontier,16384,fine,Standard,1000
4,1,Cray-MPICH-CXI-GPU-Enabled,0.00608808,1.59622,frontier,16384,coarse,Standard,1000
4,1,MPIAdvance-CXI-Double-Buffering2,0.0188456,22.4185,frontier,61440,coarse,Ready Send,1000
4,1,MPIAdvance-CXI-Single-Buffering2,0.0213333,22.638,frontier,61440,coarse,Standard,1000
4,1,MPIAdvance-CXI-Double-Buffering2,0.0175367,22.4437,frontier,61440,fine,Ready Send,1000
4,1,MPIAdvance-CXI-Single-Buffering2,0.0215346,22.6305,frontier,61440,fine,Standard,1000
4,1,Cray-MPICH-CXI-GPU-Enabled,0.0136851,22.517,frontier,61440,coarse,Standard,1000
4,2,MPIAdvance-CXI-Double-Buffering2,0.0639242,0.851995,frontier,16384,coarse,Ready Send,1000
4,2,MPIAdvance-CXI-Single-Buffering2,0.022385,0.85113,frontier,16384,coarse,Standard,1000
4,2,MPIAdvance-CXI-Double-Buffering2,0.019215,0.858334,frontier,16384,fine,Ready Send,1000
4,2,MPIAdvance-CXI-Single-Buffering2,0.0224353,0.85773,frontier,16384,fine,Standard,1000
4,2,Cray-MPICH-CXI-GPU-Enabled,0.00660644,0.880355,frontier,16384,coarse,Standard,1000
4,2,MPIAdvance-CXI-Double-Buffering2,0.0231726,10.5645,frontier,61440,coarse,Ready Send,1000
4,2,MPIAdvance-CXI-Single-Buffering2,0.0237616,10.5396,frontier,61440,coarse,Standard,1000
4,2,MPIAdvance-CXI-Double-Buffering2,0.0204465,10.5039,frontier,61440,fine,Ready Send,1000
4,2,MPIAdvance-CXI-Single-Buffering2,0.0230658,10.5412,frontier,61440,fine,Standard,1000
4,2,Cray-MPICH-CXI-GPU-Enabled,0.00786823,10.3518,frontier,61440,coarse,Standard,1000
4,4,MPIAdvance-CXI-Double-Buffering2,0.0603447,0.49313,frontier,16384,coarse,Ready Send,1000
4,4,MPIAdvance-CXI-Single-Buffering2,0.0231987,0.492538,frontier,16384,coarse,Standard,1000
4,4,MPIAdvance-CXI-Double-Buffering2,0.0223733,0.498081,frontier,16384,fine,Ready Send,1000
4,4,MPIAdvance-CXI-Single-Buffering2,0.0272998,0.497887,frontier,16384,fine,Standard,1000
4,4,Cray-MPICH-CXI-GPU-Enabled,0.00670705,0.536942,frontier,16384,coarse,Standard,1000
4,4,MPIAdvance-CXI-Double-Buffering2,0.023083,5.15804,frontier,61440,coarse,Ready Send,1000
4,4,MPIAdvance-CXI-Single-Buffering2,0.0262156,5.15773,frontier,61440,coarse,Standard,1000
4,4,MPIAdvance-CXI-Double-Buffering2,0.0225135,5.16239,frontier,61440,fine,Ready Send,1000
4,4,MPIAdvance-CXI-Single-Buffering2,0.0250568,5.16155,frontier,61440,fine,Standard,1000
4,4,Cray-MPICH-CXI-GPU-Enabled,0.0075156,5.29897,frontier,61440,coarse,Standard,1000
4,8,MPIAdvance-CXI-Double-Buffering2,0.0727615,0.302975,frontier,16384,coarse,Ready Send,1000
4,8,MPIAdvance-CXI-Single-Buffering2,0.0367674,0.302369,frontier,16384,coarse,Standard,1000
4,8,MPIAdvance-CXI-Double-Buffering2,0.0333848,0.309673,frontier,16384,fine,Ready Send,1000
4,8,MPIAdvance-CXI-Single-Buffering2,0.0397824,0.309289,frontier,16384,fine,Standard,1000
4,8,Cray-MPICH-CXI-GPU-Enabled,0.0137028,0.351942,frontier,16384,coarse,Standard,1000
4,8,MPIAdvance-CXI-Double-Buffering2,0.027717,2.67162,frontier,61440,coarse,Ready Send,1000
4,8,MPIAdvance-CXI-Single-Buffering2,0.0352336,2.67009,frontier,61440,coarse,Standard,1000
4,8,MPIAdvance-CXI-Double-Buffering2,0.0290088,2.67478,frontier,61440,fine,Ready Send,1000
4,8,MPIAdvance-CXI-Single-Buffering2,0.0335331,2.67403,frontier,61440,fine,Standard,1000
4,8,Cray-MPICH-CXI-GPU-Enabled,0.0116571,2.70321,frontier,61440,coarse,Standard,1000
8,1,MPIAdvance-CXI-Double-Buffering2,0.169339,0.84716,frontier,16384,coarse,Ready Send,1000
8,1,MPIAdvance-CXI-Single-Buffering2,0.0199959,0.847049,frontier,16384,coarse,Standard,1000
8,1,MPIAdvance-CXI-Double-Buffering2,0.0161242,0.85295,frontier,16384,fine,Ready Send,1000
8,1,MPIAdvance-CXI-Single-Buffering2,0.0201807,0.853563,frontier,16384,fine,Standard,1000
8,1,Cray-MPICH-CXI-GPU-Enabled,0.00591725,0.87114,frontier,16384,coarse,Standard,1000
8,1,MPIAdvance-CXI-Double-Buffering2,0.0200913,10.4994,frontier,61440,coarse,Ready Send,1000
8,1,MPIAdvance-CXI-Single-Buffering2,0.0212639,10.6687,frontier,61440,coarse,Standard,1000
8,1,MPIAdvance-CXI-Double-Buffering2,0.0179639,10.5026,frontier,61440,fine,Ready Send,1000
8,1,MPIAdvance-CXI-Single-Buffering2,0.0222666,10.7774,frontier,61440,fine,Standard,1000
8,1,Cray-MPICH-CXI-GPU-Enabled,0.00697035,10.6486,frontier,61440,coarse,Standard,1000
8,2,MPIAdvance-CXI-Double-Buffering2,0.0611642,0.493345,frontier,16384,coarse,Ready Send,1000
8,2,MPIAdvance-CXI-Single-Buffering2,0.0228702,0.49262,frontier,16384,coarse,Standard,1000
8,2,MPIAdvance-CXI-Double-Buffering2,0.0203017,0.498941,frontier,16384,fine,Ready Send,1000
8,2,MPIAdvance-CXI-Single-Buffering2,0.0229334,0.4981,frontier,16384,fine,Standard,1000
8,2,Cray-MPICH-CXI-GPU-Enabled,0.00757055,0.531015,frontier,16384,coarse,Standard,1000
8,2,MPIAdvance-CXI-Double-Buffering2,0.0198638,5.1703,frontier,61440,coarse,Ready Send,1000
8,2,MPIAdvance-CXI-Single-Buffering2,0.0252163,5.17004,frontier,61440,coarse,Standard,1000
8,2,MPIAdvance-CXI-Double-Buffering2,0.0200821,5.17319,frontier,61440,fine,Ready Send,1000
8,2,MPIAdvance-CXI-Single-Buffering2,0.0235386,5.17223,frontier,61440,fine,Standard,1000
8,2,Cray-MPICH-CXI-GPU-Enabled,0.0078907,5.1904,frontier,61440,coarse,Standard,1000
8,4,MPIAdvance-CXI-Double-Buffering2,0.0613744,0.302882,frontier,16384,coarse,Ready Send,1000
8,4,MPIAdvance-CXI-Single-Buffering2,0.0243164,0.301971,frontier,16384,coarse,Standard,1000
8,4,MPIAdvance-CXI-Double-Buffering2,0.0203644,0.309596,frontier,16384,fine,Ready Send,1000
8,4,MPIAdvance-CXI-Single-Buffering2,0.023895,0.308996,frontier,16384,fine,Standard,1000
8,4,Cray-MPICH-CXI-GPU-Enabled,0.0068311,0.342882,frontier,16384,coarse,Standard,1000
8,4,MPIAdvance-CXI-Double-Buffering2,0.0232341,2.67089,frontier,61440,coarse,Ready Send,1000
8,4,MPIAdvance-CXI-Single-Buffering2,0.0258321,2.66954,frontier,61440,coarse,Standard,1000
8,4,MPIAdvance-CXI-Double-Buffering2,0.0199561,2.67317,frontier,61440,fine,Ready Send,1000
8,4,MPIAdvance-CXI-Single-Buffering2,0.0250037,2.67304,frontier,61440,fine,Standard,1000
8,4,Cray-MPICH-CXI-GPU-Enabled,0.00720061,2.68675,frontier,61440,coarse,Standard,1000
8,8,MPIAdvance-CXI-Double-Buffering2,0.0703776,0.21074,frontier,16384,coarse,Ready Send,1000
8,8,MPIAdvance-CXI-Single-Buffering2,0.0352188,0.209661,frontier,16384,coarse,Standard,1000
8,8,MPIAdvance-CXI-Double-Buffering2,0.032814,0.216639,frontier,16384,fine,Ready Send,1000
8,8,MPIAdvance-CXI-Single-Buffering2,0.0428388,0.215991,frontier,16384,fine,Standard,1000
8,8,Cray-MPICH-CXI-GPU-Enabled,0.0176453,0.266413,frontier,16384,coarse,Standard,1000
8,8,MPIAdvance-CXI-Double-Buffering2,0.0270924,1.41564,frontier,61440,coarse,Ready Send,1000
8,8,MPIAdvance-CXI-Single-Buffering2,0.0370301,1.4145,frontier,61440,coarse,Standard,1000
8,8,MPIAdvance-CXI-Double-Buffering2,0.0299866,1.41704,frontier,61440,fine,Ready Send,1000
8,8,MPIAdvance-CXI-Single-Buffering2,0.0423434,1.41631,frontier,61440,fine,Standard,1000
8,8,Cray-MPICH-CXI-GPU-Enabled,0.0209632,1.44922,frontier,61440,coarse,Standard,1000
16,1,MPIAdvance-CXI-Double-Buffering2,0.378677,0.489657,frontier,16384,coarse,Ready Send,1000
16,1,MPIAdvance-CXI-Single-Buffering2,0.0207444,0.49048,frontier,16384,coarse,Standard,1000
16,1,MPIAdvance-CXI-Double-Buffering2,0.0168956,0.495204,frontier,16384,fine,Ready Send,1000
16,1,MPIAdvance-CXI-Single-Buffering2,0.0209315,0.495813,frontier,16384,fine,Standard,1000
16,1,Cray-MPICH-CXI-GPU-Enabled,0.00564007,0.513841,frontier,16384,coarse,Standard,1000
16,1,MPIAdvance-CXI-Double-Buffering2,0.0174875,5.16317,frontier,61440,coarse,Ready Send,1000
16,1,MPIAdvance-CXI-Single-Buffering2,0.0215963,5.16264,frontier,61440,coarse,Standard,1000
16,1,MPIAdvance-CXI-Double-Buffering2,0.0172138,5.16565,frontier,61440,fine,Ready Send,1000
16,1,MPIAdvance-CXI-Single-Buffering2,0.0213809,5.16558,frontier,61440,fine,Standard,1000
16,1,Cray-MPICH-CXI-GPU-Enabled,0.00618719,5.18635,frontier,61440,coarse,Standard,1000
16,2,MPIAdvance-CXI-Double-Buffering2,0.0618199,0.303239,frontier,16384,coarse,Ready Send,1000
16,2,MPIAdvance-CXI-Single-Buffering2,0.0225222,0.302485,frontier,16384,coarse,Standard,1000
16,2,MPIAdvance-CXI-Double-Buffering2,0.0190514,0.309705,frontier,16384,fine,Ready Send,1000
16,2,MPIAdvance-CXI-Single-Buffering2,0.0222978,0.309276,frontier,16384,fine,Standard,1000
16,2,Cray-MPICH-CXI-GPU-Enabled,0.0063732,0.342941,frontier,16384,coarse,Standard,1000
16,2,MPIAdvance-CXI-Double-Buffering2,0.0210407,2.66649,frontier,61440,coarse,Ready Send,1000
16,2,MPIAdvance-CXI-Single-Buffering2,0.0229468,2.66606,frontier,61440,coarse,Standard,1000
16,2,MPIAdvance-CXI-Double-Buffering2,0.0218305,2.67029,frontier,61440,fine,Ready Send,1000
16,2,MPIAdvance-CXI-Single-Buffering2,0.0232853,2.67002,frontier,61440,fine,Standard,1000
16,2,Cray-MPICH-CXI-GPU-Enabled,0.00729363,2.68583,frontier,61440,coarse,Standard,1000
16,4,MPIAdvance-CXI-Double-Buffering2,0.0614495,0.210998,frontier,16384,coarse,Ready Send,1000
16,4,MPIAdvance-CXI-Single-Buffering2,0.026645,0.209765,frontier,16384,coarse,Standard,1000
16,4,MPIAdvance-CXI-Double-Buffering2,0.0221215,0.216707,frontier,16384,fine,Ready Send,1000
16,4,MPIAdvance-CXI-Single-Buffering2,0.02764,0.216051,frontier,16384,fine,Standard,1000
16,4,Cray-MPICH-CXI-GPU-Enabled,0.010446,0.258531,frontier,16384,coarse,Standard,1000
16,4,MPIAdvance-CXI-Double-Buffering2,0.0231387,1.41526,frontier,61440,coarse,Ready Send,1000
16,4,MPIAdvance-CXI-Single-Buffering2,0.0254559,1.41379,frontier,61440,coarse,Standard,1000
16,4,MPIAdvance-CXI-Double-Buffering2,0.0224984,1.4164,frontier,61440,fine,Ready Send,1000
16,4,MPIAdvance-CXI-Single-Buffering2,0.0265726,1.41534,frontier,61440,fine,Standard,1000
16,4,Cray-MPICH-CXI-GPU-Enabled,0.00812002,1.44809,frontier,61440,coarse,Standard,1000
16,8,MPIAdvance-CXI-Double-Buffering2,0.0754635,0.156237,frontier,16384,coarse,Ready Send,1000
16,8,MPIAdvance-CXI-Single-Buffering2,0.0304976,0.155025,frontier,16384,coarse,Standard,1000
16,8,MPIAdvance-CXI-Double-Buffering2,0.030912,0.166604,frontier,16384,fine,Ready Send,1000
16,8,MPIAdvance-CXI-Single-Buffering2,0.0407853,0.165411,frontier,16384,fine,Standard,1000
16,8,Cray-MPICH-CXI-GPU-Enabled,0.0119991,0.21415,frontier,16384,coarse,Standard,1000
16,8,MPIAdvance-CXI-Double-Buffering2,0.0370445,0.772549,frontier,61440,coarse,Ready Send,1000
16,8,MPIAdvance-CXI-Single-Buffering2,0.0373198,0.771738,frontier,61440,coarse,Standard,1000
16,8,MPIAdvance-CXI-Double-Buffering2,0.0359591,0.776515,frontier,61440,fine,Ready Send,1000
16,8,MPIAdvance-CXI-Single-Buffering2,0.0430955,0.776296,frontier,61440,fine,Standard,1000
16,8,Cray-MPICH-CXI-GPU-Enabled,0.0148724,0.81664,frontier,61440,coarse,Standard,1000
32,1,MPIAdvance-CXI-Double-Buffering2,0.280456,0.300786,frontier,16384,coarse,Ready Send,1000
32,1,MPIAdvance-CXI-Single-Buffering2,0.021459,0.301367,frontier,16384,coarse,Standard,1000
32,1,MPIAdvance-CXI-Double-Buffering2,0.0174475,0.30694,frontier,16384,fine,Ready Send,1000
32,1,MPIAdvance-CXI-Single-Buffering2,0.0205393,0.307586,frontier,16384,fine,Standard,1000
32,1,Cray-MPICH-CXI-GPU-Enabled,0.00753643,0.32639,frontier,16384,coarse,Standard,1000
32,1,MPIAdvance-CXI-Double-Buffering2,0.0175022,2.65819,frontier,61440,coarse,Ready Send,1000
32,1,MPIAdvance-CXI-Single-Buffering2,0.0211843,2.65825,frontier,61440,coarse,Standard,1000
32,1,MPIAdvance-CXI-Double-Buffering2,0.017914,2.66199,frontier,61440,fine,Ready Send,1000
32,1,MPIAdvance-CXI-Single-Buffering2,0.0225605,2.66211,frontier,61440,fine,Standard,1000
32,1,Cray-MPICH-CXI-GPU-Enabled,0.00654754,2.68416,frontier,61440,coarse,Standard,1000
32,2,MPIAdvance-CXI-Double-Buffering2,0.0601313,0.211256,frontier,16384,coarse,Ready Send,1000
32,2,MPIAdvance-CXI-Single-Buffering2,0.0231172,0.209979,frontier,16384,coarse,Standard,1000
32,2,MPIAdvance-CXI-Double-Buffering2,0.0202989,0.216956,frontier,16384,fine,Ready Send,1000
32,2,MPIAdvance-CXI-Single-Buffering2,0.0241099,0.216214,frontier,16384,fine,Standard,1000
32,2,Cray-MPICH-CXI-GPU-Enabled,0.00912942,0.254851,frontier,16384,coarse,Standard,1000
32,2,MPIAdvance-CXI-Double-Buffering2,0.0210215,1.41416,frontier,61440,coarse,Ready Send,1000
32,2,MPIAdvance-CXI-Single-Buffering2,0.0243613,1.41326,frontier,61440,coarse,Standard,1000
32,2,MPIAdvance-CXI-Double-Buffering2,0.0304494,1.41566,frontier,61440,fine,Ready Send,1000
32,2,MPIAdvance-CXI-Single-Buffering2,0.0238487,1.41477,frontier,61440,fine,Standard,1000
32,2,Cray-MPICH-CXI-GPU-Enabled,0.0072916,1.43677,frontier,61440,coarse,Standard,1000
32,4,MPIAdvance-CXI-Double-Buffering2,0.0632355,0.156092,frontier,16384,coarse,Ready Send,1000
32,4,MPIAdvance-CXI-Single-Buffering2,0.0282779,0.155018,frontier,16384,coarse,Standard,1000
32,4,MPIAdvance-CXI-Double-Buffering2,0.0253835,0.169731,frontier,16384,fine,Ready Send,1000
32,4,MPIAdvance-CXI-Single-Buffering2,0.0270236,0.165504,frontier,16384,fine,Standard,1000
32,4,Cray-MPICH-CXI-GPU-Enabled,0.00870163,0.202437,frontier,16384,coarse,Standard,1000
32,4,MPIAdvance-CXI-Double-Buffering2,0.0219508,0.772289,frontier,61440,coarse,Ready Send,1000
32,4,MPIAdvance-CXI-Single-Buffering2,0.026109,0.771237,frontier,61440,coarse,Standard,1000
32,4,MPIAdvance-CXI-Double-Buffering2,0.0231139,0.776254,frontier,61440,fine,Ready Send,1000
32,4,MPIAdvance-CXI-Single-Buffering2,0.0259833,0.7758,frontier,61440,fine,Standard,1000
32,4,Cray-MPICH-CXI-GPU-Enabled,0.0116737,0.811634,frontier,61440,coarse,Standard,1000
32,8,MPIAdvance-CXI-Double-Buffering2,0.0762615,0.133058,frontier,16384,coarse,Ready Send,1000
32,8,MPIAdvance-CXI-Single-Buffering2,0.0459704,0.134187,frontier,16384,coarse,Standard,1000
32,8,MPIAdvance-CXI-Double-Buffering2,0.0324015,0.140612,frontier,16384,fine,Ready Send,1000
32,8,MPIAdvance-CXI-Single-Buffering2,0.0383981,0.139901,frontier,16384,fine,Standard,1000
32,8,Cray-MPICH-CXI-GPU-Enabled,0.0236429,0.19075,frontier,16384,coarse,Standard,1000
32,8,MPIAdvance-CXI-Double-Buffering2,0.0328356,0.455054,frontier,61440,coarse,Ready Send,1000
32,8,MPIAdvance-CXI-Single-Buffering2,0.0439004,0.454437,frontier,61440,coarse,Standard,1000
32,8,MPIAdvance-CXI-Double-Buffering2,0.0341352,0.459577,frontier,61440,fine,Ready Send,1000
32,8,MPIAdvance-CXI-Single-Buffering2,0.0393418,0.458871,frontier,61440,fine,Standard,1000
32,8,Cray-MPICH-CXI-GPU-Enabled,0.0156202,0.514699,frontier,61440,coarse,Standard,1000
64,1,MPIAdvance-CXI-Double-Buffering2,0.335676,0.211651,frontier,16384,coarse,Ready Send,1000
64,1,MPIAdvance-CXI-Single-Buffering2,0.0353847,0.211749,frontier,16384,coarse,Standard,1000
64,1,MPIAdvance-CXI-Double-Buffering2,0.0194252,0.216527,frontier,16384,fine,Ready Send,1000
64,1,MPIAdvance-CXI-Single-Buffering2,0.0325274,0.21751,frontier,16384,fine,Standard,1000
64,1,Cray-MPICH-CXI-GPU-Enabled,0.00924791,0.234179,frontier,16384,coarse,Standard,1000
64,1,MPIAdvance-CXI-Double-Buffering2,0.0213527,1.41341,frontier,61440,coarse,Ready Send,1000
64,1,MPIAdvance-CXI-Single-Buffering2,0.0264612,1.41366,frontier,61440,coarse,Standard,1000
64,1,MPIAdvance-CXI-Double-Buffering2,0.0275986,1.41569,frontier,61440,fine,Ready Send,1000
64,1,MPIAdvance-CXI-Single-Buffering2,0.0242121,1.41625,frontier,61440,fine,Standard,1000
64,1,Cray-MPICH-CXI-GPU-Enabled,0.0100398,1.44444,frontier,61440,coarse,Standard,1000
64,2,MPIAdvance-CXI-Double-Buffering2,0.0666392,0.158094,frontier,16384,coarse,Ready Send,1000
64,2,MPIAdvance-CXI-Single-Buffering2,0.0276273,0.157623,frontier,16384,coarse,Standard,1000
64,2,MPIAdvance-CXI-Double-Buffering2,0.0229015,0.168524,frontier,16384,fine,Ready Send,1000
64,2,MPIAdvance-CXI-Single-Buffering2,0.0257475,0.16783,frontier,16384,fine,Standard,1000
64,2,Cray-MPICH-CXI-GPU-Enabled,0.00971632,0.200961,frontier,16384,coarse,Standard,1000
64,2,MPIAdvance-CXI-Double-Buffering2,0.0254985,0.77451,frontier,61440,coarse,Ready Send,1000
64,2,MPIAdvance-CXI-Single-Buffering2,0.0267763,0.773326,frontier,61440,coarse,Standard,1000
64,2,MPIAdvance-CXI-Double-Buffering2,0.0246025,0.778486,frontier,61440,fine,Ready Send,1000
64,2,MPIAdvance-CXI-Single-Buffering2,0.0269344,0.778033,frontier,61440,fine,Standard,1000
64,2,Cray-MPICH-CXI-GPU-Enabled,0.0109092,0.804235,frontier,61440,coarse,Standard,1000
64,4,MPIAdvance-CXI-Double-Buffering2,0.0672146,0.13465,frontier,16384,coarse,Ready Send,1000
64,4,MPIAdvance-CXI-Single-Buffering2,0.0271598,0.134645,frontier,16384,coarse,Standard,1000
64,4,MPIAdvance-CXI-Double-Buffering2,0.0237656,0.141947,frontier,16384,fine,Ready Send,1000
64,4,MPIAdvance-CXI-Single-Buffering2,0.0290026,0.145829,frontier,16384,fine,Standard,1000
64,4,Cray-MPICH-CXI-GPU-Enabled,0.0163027,0.186769,frontier,16384,coarse,Standard,1000
64,4,MPIAdvance-CXI-Double-Buffering2,0.0437907,0.456428,frontier,61440,coarse,Ready Send,1000
64,4,MPIAdvance-CXI-Single-Buffering2,0.0319123,0.455809,frontier,61440,coarse,Standard,1000
64,4,MPIAdvance-CXI-Double-Buffering2,0.0287497,0.461223,frontier,61440,fine,Ready Send,1000
64,4,MPIAdvance-CXI-Single-Buffering2,0.0307785,0.460405,frontier,61440,fine,Standard,1000
64,4,Cray-MPICH-CXI-GPU-Enabled,0.0125839,0.502372,frontier,61440,coarse,Standard,1000
64,8,MPIAdvance-CXI-Double-Buffering2,0.0730935,0.121344,frontier,16384,coarse,Ready Send,1000
64,8,MPIAdvance-CXI-Single-Buffering2,0.0341271,0.127378,frontier,16384,coarse,Standard,1000
64,8,MPIAdvance-CXI-Double-Buffering2,0.0434537,0.125938,frontier,16384,fine,Ready Send,1000
64,8,MPIAdvance-CXI-Single-Buffering2,0.0396268,0.128507,frontier,16384,fine,Standard,1000
64,8,Cray-MPICH-CXI-GPU-Enabled,0.0246432,0.162934,frontier,16384,coarse,Standard,1000
64,8,MPIAdvance-CXI-Double-Buffering2,0.0500621,0.289737,frontier,61440,coarse,Ready Send,1000
64,8,MPIAdvance-CXI-Single-Buffering2,0.0399867,0.289038,frontier,61440,coarse,Standard,1000
64,8,MPIAdvance-CXI-Double-Buffering2,0.0412722,0.292595,frontier,61440,fine,Ready Send,1000
64,8,MPIAdvance-CXI-Single-Buffering2,0.0421034,0.291595,frontier,61440,fine,Standard,1000
64,8,Cray-MPICH-CXI-GPU-Enabled,0.019317,0.344937,frontier,61440,coarse,Standard,1000
128,1,MPIAdvance-CXI-Double-Buffering2,0.555954,0.155591,frontier,16384,coarse,Ready Send,1000
128,1,MPIAdvance-CXI-Single-Buffering2,0.0240373,0.157173,frontier,16384,coarse,Standard,1000
128,1,MPIAdvance-CXI-Double-Buffering2,0.0186133,0.166203,frontier,16384,fine,Ready Send,1000
128,1,MPIAdvance-CXI-Single-Buffering2,0.0365141,0.167594,frontier,16384,fine,Standard,1000
128,1,Cray-MPICH-CXI-GPU-Enabled,0.0165315,0.181382,frontier,16384,coarse,Standard,1000
128,1,MPIAdvance-CXI-Double-Buffering2,0.0173848,0.768899,frontier,61440,coarse,Ready Send,1000
128,1,MPIAdvance-CXI-Single-Buffering2,0.0230425,0.769394,frontier,61440,coarse,Standard,1000
128,1,MPIAdvance-CXI-Double-Buffering2,0.0190607,0.773634,frontier,61440,fine,Ready Send,1000
128,1,MPIAdvance-CXI-Single-Buffering2,0.0348363,0.774283,frontier,61440,fine,Standard,1000
128,1,Cray-MPICH-CXI-GPU-Enabled,0.0134544,0.798919,frontier,61440,coarse,Standard,1000
128,2,MPIAdvance-CXI-Double-Buffering2,0.0647721,0.134858,frontier,16384,coarse,Ready Send,1000
128,2,MPIAdvance-CXI-Single-Buffering2,0.0743606,0.134627,frontier,16384,coarse,Standard,1000
128,2,MPIAdvance-CXI-Double-Buffering2,0.0626353,0.142311,frontier,16384,fine,Ready Send,1000
128,2,MPIAdvance-CXI-Single-Buffering2,0.0719857,0.142098,frontier,16384,fine,Standard,1000
128,2,Cray-MPICH-CXI-GPU-Enabled,0.120262,0.179139,frontier,16384,coarse,Standard,1000
128,2,MPIAdvance-CXI-Double-Buffering2,0.0258869,0.456628,frontier,61440,coarse,Ready Send,1000
128,2,MPIAdvance-CXI-Single-Buffering2,0.026881,0.455835,frontier,61440,coarse,Standard,1000
128,2,MPIAdvance-CXI-Double-Buffering2,0.0247588,0.461517,frontier,61440,fine,Ready Send,1000
128,2,MPIAdvance-CXI-Single-Buffering2,0.0282281,0.460587,frontier,61440,fine,Standard,1000
128,2,Cray-MPICH-CXI-GPU-Enabled,0.0308554,0.492687,frontier,61440,coarse,Standard,1000
128,4,MPIAdvance-CXI-Double-Buffering2,0.0674528,0.117859,frontier,16384,coarse,Ready Send,1000
128,4,MPIAdvance-CXI-Single-Buffering2,0.0370274,0.124136,frontier,16384,coarse,Standard,1000
128,4,MPIAdvance-CXI-Double-Buffering2,0.027707,0.125438,frontier,16384,fine,Ready Send,1000
128,4,MPIAdvance-CXI-Single-Buffering2,0.053544,0.128717,frontier,16384,fine,Standard,1000
128,4,Cray-MPICH-CXI-GPU-Enabled,0.0108782,0.168954,frontier,16384,coarse,Standard,1000
128,4,MPIAdvance-CXI-Double-Buffering2,0.154815,0.289741,frontier,61440,coarse,Ready Send,1000
128,4,MPIAdvance-CXI-Single-Buffering2,0.0286299,0.289065,frontier,61440,coarse,Standard,1000
128,4,MPIAdvance-CXI-Double-Buffering2,0.137694,0.292851,frontier,61440,fine,Ready Send,1000
128,4,MPIAdvance-CXI-Single-Buffering2,0.0321622,0.291897,frontier,61440,fine,Standard,1000
128,4,Cray-MPICH-CXI-GPU-Enabled,0.0169054,0.332613,frontier,61440,coarse,Standard,1000
128,8,MPIAdvance-CXI-Double-Buffering2,0.154671,0.117212,frontier,16384,coarse,Ready Send,1000
128,8,MPIAdvance-CXI-Single-Buffering2,0.0498231,0.124532,frontier,16384,coarse,Standard,1000
128,8,MPIAdvance-CXI-Double-Buffering2,0.25063,0.113945,frontier,16384,fine,Ready Send,1000
128,8,MPIAdvance-CXI-Single-Buffering2,0.0427453,0.120446,frontier,16384,fine,Standard,1000
128,8,Cray-MPICH-CXI-GPU-Enabled,0.0938587,0.140424,frontier,16384,coarse,Standard,1000
128,8,MPIAdvance-CXI-Double-Buffering2,0.03149,0.207573,frontier,61440,coarse,Ready Send,1000
128,8,MPIAdvance-CXI-Single-Buffering2,0.271473,0.206607,frontier,61440,coarse,Standard,1000
128,8,MPIAdvance-CXI-Double-Buffering2,0.0505046,0.211162,frontier,61440,fine,Ready Send,1000
128,8,MPIAdvance-CXI-Single-Buffering2,0.103294,0.210413,frontier,61440,fine,Standard,1000
128,8,Cray-MPICH-CXI-GPU-Enabled,0.19995,0.26592,frontier,61440,coarse,Standard,1000
256,1,MPIAdvance-CXI-Double-Buffering2,0.430589,0.132954,frontier,16384,coarse,Ready Send,1000
256,1,MPIAdvance-CXI-Single-Buffering2,0.0403119,0.134457,frontier,16384,coarse,Standard,1000
256,1,MPIAdvance-CXI-Double-Buffering2,0.0216611,0.140511,frontier,16384,fine,Ready Send,1000
256,1,MPIAdvance-CXI-Single-Buffering2,0.0241516,0.142098,frontier,16384,fine,Standard,1000
256,1,Cray-MPICH-CXI-GPU-Enabled,0.0108335,0.157691,frontier,16384,coarse,Standard,1000
256,1,MPIAdvance-CXI-Double-Buffering2,0.0238238,0.453313,frontier,61440,coarse,Ready Send,1000
256,1,MPIAdvance-CXI-Single-Buffering2,0.026004,0.454205,frontier,61440,coarse,Standard,1000
256,1,MPIAdvance-CXI-Double-Buffering2,0.0221179,0.458067,frontier,61440,fine,Ready Send,1000
256,1,MPIAdvance-CXI-Single-Buffering2,0.0270664,0.45886,frontier,61440,fine,Standard,1000
256,1,Cray-MPICH-CXI-GPU-Enabled,0.0115335,0.485288,frontier,61440,coarse,Standard,1000
256,2,MPIAdvance-CXI-Double-Buffering2,0.0673027,0.117357,frontier,16384,coarse,Ready Send,1000
256,2,MPIAdvance-CXI-Single-Buffering2,0.0533163,0.124778,frontier,16384,coarse,Standard,1000
256,2,MPIAdvance-CXI-Double-Buffering2,0.0370909,0.125528,frontier,16384,fine,Ready Send,1000
256,2,MPIAdvance-CXI-Single-Buffering2,0.0244707,0.126828,frontier,16384,fine,Standard,1000
256,2,Cray-MPICH-CXI-GPU-Enabled,0.0166441,0.161164,frontier,16384,coarse,Standard,1000
256,2,MPIAdvance-CXI-Double-Buffering2,0.048095,0.290238,frontier,61440,coarse,Ready Send,1000
256,2,MPIAdvance-CXI-Single-Buffering2,0.0293506,0.289487,frontier,61440,coarse,Standard,1000
256,2,MPIAdvance-CXI-Double-Buffering2,0.0258042,0.293156,frontier,61440,fine,Ready Send,1000
256,2,MPIAdvance-CXI-Single-Buffering2,0.0305302,0.292199,frontier,61440,fine,Standard,1000
256,2,Cray-MPICH-CXI-GPU-Enabled,0.0120375,0.325406,frontier,61440,coarse,Standard,1000
256,4,MPIAdvance-CXI-Double-Buffering2,0.0926744,0.113431,frontier,16384,coarse,Ready Send,1000
256,4,MPIAdvance-CXI-Single-Buffering2,0.106051,0.120271,frontier,16384,coarse,Standard,1000
256,4,MPIAdvance-CXI-Double-Buffering2,0.123527,0.110904,frontier,16384,fine,Ready Send,1000
256,4,MPIAdvance-CXI-Single-Buffering2,0.031971,0.118429,frontier,16384,fine,Standard,1000
256,4,Cray-MPICH-CXI-GPU-Enabled,0.0185952,0.136356,frontier,16384,coarse,Standard,1000
256,4,MPIAdvance-CXI-Double-Buffering2,0.0437805,0.209742,frontier,61440,coarse,Ready Send,1000
256,4,MPIAdvance-CXI-Single-Buffering2,0.0396897,0.20696,frontier,61440,coarse,Standard,1000
256,4,MPIAdvance-CXI-Double-Buffering2,0.0384117,0.213152,frontier,61440,fine,Ready Send,1000
256,4,MPIAdvance-CXI-Single-Buffering2,0.0871526,0.210748,frontier,61440,fine,Standard,1000
256,4,Cray-MPICH-CXI-GPU-Enabled,0.0353748,0.256721,frontier,61440,coarse,Standard,1000
256,8,MPIAdvance-CXI-Double-Buffering2,0.0689108,0.116922,frontier,16384,coarse,Ready Send,1000
256,8,MPIAdvance-CXI-Single-Buffering2,0.101101,0.123746,frontier,16384,coarse,Standard,1000
256,8,MPIAdvance-CXI-Double-Buffering2,0.299597,0.11519,frontier,16384,fine,Ready Send,1000
256,8,MPIAdvance-CXI-Single-Buffering2,0.1382,0.121291,frontier,16384,fine,Standard,1000
256,8,Cray-MPICH-CXI-GPU-Enabled,0.0354048,0.13869,frontier,16384,coarse,Standard,1000
256,8,MPIAdvance-CXI-Double-Buffering2,0.0608678,0.151268,frontier,61440,coarse,Ready Send,1000
256,8,MPIAdvance-CXI-Single-Buffering2,0.0584842,0.151048,frontier,61440,coarse,Standard,1000
256,8,MPIAdvance-CXI-Double-Buffering2,0.065978,0.159963,frontier,61440,fine,Ready Send,1000
256,8,MPIAdvance-CXI-Single-Buffering2,0.118642,0.159494,frontier,61440,fine,Standard,1000
256,8,Cray-MPICH-CXI-GPU-Enabled,0.0385895,0.215065,frontier,61440,coarse,Standard,1000
512,1,MPIAdvance-CXI-Double-Buffering2,0.546161,0.115281,frontier,16384,coarse,Ready Send,1000
512,1,MPIAdvance-CXI-Single-Buffering2,0.0283039,0.122727,frontier,16384,coarse,Standard,1000
512,1,MPIAdvance-CXI-Double-Buffering2,0.104038,0.125286,frontier,16384,fine,Ready Send,1000
512,1,MPIAdvance-CXI-Single-Buffering2,0.0269088,0.126869,frontier,16384,fine,Standard,1000
512,1,Cray-MPICH-CXI-GPU-Enabled,0.0104589,0.14217,frontier,16384,coarse,Standard,1000
512,1,MPIAdvance-CXI-Double-Buffering2,0.0247713,0.287664,frontier,61440,coarse,Ready Send,1000
512,1,MPIAdvance-CXI-Single-Buffering2,0.0345133,0.288202,frontier,61440,coarse,Standard,1000
512,1,MPIAdvance-CXI-Double-Buffering2,0.0269232,0.290869,frontier,61440,fine,Ready Send,1000
512,1,MPIAdvance-CXI-Single-Buffering2,0.0265655,0.291378,frontier,61440,fine,Standard,1000
512,1,Cray-MPICH-CXI-GPU-Enabled,0.00875975,0.317889,frontier,61440,coarse,Standard,1000
512,2,MPIAdvance-CXI-Double-Buffering2,0.22523,0.111994,frontier,16384,coarse,Ready Send,1000
512,2,MPIAdvance-CXI-Single-Buffering2,0.0292481,0.11818,frontier,16384,coarse,Standard,1000
512,2,MPIAdvance-CXI-Double-Buffering2,0.0869906,0.10809,frontier,16384,fine,Ready Send,1000
512,2,MPIAdvance-CXI-Single-Buffering2,0.0319956,0.115869,frontier,16384,fine,Standard,1000
512,2,Cray-MPICH-CXI-GPU-Enabled,0.0136372,0.127927,frontier,16384,coarse,Standard,1000
512,2,MPIAdvance-CXI-Double-Buffering2,0.0296359,0.208051,frontier,61440,coarse,Ready Send,1000
512,2,MPIAdvance-CXI-Single-Buffering2,0.0359888,0.206866,frontier,61440,coarse,Standard,1000
512,2,MPIAdvance-CXI-Double-Buffering2,0.193012,0.211658,frontier,61440,fine,Ready Send,1000
512,2,MPIAdvance-CXI-Single-Buffering2,0.0347857,0.21085,frontier,61440,fine,Standard,1000
512,2,Cray-MPICH-CXI-GPU-Enabled,0.151918,0.244001,frontier,61440,coarse,Standard,1000
512,4,MPIAdvance-CXI-Double-Buffering2,0.064134,0.113056,frontier,16384,coarse,Ready Send,1000
512,4,MPIAdvance-CXI-Single-Buffering2,0.0547248,0.120968,frontier,16384,coarse,Standard,1000
512,4,MPIAdvance-CXI-Double-Buffering2,0.0460102,0.112704,frontier,16384,fine,Ready Send,1000
512,4,MPIAdvance-CXI-Single-Buffering2,0.0422403,0.117662,frontier,16384,fine,Standard,1000
512,4,Cray-MPICH-CXI-GPU-Enabled,0.018304,0.133949,frontier,16384,coarse,Standard,1000
512,4,MPIAdvance-CXI-Double-Buffering2,0.0573744,0.151179,frontier,61440,coarse,Ready Send,1000
512,4,MPIAdvance-CXI-Single-Buffering2,0.0609605,0.150797,frontier,61440,coarse,Standard,1000
512,4,MPIAdvance-CXI-Double-Buffering2,0.03857,0.159876,frontier,61440,fine,Ready Send,1000
512,4,MPIAdvance-CXI-Single-Buffering2,0.0443771,0.159284,frontier,61440,fine,Standard,1000
512,4,Cray-MPICH-CXI-GPU-Enabled,0.0204996,0.204553,frontier,61440,coarse,Standard,1000
512,8,MPIAdvance-CXI-Double-Buffering2,0.0582882,0.121989,frontier,16384,coarse,Ready Send,1000
512,8,MPIAdvance-CXI-Single-Buffering2,0.0702173,0.124312,frontier,16384,coarse,Standard,1000
512,8,MPIAdvance-CXI-Double-Buffering2,0.0733998,0.119297,frontier,16384,fine,Ready Send,1000
512,8,MPIAdvance-CXI-Single-Buffering2,0.0767706,0.121783,frontier,16384,fine,Standard,1000
512,8,Cray-MPICH-CXI-GPU-Enabled,0.029555,0.131584,frontier,16384,coarse,Standard,1000
512,8,MPIAdvance-CXI-Double-Buffering2,0.0898982,0.131425,frontier,61440,coarse,Ready Send,1000
512,8,MPIAdvance-CXI-Single-Buffering2,0.0867046,0.134698,frontier,61440,coarse,Standard,1000
512,8,MPIAdvance-CXI-Double-Buffering2,0.148208,0.135897,frontier,61440,fine,Ready Send,1000
512,8,MPIAdvance-CXI-Single-Buffering2,0.220833,0.138132,frontier,61440,fine,Standard,1000
512,8,Cray-MPICH-CXI-GPU-Enabled,0.0407872,0.192017,frontier,61440,coarse,Standard,1000
1024,1,MPIAdvance-CXI-Double-Buffering2,0.657352,0.107288,frontier,16384,coarse,Ready Send,1000
1024,1,MPIAdvance-CXI-Single-Buffering2,0.0299372,0.116371,frontier,16384,coarse,Standard,1000
1024,1,MPIAdvance-CXI-Double-Buffering2,0.0240998,0.106195,frontier,16384,fine,Ready Send,1000
1024,1,MPIAdvance-CXI-Single-Buffering2,0.0267775,0.114965,frontier,16384,fine,Standard,1000
1024,1,Cray-MPICH-CXI-GPU-Enabled,0.0133586,0.122258,frontier,16384,coarse,Standard,1000
1024,1,MPIAdvance-CXI-Double-Buffering2,0.0280616,0.206729,frontier,61440,coarse,Ready Send,1000
1024,1,MPIAdvance-CXI-Single-Buffering2,0.0355064,0.206785,frontier,61440,coarse,Standard,1000
1024,1,MPIAdvance-CXI-Double-Buffering2,0.0320648,0.210256,frontier,61440,fine,Ready Send,1000
1024,1,MPIAdvance-CXI-Single-Buffering2,0.035647,0.210763,frontier,61440,fine,Standard,1000
1024,1,Cray-MPICH-CXI-GPU-Enabled,0.0186845,0.231096,frontier,61440,coarse,Standard,1000
1024,2,MPIAdvance-CXI-Double-Buffering2,0.0724791,0.110546,frontier,16384,coarse,Ready Send,1000
1024,2,MPIAdvance-CXI-Single-Buffering2,0.0520084,0.117731,frontier,16384,coarse,Standard,1000
1024,2,MPIAdvance-CXI-Double-Buffering2,0.0578829,0.108236,frontier,16384,fine,Ready Send,1000
1024,2,MPIAdvance-CXI-Single-Buffering2,0.0492941,0.115368,frontier,16384,fine,Standard,1000
1024,2,Cray-MPICH-CXI-GPU-Enabled,0.0657039,0.144776,frontier,16384,coarse,Standard,1000
1024,2,MPIAdvance-CXI-Double-Buffering2,0.0476147,0.151605,frontier,61440,coarse,Ready Send,1000
1024,2,MPIAdvance-CXI-Single-Buffering2,0.0679385,0.151257,frontier,61440,coarse,Standard,1000
1024,2,MPIAdvance-CXI-Double-Buffering2,0.254928,0.160375,frontier,61440,fine,Ready Send,1000
1024,2,MPIAdvance-CXI-Single-Buffering2,0.054317,0.159772,frontier,61440,fine,Standard,1000
1024,2,Cray-MPICH-CXI-GPU-Enabled,0.0330104,0.190635,frontier,61440,coarse,Standard,1000
1024,4,MPIAdvance-CXI-Double-Buffering2,0.0830907,0.111753,frontier,16384,coarse,Ready Send,1000
1024,4,MPIAdvance-CXI-Single-Buffering2,0.0853977,0.119292,frontier,16384,coarse,Standard,1000
1024,4,MPIAdvance-CXI-Double-Buffering2,0.0767094,0.109986,frontier,16384,fine,Ready Send,1000
1024,4,MPIAdvance-CXI-Single-Buffering2,0.0938403,0.116166,frontier,16384,fine,Standard,1000
1024,4,Cray-MPICH-CXI-GPU-Enabled,0.0591234,0.126881,frontier,16384,coarse,Standard,1000
1024,4,MPIAdvance-CXI-Double-Buffering2,0.0820371,0.13001,frontier,61440,coarse,Ready Send,1000
1024,4,MPIAdvance-CXI-Single-Buffering2,0.0613203,0.132226,frontier,61440,coarse,Standard,1000
1024,4,MPIAdvance-CXI-Double-Buffering2,0.0730144,0.13894,frontier,61440,fine,Ready Send,1000
1024,4,MPIAdvance-CXI-Single-Buffering2,0.0829944,0.136735,frontier,61440,fine,Standard,1000
1024,4,Cray-MPICH-CXI-GPU-Enabled,0.0779028,0.186162,frontier,61440,coarse,Standard,1000
1024,8,MPIAdvance-CXI-Double-Buffering2,18.1963,0.118738,frontier,16384,coarse,Ready Send,1000
1024,8,MPIAdvance-CXI-Single-Buffering2,0.278594,0.124945,frontier,16384,coarse,Standard,1000
1024,8,MPIAdvance-CXI-Double-Buffering2,0.298331,0.116282,frontier,16384,fine,Ready Send,1000
1024,8,MPIAdvance-CXI-Single-Buffering2,0.506035,0.120197,frontier,16384,fine,Standard,1000
1024,8,Cray-MPICH-CXI-GPU-Enabled,0.184172,0.135314,frontier,16384,coarse,Standard,1000
1024,8,MPIAdvance-CXI-Double-Buffering2,0.171404,0.120996,frontier,61440,coarse,Ready Send,1000
1024,8,MPIAdvance-CXI-Single-Buffering2,0.317021,0.127183,frontier,61440,coarse,Standard,1000
1024,8,MPIAdvance-CXI-Double-Buffering2,0.178846,0.12351,frontier,61440,fine,Ready Send,1000
1024,8,MPIAdvance-CXI-Single-Buffering2,0.162028,0.127752,frontier,61440,fine,Standard,1000
1024,8,Cray-MPICH-CXI-GPU-Enabled,0.161634,0.182071,frontier,61440,coarse,Standard,1000
1,1,MPIAdvance-CXI-Double-Buffering2,0.0485007,6.18237,frontier,16384,coarse,Ready Send,1000
1,1,MPIAdvance-CXI-Single-Buffering2,0.0229257,6.34872,frontier,16384,coarse,Standard,1000
1,1,MPIAdvance-CXI-Double-Buffering2,0.0182163,6.1738,frontier,16384,fine,Ready Send,1000
1,1,MPIAdvance-CXI-Single-Buffering2,0.0214645,6.34001,frontier,16384,fine,Standard,1000
1,1,Cray-MPICH-CXI-GPU-Enabled,0.00635811,6.07102,frontier,16384,coarse,Standard,1000
1,1,MPIAdvance-CXI-Double-Buffering2,0.0232512,92.0991,frontier,61440,coarse,Ready Send,1000
1,1,MPIAdvance-CXI-Single-Buffering2,1.5608,92.2554,frontier,61440,coarse,Standard,1000
1,1,MPIAdvance-CXI-Double-Buffering2,0.0224259,92.1396,frontier,61440,fine,Ready Send,1000
1,1,MPIAdvance-CXI-Single-Buffering2,1.56101,92.3185,frontier,61440,fine,Standard,1000
1,1,Cray-MPICH-CXI-GPU-Enabled,1.55153,92.3146,frontier,61440,coarse,Standard,1000
1,2,MPIAdvance-CXI-Double-Buffering2,1.72877,3.00413,frontier,16384,coarse,Ready Send,1000
1,2,MPIAdvance-CXI-Single-Buffering2,0.982886,3.00383,frontier,16384,coarse,Standard,1000
1,2,MPIAdvance-CXI-Double-Buffering2,0.0275611,3.00695,frontier,16384,fine,Ready Send,1000
1,2,MPIAdvance-CXI-Single-Buffering2,0.0320993,3.007,frontier,16384,fine,Standard,1000
1,2,Cray-MPICH-CXI-GPU-Enabled,0.00699919,3.09148,frontier,16384,coarse,Standard,1000
1,2,MPIAdvance-CXI-Double-Buffering2,0.0347168,44.0437,frontier,61440,coarse,Ready Send,1000
1,2,MPIAdvance-CXI-Single-Buffering2,0.051633,43.8011,frontier,61440,coarse,Standard,1000
1,2,MPIAdvance-CXI-Double-Buffering2,0.0478869,44.4496,frontier,61440,fine,Ready Send,1000
1,2,MPIAdvance-CXI-Single-Buffering2,0.0508586,44.2102,frontier,61440,fine,Standard,1000
1,2,Cray-MPICH-CXI-GPU-Enabled,0.0217165,44.3444,frontier,61440,coarse,Standard,1000
1,4,MPIAdvance-CXI-Double-Buffering2,0.0969732,1.58318,frontier,16384,coarse,Ready Send,1000
1,4,MPIAdvance-CXI-Single-Buffering2,0.0545914,1.58207,frontier,16384,coarse,Standard,1000
1,4,MPIAdvance-CXI-Double-Buffering2,0.0494784,1.5857,frontier,16384,fine,Ready Send,1000
1,4,MPIAdvance-CXI-Single-Buffering2,0.0537341,1.58579,frontier,16384,fine,Standard,1000
1,4,Cray-MPICH-CXI-GPU-Enabled,0.00666528,1.61599,frontier,16384,coarse,Standard,1000
1,4,MPIAdvance-CXI-Double-Buffering2,0.0531946,22.4017,frontier,61440,coarse,Ready Send,1000
1,4,MPIAdvance-CXI-Single-Buffering2,0.0653855,22.6387,frontier,61440,coarse,Standard,1000
1,4,MPIAdvance-CXI-Double-Buffering2,0.0547225,22.4128,frontier,61440,fine,Ready Send,1000
1,4,MPIAdvance-CXI-Single-Buffering2,0.0581491,22.636,frontier,61440,fine,Standard,1000
1,4,Cray-MPICH-CXI-GPU-Enabled,0.00815872,22.4814,frontier,61440,coarse,Standard,1000
1,8,MPIAdvance-CXI-Double-Buffering2,0.13108,0.855087,frontier,16384,coarse,Ready Send,1000
1,8,MPIAdvance-CXI-Single-Buffering2,0.113708,0.855132,frontier,16384,coarse,Standard,1000
1,8,MPIAdvance-CXI-Double-Buffering2,0.101675,0.860598,frontier,16384,fine,Ready Send,1000
1,8,MPIAdvance-CXI-Single-Buffering2,0.104124,0.860203,frontier,16384,fine,Standard,1000
1,8,Cray-MPICH-CXI-GPU-Enabled,0.0115612,0.90533,frontier,16384,coarse,Standard,1000
1,8,MPIAdvance-CXI-Double-Buffering2,0.0994426,10.6058,frontier,61440,coarse,Ready Send,1000
1,8,MPIAdvance-CXI-Single-Buffering2,0.106546,10.5812,frontier,61440,coarse,Standard,1000
1,8,MPIAdvance-CXI-Double-Buffering2,0.102778,10.5432,frontier,61440,fine,Ready Send,1000
1,8,MPIAdvance-CXI-Single-Buffering2,0.110014,10.5743,frontier,61440,fine,Standard,1000
1,8,Cray-MPICH-CXI-GPU-Enabled,0.0166789,10.5059,frontier,61440,coarse,Standard,1000
2,1,MPIAdvance-CXI-Double-Buffering2,0.0311509,2.98993,frontier,16384,coarse,Ready Send,1000
2,1,MPIAdvance-CXI-Single-Buffering2,0.0216833,2.9893,frontier,16384,coarse,Standard,1000
2,1,MPIAdvance-CXI-Double-Buffering2,0.0187135,2.99217,frontier,16384,fine,Ready Send,1000
2,1,MPIAdvance-CXI-Single-Buffering2,0.0209016,2.99175,frontier,16384,fine,Standard,1000
2,1,Cray-MPICH-CXI-GPU-Enabled,0.00758945,3.06578,frontier,16384,coarse,Standard,1000
2,1,MPIAdvance-CXI-Double-Buffering2,0.0181112,43.9675,frontier,61440,coarse,Ready Send,1000
2,1,MPIAdvance-CXI-Single-Buffering2,0.0248269,44.2271,frontier,61440,coarse,Standard,1000
2,1,MPIAdvance-CXI-Double-Buffering2,0.0173127,44.1042,frontier,61440,fine,Ready Send,1000
2,1,MPIAdvance-CXI-Single-Buffering2,0.0225213,44.3558,frontier,61440,fine,Standard,1000
2,1,Cray-MPICH-CXI-GPU-Enabled,0.00788571,44.3029,frontier,61440,coarse,Standard,1000
2,2,MPIAdvance-CXI-Double-Buffering2,0.11988,1.58111,frontier,16384,coarse,Ready Send,1000
2,2,MPIAdvance-CXI-Single-Buffering2,0.0242145,1.58004,frontier,16384,coarse,Standard,1000
2,2,MPIAdvance-CXI-Double-Buffering2,0.0202254,1.58381,frontier,16384,fine,Ready Send,1000
2,2,MPIAdvance-CXI-Single-Buffering2,0.0218993,1.58362,frontier,16384,fine,Standard,1000
2,2,Cray-MPICH-CXI-GPU-Enabled,0.00971422,1.61006,frontier,16384,coarse,Standard,1000
2,2,MPIAdvance-CXI-Double-Buffering2,0.0210123,22.3347,frontier,61440,coarse,Ready Send,1000
2,2,MPIAdvance-CXI-Single-Buffering2,0.0255723,22.4367,frontier,61440,coarse,Standard,1000
2,2,MPIAdvance-CXI-Double-Buffering2,0.0207203,22.3382,frontier,61440,fine,Ready Send,1000
2,2,MPIAdvance-CXI-Single-Buffering2,0.0240345,22.4312,frontier,61440,fine,Standard,1000
2,2,Cray-MPICH-CXI-GPU-Enabled,1.77183,22.3091,frontier,61440,coarse,Standard,1000
2,4,MPIAdvance-CXI-Double-Buffering2,0.0200112,0.852821,frontier,16384,coarse,Ready Send,1000
2,4,MPIAdvance-CXI-Single-Buffering2,0.0273526,0.85182,frontier,16384,coarse,Standard,1000
2,4,MPIAdvance-CXI-Double-Buffering2,0.0240036,0.85833,frontier,16384,fine,Ready Send,1000
2,4,MPIAdvance-CXI-Single-Buffering2,0.0229529,0.857721,frontier,16384,fine,Standard,1000
2,4,Cray-MPICH-CXI-GPU-Enabled,0.0116727,0.889552,frontier,16384,coarse,Standard,1000
2,4,MPIAdvance-CXI-Double-Buffering2,0.0252693,10.659,frontier,61440,coarse,Ready Send,1000
2,4,MPIAdvance-CXI-Single-Buffering2,0.0282924,10.5711,frontier,61440,coarse,Standard,1000
2,4,MPIAdvance-CXI-Double-Buffering2,0.0234553,10.5904,frontier,61440,fine,Ready Send,1000
2,4,MPIAdvance-CXI-Single-Buffering2,0.0272056,10.5879,frontier,61440,fine,Standard,1000
2,4,Cray-MPICH-CXI-GPU-Enabled,0.0101311,10.4021,frontier,61440,coarse,Standard,1000
2,8,MPIAdvance-CXI-Double-Buffering2,0.0709912,0.492708,frontier,16384,coarse,Ready Send,1000
2,8,MPIAdvance-CXI-Single-Buffering2,0.0332465,0.49213,frontier,16384,coarse,Standard,1000
2,8,MPIAdvance-CXI-Double-Buffering2,0.0319136,0.498166,frontier,16384,fine,Ready Send,1000
2,8,MPIAdvance-CXI-Single-Buffering2,0.0382201,0.497612,frontier,16384,fine,Standard,1000
2,8,Cray-MPICH-CXI-GPU-Enabled,0.0106374,0.541955,frontier,16384,coarse,Standard,1000
2,8,MPIAdvance-CXI-Double-Buffering2,0.035719,5.1661,frontier,61440,coarse,Ready Send,1000
2,8,MPIAdvance-CXI-Single-Buffering2,0.112754,5.16439,frontier,61440,coarse,Standard,1000
2,8,MPIAdvance-CXI-Double-Buffering2,0.0368756,5.16976,frontier,61440,fine,Ready Send,1000
2,8,MPIAdvance-CXI-Single-Buffering2,0.0888108,5.16872,frontier,61440,fine,Standard,1000
2,8,Cray-MPICH-CXI-GPU-Enabled,0.0196041,5.23875,frontier,61440,coarse,Standard,1000
4,1,MPIAdvance-CXI-Double-Buffering2,0.18954,1.57633,frontier,16384,coarse,Ready Send,1000
4,1,MPIAdvance-CXI-Single-Buffering2,0.0227642,1.57582,frontier,16384,coarse,Standard,1000
4,1,MPIAdvance-CXI-Double-Buffering2,0.0192095,1.57912,frontier,16384,fine,Ready Send,1000
4,1,MPIAdvance-CXI-Single-Buffering2,0.0227831,1.57913,frontier,16384,fine,Standard,1000
4,1,Cray-MPICH-CXI-GPU-Enabled,0.00760618,1.59798,frontier,16384,coarse,Standard,1000
4,1,MPIAdvance-CXI-Double-Buffering2,0.021563,22.2045,frontier,61440,coarse,Ready Send,1000
4,1,MPIAdvance-CXI-Single-Buffering2,0.0209552,22.4475,frontier,61440,coarse,Standard,1000
4,1,MPIAdvance-CXI-Double-Buffering2,0.018527,22.2056,frontier,61440,fine,Ready Send,1000
4,1,MPIAdvance-CXI-Single-Buffering2,0.0209839,22.4432,frontier,61440,fine,Standard,1000
4,1,Cray-MPICH-CXI-GPU-Enabled,0.0182934,22.3056,frontier,61440,coarse,Standard,1000
4,2,MPIAdvance-CXI-Double-Buffering2,0.066338,0.853538,frontier,16384,coarse,Ready Send,1000
4,2,MPIAdvance-CXI-Single-Buffering2,0.0251844,0.852757,frontier,16384,coarse,Standard,1000
4,2,MPIAdvance-CXI-Double-Buffering2,0.0199003,0.859454,frontier,16384,fine,Ready Send,1000
4,2,MPIAdvance-CXI-Single-Buffering2,0.0263205,0.858391,frontier,16384,fine,Standard,1000
4,2,Cray-MPICH-CXI-GPU-Enabled,0.00932563,0.885144,frontier,16384,coarse,Standard,1000
4,2,MPIAdvance-CXI-Double-Buffering2,0.0244663,10.6362,frontier,61440,coarse,Ready Send,1000
4,2,MPIAdvance-CXI-Single-Buffering2,0.0273205,10.6236,frontier,61440,coarse,Standard,1000
4,2,MPIAdvance-CXI-Double-Buffering2,0.0230821,10.673,frontier,61440,fine,Ready Send,1000
4,2,MPIAdvance-CXI-Single-Buffering2,0.0252503,10.6266,frontier,61440,fine,Standard,1000
4,2,Cray-MPICH-CXI-GPU-Enabled,0.0113842,10.3887,frontier,61440,coarse,Standard,1000
4,4,MPIAdvance-CXI-Double-Buffering2,0.0637052,0.493951,frontier,16384,coarse,Ready Send,1000
4,4,MPIAdvance-CXI-Single-Buffering2,0.0263129,0.493211,frontier,16384,coarse,Standard,1000
4,4,MPIAdvance-CXI-Double-Buffering2,0.0234488,0.499292,frontier,16384,fine,Ready Send,1000
4,4,MPIAdvance-CXI-Single-Buffering2,0.0268556,0.498531,frontier,16384,fine,Standard,1000
4,4,Cray-MPICH-CXI-GPU-Enabled,0.011826,0.528553,frontier,16384,coarse,Standard,1000
4,4,MPIAdvance-CXI-Double-Buffering2,0.0233718,5.17754,frontier,61440,coarse,Ready Send,1000
4,4,MPIAdvance-CXI-Single-Buffering2,0.0301756,5.17882,frontier,61440,coarse,Standard,1000
4,4,MPIAdvance-CXI-Double-Buffering2,0.0224399,5.18274,frontier,61440,fine,Ready Send,1000
4,4,MPIAdvance-CXI-Single-Buffering2,0.0256067,5.18284,frontier,61440,fine,Standard,1000
4,4,Cray-MPICH-CXI-GPU-Enabled,0.0120733,5.3398,frontier,61440,coarse,Standard,1000
4,8,MPIAdvance-CXI-Double-Buffering2,0.073481,0.30288,frontier,16384,coarse,Ready Send,1000
4,8,MPIAdvance-CXI-Single-Buffering2,0.0370956,0.302273,frontier,16384,coarse,Standard,1000
4,8,MPIAdvance-CXI-Double-Buffering2,0.0317776,0.309743,frontier,16384,fine,Ready Send,1000
4,8,MPIAdvance-CXI-Single-Buffering2,0.0321443,0.308794,frontier,16384,fine,Standard,1000
4,8,Cray-MPICH-CXI-GPU-Enabled,0.0188838,0.347207,frontier,16384,coarse,Standard,1000
4,8,MPIAdvance-CXI-Double-Buffering2,0.0336801,2.67377,frontier,61440,coarse,Ready Send,1000
4,8,MPIAdvance-CXI-Single-Buffering2,0.0424934,2.67238,frontier,61440,coarse,Standard,1000
4,8,MPIAdvance-CXI-Double-Buffering2,0.0332322,2.67622,frontier,61440,fine,Ready Send,1000
4,8,MPIAdvance-CXI-Single-Buffering2,0.0379768,2.67573,frontier,61440,fine,Standard,1000
4,8,Cray-MPICH-CXI-GPU-Enabled,0.0156074,2.70249,frontier,61440,coarse,Standard,1000
8,1,MPIAdvance-CXI-Double-Buffering2,0.278095,0.849398,frontier,16384,coarse,Ready Send,1000
8,1,MPIAdvance-CXI-Single-Buffering2,0.020201,0.849367,frontier,16384,coarse,Standard,1000
8,1,MPIAdvance-CXI-Double-Buffering2,0.0161599,0.854962,frontier,16384,fine,Ready Send,1000
8,1,MPIAdvance-CXI-Single-Buffering2,0.0211945,0.855243,frontier,16384,fine,Standard,1000
8,1,Cray-MPICH-CXI-GPU-Enabled,0.00749948,0.873825,frontier,16384,coarse,Standard,1000
8,1,MPIAdvance-CXI-Double-Buffering2,0.0185479,10.5455,frontier,61440,coarse,Ready Send,1000
8,1,MPIAdvance-CXI-Single-Buffering2,0.0230632,10.8094,frontier,61440,coarse,Standard,1000
8,1,MPIAdvance-CXI-Double-Buffering2,0.0189436,10.5518,frontier,61440,fine,Ready Send,1000
8,1,MPIAdvance-CXI-Single-Buffering2,0.0239426,10.7211,frontier,61440,fine,Standard,1000
8,1,Cray-MPICH-CXI-GPU-Enabled,0.00827046,10.6886,frontier,61440,coarse,Standard,1000
8,2,MPIAdvance-CXI-Double-Buffering2,0.0611111,0.494622,frontier,16384,coarse,Ready Send,1000
8,2,MPIAdvance-CXI-Single-Buffering2,0.0235873,0.493828,frontier,16384,coarse,Standard,1000
8,2,MPIAdvance-CXI-Double-Buffering2,0.0203417,0.500146,frontier,16384,fine,Ready Send,1000
8,2,MPIAdvance-CXI-Single-Buffering2,0.0223806,0.49959,frontier,16384,fine,Standard,1000
8,2,Cray-MPICH-CXI-GPU-Enabled,0.00751804,0.530415,frontier,16384,coarse,Standard,1000
8,2,MPIAdvance-CXI-Double-Buffering2,0.0208253,5.19025,frontier,61440,coarse,Ready Send,1000
8,2,MPIAdvance-CXI-Single-Buffering2,0.0247524,5.18885,frontier,61440,coarse,Standard,1000
8,2,MPIAdvance-CXI-Double-Buffering2,0.0211023,5.19391,frontier,61440,fine,Ready Send,1000
8,2,MPIAdvance-CXI-Single-Buffering2,0.0237544,5.1921,frontier,61440,fine,Standard,1000
8,2,Cray-MPICH-CXI-GPU-Enabled,0.0101972,5.20279,frontier,61440,coarse,Standard,1000
8,4,MPIAdvance-CXI-Double-Buffering2,0.0581045,0.303447,frontier,16384,coarse,Ready Send,1000
8,4,MPIAdvance-CXI-Single-Buffering2,0.0267318,0.302581,frontier,16384,coarse,Standard,1000
8,4,MPIAdvance-CXI-Double-Buffering2,0.0227693,0.310269,frontier,16384,fine,Ready Send,1000
8,4,MPIAdvance-CXI-Single-Buffering2,0.0270377,0.30947,frontier,16384,fine,Standard,1000
8,4,Cray-MPICH-CXI-GPU-Enabled,0.00908727,0.348975,frontier,16384,coarse,Standard,1000
8,4,MPIAdvance-CXI-Double-Buffering2,0.0226143,2.67737,frontier,61440,coarse,Ready Send,1000
8,4,MPIAdvance-CXI-Single-Buffering2,0.0290561,2.67591,frontier,61440,coarse,Standard,1000
8,4,MPIAdvance-CXI-Double-Buffering2,0.0212457,2.67968,frontier,61440,fine,Ready Send,1000
8,4,MPIAdvance-CXI-Single-Buffering2,0.0261709,2.67932,frontier,61440,fine,Standard,1000
8,4,Cray-MPICH-CXI-GPU-Enabled,0.00990815,2.69986,frontier,61440,coarse,Standard,1000
8,8,MPIAdvance-CXI-Double-Buffering2,0.0677567,0.211013,frontier,16384,coarse,Ready Send,1000
8,8,MPIAdvance-CXI-Single-Buffering2,0.0346255,0.20988,frontier,16384,coarse,Standard,1000
8,8,MPIAdvance-CXI-Double-Buffering2,0.0330276,0.216757,frontier,16384,fine,Ready Send,1000
8,8,MPIAdvance-CXI-Single-Buffering2,0.034527,0.216079,frontier,16384,fine,Standard,1000
8,8,Cray-MPICH-CXI-GPU-Enabled,0.0146865,0.262043,frontier,16384,coarse,Standard,1000
8,8,MPIAdvance-CXI-Double-Buffering2,0.0312204,1.4177,frontier,61440,coarse,Ready Send,1000
8,8,MPIAdvance-CXI-Single-Buffering2,0.0370557,1.41594,frontier,61440,coarse,Standard,1000
8,8,MPIAdvance-CXI-Double-Buffering2,0.035003,1.41905,frontier,61440,fine,Ready Send,1000
8,8,MPIAdvance-CXI-Single-Buffering2,0.0362154,1.41832,frontier,61440,fine,Standard,1000
8,8,Cray-MPICH-CXI-GPU-Enabled,0.00766563,1.47194,frontier,61440,coarse,Standard,1000
16,1,MPIAdvance-CXI-Double-Buffering2,0.371744,0.49054,frontier,16384,coarse,Ready Send,1000
16,1,MPIAdvance-CXI-Single-Buffering2,0.0224583,0.490946,frontier,16384,coarse,Standard,1000
16,1,MPIAdvance-CXI-Double-Buffering2,0.0177078,0.496003,frontier,16384,fine,Ready Send,1000
16,1,MPIAdvance-CXI-Single-Buffering2,0.0217318,0.496306,frontier,16384,fine,Standard,1000
16,1,Cray-MPICH-CXI-GPU-Enabled,0.00679613,0.515409,frontier,16384,coarse,Standard,1000
16,1,MPIAdvance-CXI-Double-Buffering2,0.0184609,5.1782,frontier,61440,coarse,Ready Send,1000
16,1,MPIAdvance-CXI-Single-Buffering2,0.0230147,5.1788,frontier,61440,coarse,Standard,1000
16,1,MPIAdvance-CXI-Double-Buffering2,0.018143,5.18239,frontier,61440,fine,Ready Send,1000
16,1,MPIAdvance-CXI-Single-Buffering2,0.0215996,5.18202,frontier,61440,fine,Standard,1000
16,1,Cray-MPICH-CXI-GPU-Enabled,0.00778658,5.20879,frontier,61440,coarse,Standard,1000
16,2,MPIAdvance-CXI-Double-Buffering2,0.0631945,0.303842,frontier,16384,coarse,Ready Send,1000
16,2,MPIAdvance-CXI-Single-Buffering2,0.0247342,0.302885,frontier,16384,coarse,Standard,1000
16,2,MPIAdvance-CXI-Double-Buffering2,0.0206698,0.310151,frontier,16384,fine,Ready Send,1000
16,2,MPIAdvance-CXI-Single-Buffering2,0.0249553,0.309576,frontier,16384,fine,Standard,1000
16,2,Cray-MPICH-CXI-GPU-Enabled,0.00901063,0.342408,frontier,16384,coarse,Standard,1000
16,2,MPIAdvance-CXI-Double-Buffering2,0.0217118,2.67769,frontier,61440,coarse,Ready Send,1000
16,2,MPIAdvance-CXI-Single-Buffering2,0.0252063,2.6761,frontier,61440,coarse,Standard,1000
16,2,MPIAdvance-CXI-Double-Buffering2,0.0222694,2.68071,frontier,61440,fine,Ready Send,1000
16,2,MPIAdvance-CXI-Single-Buffering2,0.0251819,2.67968,frontier,61440,fine,Standard,1000
16,2,Cray-MPICH-CXI-GPU-Enabled,0.0102401,2.69572,frontier,61440,coarse,Standard,1000
16,4,MPIAdvance-CXI-Double-Buffering2,0.0660042,0.211081,frontier,16384,coarse,Ready Send,1000
16,4,MPIAdvance-CXI-Single-Buffering2,0.0290113,0.209855,frontier,16384,coarse,Standard,1000
16,4,MPIAdvance-CXI-Double-Buffering2,0.0228115,0.216975,frontier,16384,fine,Ready Send,1000
16,4,MPIAdvance-CXI-Single-Buffering2,0.0277693,0.216227,frontier,16384,fine,Standard,1000
16,4,Cray-MPICH-CXI-GPU-Enabled,0.0122809,0.257465,frontier,16384,coarse,Standard,1000
16,4,MPIAdvance-CXI-Double-Buffering2,0.0238479,1.41774,frontier,61440,coarse,Ready Send,1000
16,4,MPIAdvance-CXI-Single-Buffering2,0.0290686,1.41619,frontier,61440,coarse,Standard,1000
16,4,MPIAdvance-CXI-Double-Buffering2,0.0227773,1.41899,frontier,61440,fine,Ready Send,1000
16,4,MPIAdvance-CXI-Single-Buffering2,0.0305116,1.41782,frontier,61440,fine,Standard,1000
16,4,Cray-MPICH-CXI-GPU-Enabled,0.00960531,1.44919,frontier,61440,coarse,Standard,1000
16,8,MPIAdvance-CXI-Double-Buffering2,0.0730652,0.156203,frontier,16384,coarse,Ready Send,1000
16,8,MPIAdvance-CXI-Single-Buffering2,0.0428217,0.155031,frontier,16384,coarse,Standard,1000
16,8,MPIAdvance-CXI-Double-Buffering2,0.0355926,0.166479,frontier,16384,fine,Ready Send,1000
16,8,MPIAdvance-CXI-Single-Buffering2,0.0383258,0.165452,frontier,16384,fine,Standard,1000
16,8,Cray-MPICH-CXI-GPU-Enabled,0.0955865,0.215998,frontier,16384,coarse,Standard,1000
16,8,MPIAdvance-CXI-Double-Buffering2,0.0371533,0.773183,frontier,61440,coarse,Ready Send,1000
16,8,MPIAdvance-CXI-Single-Buffering2,0.0412107,0.772702,frontier,61440,coarse,Standard,1000
16,8,MPIAdvance-CXI-Double-Buffering2,0.0319295,0.777306,frontier,61440,fine,Ready Send,1000
16,8,MPIAdvance-CXI-Single-Buffering2,0.0356674,0.776964,frontier,61440,fine,Standard,1000
16,8,Cray-MPICH-CXI-GPU-Enabled,0.0163332,0.818905,frontier,61440,coarse,Standard,1000
32,1,MPIAdvance-CXI-Double-Buffering2,0.714295,0.301042,frontier,16384,coarse,Ready Send,1000
32,1,MPIAdvance-CXI-Single-Buffering2,0.0242571,0.301575,frontier,16384,coarse,Standard,1000
32,1,MPIAdvance-CXI-Double-Buffering2,0.0187355,0.307263,frontier,16384,fine,Ready Send,1000
32,1,MPIAdvance-CXI-Single-Buffering2,0.0221122,0.307977,frontier,16384,fine,Standard,1000
32,1,Cray-MPICH-CXI-GPU-Enabled,0.00952303,0.327009,frontier,16384,coarse,Standard,1000
32,1,MPIAdvance-CXI-Double-Buffering2,0.0199706,2.66503,frontier,61440,coarse,Ready Send,1000
32,1,MPIAdvance-CXI-Single-Buffering2,0.025075,2.66483,frontier,61440,coarse,Standard,1000
32,1,MPIAdvance-CXI-Double-Buffering2,0.0180731,2.6689,frontier,61440,fine,Ready Send,1000
32,1,MPIAdvance-CXI-Single-Buffering2,0.0239249,2.66853,frontier,61440,fine,Standard,1000
32,1,Cray-MPICH-CXI-GPU-Enabled,0.0104389,2.69329,frontier,61440,coarse,Standard,1000
32,2,MPIAdvance-CXI-Double-Buffering2,0.0629222,0.21143,frontier,16384,coarse,Ready Send,1000
32,2,MPIAdvance-CXI-Single-Buffering2,0.0246499,0.210155,frontier,16384,coarse,Standard,1000
32,2,MPIAdvance-CXI-Double-Buffering2,0.0219378,0.217213,frontier,16384,fine,Ready Send,1000
32,2,MPIAdvance-CXI-Single-Buffering2,0.0252055,0.216424,frontier,16384,fine,Standard,1000
32,2,Cray-MPICH-CXI-GPU-Enabled,0.0103485,0.249014,frontier,16384,coarse,Standard,1000
32,2,MPIAdvance-CXI-Double-Buffering2,0.0215437,1.4173,frontier,61440,coarse,Ready Send,1000
32,2,MPIAdvance-CXI-Single-Buffering2,0.0260016,1.417,frontier,61440,coarse,Standard,1000
32,2,MPIAdvance-CXI-Double-Buffering2,0.022053,1.41961,frontier,61440,fine,Ready Send,1000
32,2,MPIAdvance-CXI-Single-Buffering2,0.0261826,1.41892,frontier,61440,fine,Standard,1000
32,2,Cray-MPICH-CXI-GPU-Enabled,0.00995621,1.43944,frontier,61440,coarse,Standard,1000
32,4,MPIAdvance-CXI-Double-Buffering2,0.0601968,0.155968,frontier,16384,coarse,Ready Send,1000
32,4,MPIAdvance-CXI-Single-Buffering2,0.0312569,0.154919,frontier,16384,coarse,Standard,1000
32,4,MPIAdvance-CXI-Double-Buffering2,0.0221636,0.166587,frontier,16384,fine,Ready Send,1000
32,4,MPIAdvance-CXI-Single-Buffering2,0.0286546,0.165485,frontier,16384,fine,Standard,1000
32,4,Cray-MPICH-CXI-GPU-Enabled,0.0115403,0.204567,frontier,16384,coarse,Standard,1000
32,4,MPIAdvance-CXI-Double-Buffering2,0.0235695,0.772932,frontier,61440,coarse,Ready Send,1000
32,4,MPIAdvance-CXI-Single-Buffering2,0.0310721,0.772267,frontier,61440,coarse,Standard,1000
32,4,MPIAdvance-CXI-Double-Buffering2,0.024778,0.777256,frontier,61440,fine,Ready Send,1000
32,4,MPIAdvance-CXI-Single-Buffering2,0.0290258,0.776768,frontier,61440,fine,Standard,1000
32,4,Cray-MPICH-CXI-GPU-Enabled,0.0127538,0.809532,frontier,61440,coarse,Standard,1000
32,8,MPIAdvance-CXI-Double-Buffering2,0.0765484,0.132998,frontier,16384,coarse,Ready Send,1000
32,8,MPIAdvance-CXI-Single-Buffering2,0.0445305,0.136755,frontier,16384,coarse,Standard,1000
32,8,MPIAdvance-CXI-Double-Buffering2,0.0302384,0.140603,frontier,16384,fine,Ready Send,1000
32,8,MPIAdvance-CXI-Single-Buffering2,0.0465679,0.139872,frontier,16384,fine,Standard,1000
32,8,Cray-MPICH-CXI-GPU-Enabled,0.0195983,0.191307,frontier,16384,coarse,Standard,1000
32,8,MPIAdvance-CXI-Double-Buffering2,0.0372753,0.455609,frontier,61440,coarse,Ready Send,1000
32,8,MPIAdvance-CXI-Single-Buffering2,0.0373159,0.454779,frontier,61440,coarse,Standard,1000
32,8,MPIAdvance-CXI-Double-Buffering2,0.0404715,0.460068,frontier,61440,fine,Ready Send,1000
32,8,MPIAdvance-CXI-Single-Buffering2,0.0432357,0.45928,frontier,61440,fine,Standard,1000
32,8,Cray-MPICH-CXI-GPU-Enabled,0.0187311,0.510539,frontier,61440,coarse,Standard,1000
64,1,MPIAdvance-CXI-Double-Buffering2,0.252091,0.211308,frontier,16384,coarse,Ready Send,1000
64,1,MPIAdvance-CXI-Single-Buffering2,0.0381921,0.211675,frontier,16384,coarse,Standard,1000
64,1,MPIAdvance-CXI-Double-Buffering2,0.0215268,0.216414,frontier,16384,fine,Ready Send,1000
64,1,MPIAdvance-CXI-Single-Buffering2,0.0232676,0.217333,frontier,16384,fine,Standard,1000
64,1,Cray-MPICH-CXI-GPU-Enabled,0.00958103,0.234076,frontier,16384,coarse,Standard,1000
64,1,MPIAdvance-CXI-Double-Buffering2,0.0315051,1.41246,frontier,61440,coarse,Ready Send,1000
64,1,MPIAdvance-CXI-Single-Buffering2,0.0254475,1.4131,frontier,61440,coarse,Standard,1000
64,1,MPIAdvance-CXI-Double-Buffering2,0.0199767,1.4149,frontier,61440,fine,Ready Send,1000
64,1,MPIAdvance-CXI-Single-Buffering2,0.022957,1.41562,frontier,61440,fine,Standard,1000
64,1,Cray-MPICH-CXI-GPU-Enabled,0.010244,1.44356,frontier,61440,coarse,Standard,1000
64,2,MPIAdvance-CXI-Double-Buffering2,0.0660632,0.158198,frontier,16384,coarse,Ready Send,1000
64,2,MPIAdvance-CXI-Single-Buffering2,0.0277767,0.157776,frontier,16384,coarse,Standard,1000
64,2,MPIAdvance-CXI-Double-Buffering2,0.0221049,0.16861,frontier,16384,fine,Ready Send,1000
64,2,MPIAdvance-CXI-Single-Buffering2,0.0264664,0.167945,frontier,16384,fine,Standard,1000
64,2,Cray-MPICH-CXI-GPU-Enabled,0.00974172,0.19999,frontier,16384,coarse,Standard,1000
64,2,MPIAdvance-CXI-Double-Buffering2,0.0230925,0.774202,frontier,61440,coarse,Ready Send,1000
64,2,MPIAdvance-CXI-Single-Buffering2,0.0263987,0.773086,frontier,61440,coarse,Standard,1000
64,2,MPIAdvance-CXI-Double-Buffering2,0.020697,0.778116,frontier,61440,fine,Ready Send,1000
64,2,MPIAdvance-CXI-Single-Buffering2,0.025776,0.777701,frontier,61440,fine,Standard,1000
64,2,Cray-MPICH-CXI-GPU-Enabled,0.0103583,0.80299,frontier,61440,coarse,Standard,1000
64,4,MPIAdvance-CXI-Double-Buffering2,0.0659234,0.13452,frontier,16384,coarse,Ready Send,1000
64,4,MPIAdvance-CXI-Single-Buffering2,0.0282921,0.136082,frontier,16384,coarse,Standard,1000
64,4,MPIAdvance-CXI-Double-Buffering2,0.0260202,0.141865,frontier,16384,fine,Ready Send,1000
64,4,MPIAdvance-CXI-Single-Buffering2,0.0261482,0.141758,frontier,16384,fine,Standard,1000
64,4,Cray-MPICH-CXI-GPU-Enabled,0.0113663,0.189684,frontier,16384,coarse,Standard,1000
64,4,MPIAdvance-CXI-Double-Buffering2,0.0252696,0.45635,frontier,61440,coarse,Ready Send,1000
64,4,MPIAdvance-CXI-Single-Buffering2,0.0255332,0.455565,frontier,61440,coarse,Standard,1000
64,4,MPIAdvance-CXI-Double-Buffering2,0.0242766,0.461022,frontier,61440,fine,Ready Send,1000
64,4,MPIAdvance-CXI-Single-Buffering2,0.0297333,0.460323,frontier,61440,fine,Standard,1000
64,4,Cray-MPICH-CXI-GPU-Enabled,0.0125028,0.504369,frontier,61440,coarse,Standard,1000
64,8,MPIAdvance-CXI-Double-Buffering2,0.0762346,0.120352,frontier,16384,coarse,Ready Send,1000
64,8,MPIAdvance-CXI-Single-Buffering2,0.0382552,0.129738,frontier,16384,coarse,Standard,1000
64,8,MPIAdvance-CXI-Double-Buffering2,0.0333095,0.125709,frontier,16384,fine,Ready Send,1000
64,8,MPIAdvance-CXI-Single-Buffering2,0.0447749,0.1288,frontier,16384,fine,Standard,1000
64,8,Cray-MPICH-CXI-GPU-Enabled,0.0147637,0.163939,frontier,16384,coarse,Standard,1000
64,8,MPIAdvance-CXI-Double-Buffering2,0.0397291,0.289597,frontier,61440,coarse,Ready Send,1000
64,8,MPIAdvance-CXI-Single-Buffering2,0.0447354,0.288809,frontier,61440,coarse,Standard,1000
64,8,MPIAdvance-CXI-Double-Buffering2,0.0399902,0.292458,frontier,61440,fine,Ready Send,1000
64,8,MPIAdvance-CXI-Single-Buffering2,0.0374831,0.291574,frontier,61440,fine,Standard,1000
64,8,Cray-MPICH-CXI-GPU-Enabled,5.56954,0.345728,frontier,61440,coarse,Standard,1000
128,1,MPIAdvance-CXI-Double-Buffering2,0.668859,0.155727,frontier,16384,coarse,Ready Send,1000
128,1,MPIAdvance-CXI-Single-Buffering2,0.0512489,0.157197,frontier,16384,coarse,Standard,1000
128,1,MPIAdvance-CXI-Double-Buffering2,0.0368821,0.16629,frontier,16384,fine,Ready Send,1000
128,1,MPIAdvance-CXI-Single-Buffering2,0.0353266,0.167457,frontier,16384,fine,Standard,1000
128,1,Cray-MPICH-CXI-GPU-Enabled,0.00994003,0.182019,frontier,16384,coarse,Standard,1000
128,1,MPIAdvance-CXI-Double-Buffering2,0.0221778,0.768887,frontier,61440,coarse,Ready Send,1000
128,1,MPIAdvance-CXI-Single-Buffering2,0.0300855,0.769453,frontier,61440,coarse,Standard,1000
128,1,MPIAdvance-CXI-Double-Buffering2,0.0317353,0.773488,frontier,61440,fine,Ready Send,1000
128,1,MPIAdvance-CXI-Single-Buffering2,0.0255406,0.774213,frontier,61440,fine,Standard,1000
128,1,Cray-MPICH-CXI-GPU-Enabled,0.0101535,0.798826,frontier,61440,coarse,Standard,1000
128,2,MPIAdvance-CXI-Double-Buffering2,0.0686022,0.134735,frontier,16384,coarse,Ready Send,1000
128,2,MPIAdvance-CXI-Single-Buffering2,0.0280749,0.134523,frontier,16384,coarse,Standard,1000
128,2,MPIAdvance-CXI-Double-Buffering2,0.0436092,0.14212,frontier,16384,fine,Ready Send,1000
128,2,MPIAdvance-CXI-Single-Buffering2,0.035747,0.141852,frontier,16384,fine,Standard,1000
128,2,Cray-MPICH-CXI-GPU-Enabled,0.0641237,0.177134,frontier,16384,coarse,Standard,1000
128,2,MPIAdvance-CXI-Double-Buffering2,0.0245161,0.456566,frontier,61440,coarse,Ready Send,1000
128,2,MPIAdvance-CXI-Single-Buffering2,0.0493744,0.455607,frontier,61440,coarse,Standard,1000
128,2,MPIAdvance-CXI-Double-Buffering2,0.0246014,0.461404,frontier,61440,fine,Ready Send,1000
128,2,MPIAdvance-CXI-Single-Buffering2,0.0343212,0.460572,frontier,61440,fine,Standard,1000
128,2,Cray-MPICH-CXI-GPU-Enabled,0.0125576,0.491691,frontier,61440,coarse,Standard,1000
128,4,MPIAdvance-CXI-Double-Buffering2,0.0640283,0.118707,frontier,16384,coarse,Ready Send,1000
128,4,MPIAdvance-CXI-Single-Buffering2,0.0650129,0.124713,frontier,16384,coarse,Standard,1000
128,4,MPIAdvance-CXI-Double-Buffering2,0.0278544,0.125172,frontier,16384,fine,Ready Send,1000
128,4,MPIAdvance-CXI-Single-Buffering2,0.0313987,0.129668,frontier,16384,fine,Standard,1000
128,4,Cray-MPICH-CXI-GPU-Enabled,0.0122741,0.169625,frontier,16384,coarse,Standard,1000
128,4,MPIAdvance-CXI-Double-Buffering2,0.0613689,0.289718,frontier,61440,coarse,Ready Send,1000
128,4,MPIAdvance-CXI-Single-Buffering2,0.0959335,0.288976,frontier,61440,coarse,Standard,1000
128,4,MPIAdvance-CXI-Double-Buffering2,0.0277266,0.292732,frontier,61440,fine,Ready Send,1000
128,4,MPIAdvance-CXI-Single-Buffering2,0.144634,0.291829,frontier,61440,fine,Standard,1000
128,4,Cray-MPICH-CXI-GPU-Enabled,0.0150123,0.33309,frontier,61440,coarse,Standard,1000
128,8,MPIAdvance-CXI-Double-Buffering2,0.171529,0.11671,frontier,16384,coarse,Ready Send,1000
128,8,MPIAdvance-CXI-Single-Buffering2,0.0464464,0.12363,frontier,16384,coarse,Standard,1000
128,8,MPIAdvance-CXI-Double-Buffering2,0.0783788,0.114032,frontier,16384,fine,Ready Send,1000
128,8,MPIAdvance-CXI-Single-Buffering2,0.162907,0.121149,frontier,16384,fine,Standard,1000
128,8,Cray-MPICH-CXI-GPU-Enabled,0.0509639,0.140169,frontier,16384,coarse,Standard,1000
128,8,MPIAdvance-CXI-Double-Buffering2,0.162224,0.207597,frontier,61440,coarse,Ready Send,1000
128,8,MPIAdvance-CXI-Single-Buffering2,0.116344,0.206479,frontier,61440,coarse,Standard,1000
128,8,MPIAdvance-CXI-Double-Buffering2,0.1987,0.211148,frontier,61440,fine,Ready Send,1000
128,8,MPIAdvance-CXI-Single-Buffering2,0.0483839,0.210424,frontier,61440,fine,Standard,1000
128,8,Cray-MPICH-CXI-GPU-Enabled,0.0195292,0.267682,frontier,61440,coarse,Standard,1000
256,1,MPIAdvance-CXI-Double-Buffering2,0.256301,0.133019,frontier,16384,coarse,Ready Send,1000
256,1,MPIAdvance-CXI-Single-Buffering2,0.0243257,0.1345,frontier,16384,coarse,Standard,1000
256,1,MPIAdvance-CXI-Double-Buffering2,0.0214083,0.140393,frontier,16384,fine,Ready Send,1000
256,1,MPIAdvance-CXI-Single-Buffering2,0.0257474,0.141948,frontier,16384,fine,Standard,1000
256,1,Cray-MPICH-CXI-GPU-Enabled,0.0100319,0.157529,frontier,16384,coarse,Standard,1000
256,1,MPIAdvance-CXI-Double-Buffering2,0.0244074,0.453473,frontier,61440,coarse,Ready Send,1000
256,1,MPIAdvance-CXI-Single-Buffering2,0.0384902,0.454225,frontier,61440,coarse,Standard,1000
256,1,MPIAdvance-CXI-Double-Buffering2,0.0302875,0.458216,frontier,61440,fine,Ready Send,1000
256,1,MPIAdvance-CXI-Single-Buffering2,0.0318452,0.459073,frontier,61440,fine,Standard,1000
256,1,Cray-MPICH-CXI-GPU-Enabled,0.0372916,0.485586,frontier,61440,coarse,Standard,1000
256,2,MPIAdvance-CXI-Double-Buffering2,0.0881312,0.116859,frontier,16384,coarse,Ready Send,1000
256,2,MPIAdvance-CXI-Single-Buffering2,0.0501951,0.123668,frontier,16384,coarse,Standard,1000
256,2,MPIAdvance-CXI-Double-Buffering2,0.0354406,0.125373,frontier,16384,fine,Ready Send,1000
256,2,MPIAdvance-CXI-Single-Buffering2,0.0254491,0.127617,frontier,16384,fine,Standard,1000
256,2,Cray-MPICH-CXI-GPU-Enabled,0.0180496,0.161523,frontier,16384,coarse,Standard,1000
256,2,MPIAdvance-CXI-Double-Buffering2,0.0235623,0.29012,frontier,61440,coarse,Ready Send,1000
256,2,MPIAdvance-CXI-Single-Buffering2,0.0376268,0.28939,frontier,61440,coarse,Standard,1000
256,2,MPIAdvance-CXI-Double-Buffering2,0.037876,0.29317,frontier,61440,fine,Ready Send,1000
256,2,MPIAdvance-CXI-Single-Buffering2,0.03966,0.292152,frontier,61440,fine,Standard,1000
256,2,Cray-MPICH-CXI-GPU-Enabled,0.0119637,0.326366,frontier,61440,coarse,Standard,1000
256,4,MPIAdvance-CXI-Double-Buffering2,0.0648738,0.113441,frontier,16384,coarse,Ready Send,1000
256,4,MPIAdvance-CXI-Single-Buffering2,0.0476983,0.119986,frontier,16384,coarse,Standard,1000
256,4,MPIAdvance-CXI-Double-Buffering2,0.0439249,0.109741,frontier,16384,fine,Ready Send,1000
256,4,MPIAdvance-CXI-Single-Buffering2,0.027786,0.117864,frontier,16384,fine,Standard,1000
256,4,Cray-MPICH-CXI-GPU-Enabled,0.0377569,0.137754,frontier,16384,coarse,Standard,1000
256,4,MPIAdvance-CXI-Double-Buffering2,0.052987,0.20785,frontier,61440,coarse,Ready Send,1000
256,4,MPIAdvance-CXI-Single-Buffering2,0.0348737,0.206815,frontier,61440,coarse,Standard,1000
256,4,MPIAdvance-CXI-Double-Buffering2,0.046481,0.211518,frontier,61440,fine,Ready Send,1000
256,4,MPIAdvance-CXI-Single-Buffering2,0.0356582,0.210766,frontier,61440,fine,Standard,1000
256,4,Cray-MPICH-CXI-GPU-Enabled,0.029807,0.257459,frontier,61440,coarse,Standard,1000
256,8,MPIAdvance-CXI-Double-Buffering2,0.345861,0.11646,frontier,16384,coarse,Ready Send,1000
256,8,MPIAdvance-CXI-Single-Buffering2,0.0415255,0.122507,frontier,16384,coarse,Standard,1000
256,8,MPIAdvance-CXI-Double-Buffering2,0.0755687,0.114466,frontier,16384,fine,Ready Send,1000
256,8,MPIAdvance-CXI-Single-Buffering2,0.0854012,0.12317,frontier,16384,fine,Standard,1000
256,8,Cray-MPICH-CXI-GPU-Enabled,0.140902,0.135804,frontier,16384,coarse,Standard,1000
256,8,MPIAdvance-CXI-Double-Buffering2,0.222176,0.151243,frontier,61440,coarse,Ready Send,1000
256,8,MPIAdvance-CXI-Single-Buffering2,0.122509,0.150951,frontier,61440,coarse,Standard,1000
256,8,MPIAdvance-CXI-Double-Buffering2,0.0471935,0.159922,frontier,61440,fine,Ready Send,1000
256,8,MPIAdvance-CXI-Single-Buffering2,0.292172,0.159381,frontier,61440,fine,Standard,1000
256,8,Cray-MPICH-CXI-GPU-Enabled,0.0250768,0.220521,frontier,61440,coarse,Standard,1000
512,1,MPIAdvance-CXI-Double-Buffering2,0.447208,0.115295,frontier,16384,coarse,Ready Send,1000
512,1,MPIAdvance-CXI-Single-Buffering2,0.0253098,0.123053,frontier,16384,coarse,Standard,1000
512,1,MPIAdvance-CXI-Double-Buffering2,0.0234022,0.125066,frontier,16384,fine,Ready Send,1000
512,1,MPIAdvance-CXI-Single-Buffering2,0.0308698,0.126625,frontier,16384,fine,Standard,1000
512,1,Cray-MPICH-CXI-GPU-Enabled,0.0116415,0.143457,frontier,16384,coarse,Standard,1000
512,1,MPIAdvance-CXI-Double-Buffering2,0.0250399,0.287565,frontier,61440,coarse,Ready Send,1000
512,1,MPIAdvance-CXI-Single-Buffering2,0.0288184,0.288224,frontier,61440,coarse,Standard,1000
512,1,MPIAdvance-CXI-Double-Buffering2,0.0222178,0.290856,frontier,61440,fine,Ready Send,1000
512,1,MPIAdvance-CXI-Single-Buffering2,0.0511465,0.291341,frontier,61440,fine,Standard,1000
512,1,Cray-MPICH-CXI-GPU-Enabled,0.0443439,0.317621,frontier,61440,coarse,Standard,1000
512,2,MPIAdvance-CXI-Double-Buffering2,0.15344,0.111867,frontier,16384,coarse,Ready Send,1000
512,2,MPIAdvance-CXI-Single-Buffering2,0.0444174,0.118815,frontier,16384,coarse,Standard,1000
512,2,MPIAdvance-CXI-Double-Buffering2,0.0375411,0.108813,frontier,16384,fine,Ready Send,1000
512,2,MPIAdvance-CXI-Single-Buffering2,0.046736,0.117379,frontier,16384,fine,Standard,1000
512,2,Cray-MPICH-CXI-GPU-Enabled,0.0430501,0.129013,frontier,16384,coarse,Standard,1000
512,2,MPIAdvance-CXI-Double-Buffering2,0.0354091,0.208159,frontier,61440,coarse,Ready Send,1000
512,2,MPIAdvance-CXI-Single-Buffering2,0.0346663,0.20692,frontier,61440,coarse,Standard,1000
512,2,MPIAdvance-CXI-Double-Buffering2,0.168875,0.211712,frontier,61440,fine,Ready Send,1000
512,2,MPIAdvance-CXI-Single-Buffering2,0.0348987,0.210736,frontier,61440,fine,Standard,1000
512,2,Cray-MPICH-CXI-GPU-Enabled,0.0199654,0.244803,frontier,61440,coarse,Standard,1000
512,4,MPIAdvance-CXI-Double-Buffering2,0.0917681,0.113573,frontier,16384,coarse,Ready Send,1000
512,4,MPIAdvance-CXI-Single-Buffering2,0.0495284,0.119928,frontier,16384,coarse,Standard,1000
512,4,MPIAdvance-CXI-Double-Buffering2,0.109477,0.112055,frontier,16384,fine,Ready Send,1000
512,4,MPIAdvance-CXI-Single-Buffering2,0.0566966,0.117759,frontier,16384,fine,Standard,1000
512,4,Cray-MPICH-CXI-GPU-Enabled,0.034818,0.131757,frontier,16384,coarse,Standard,1000
512,4,MPIAdvance-CXI-Double-Buffering2,0.0585954,0.151193,frontier,61440,coarse,Ready Send,1000
512,4,MPIAdvance-CXI-Single-Buffering2,0.048732,0.150837,frontier,61440,coarse,Standard,1000
512,4,MPIAdvance-CXI-Double-Buffering2,0.0453875,0.159891,frontier,61440,fine,Ready Send,1000
512,4,MPIAdvance-CXI-Single-Buffering2,0.0635241,0.159378,frontier,61440,fine,Standard,1000
512,4,Cray-MPICH-CXI-GPU-Enabled,0.0327189,0.211453,frontier,61440,coarse,Standard,1000
512,8,MPIAdvance-CXI-Double-Buffering2,0.0880726,0.116434,frontier,16384,coarse,Ready Send,1000
512,8,MPIAdvance-CXI-Single-Buffering2,0.111134,0.123765,frontier,16384,coarse,Standard,1000
512,8,MPIAdvance-CXI-Double-Buffering2,0.111718,0.115131,frontier,16384,fine,Ready Send,1000
512,8,MPIAdvance-CXI-Single-Buffering2,0.125679,0.122071,frontier,16384,fine,Standard,1000
512,8,Cray-MPICH-CXI-GPU-Enabled,0.0719371,0.128212,frontier,16384,coarse,Standard,1000
512,8,MPIAdvance-CXI-Double-Buffering2,0.115411,0.130865,frontier,61440,coarse,Ready Send,1000
512,8,MPIAdvance-CXI-Single-Buffering2,0.107112,0.133841,frontier,61440,coarse,Standard,1000
512,8,MPIAdvance-CXI-Double-Buffering2,0.0927762,0.136001,frontier,61440,fine,Ready Send,1000
512,8,MPIAdvance-CXI-Single-Buffering2,0.0960253,0.136119,frontier,61440,fine,Standard,1000
512,8,Cray-MPICH-CXI-GPU-Enabled,0.13137,0.199203,frontier,61440,coarse,Standard,1000
1024,1,MPIAdvance-CXI-Double-Buffering2,0.928353,0.10862,frontier,16384,coarse,Ready Send,1000
1024,1,MPIAdvance-CXI-Single-Buffering2,0.02816,0.116431,frontier,16384,coarse,Standard,1000
1024,1,MPIAdvance-CXI-Double-Buffering2,0.0366974,0.105901,frontier,16384,fine,Ready Send,1000
1024,1,MPIAdvance-CXI-Single-Buffering2,0.0302157,0.114781,frontier,16384,fine,Standard,1000
1024,1,Cray-MPICH-CXI-GPU-Enabled,0.0139555,0.123276,frontier,16384,coarse,Standard,1000
1024,1,MPIAdvance-CXI-Double-Buffering2,0.0306282,0.206841,frontier,61440,coarse,Ready Send,1000
1024,1,MPIAdvance-CXI-Single-Buffering2,0.0324396,0.207085,frontier,61440,coarse,Standard,1000
1024,1,MPIAdvance-CXI-Double-Buffering2,0.0302676,0.210352,frontier,61440,fine,Ready Send,1000
1024,1,MPIAdvance-CXI-Single-Buffering2,0.0338063,0.210595,frontier,61440,fine,Standard,1000
1024,1,Cray-MPICH-CXI-GPU-Enabled,0.0149378,0.229927,frontier,61440,coarse,Standard,1000
1024,2,MPIAdvance-CXI-Double-Buffering2,0.0688736,0.110394,frontier,16384,coarse,Ready Send,1000
1024,2,MPIAdvance-CXI-Single-Buffering2,0.0551061,0.117869,frontier,16384,coarse,Standard,1000
1024,2,MPIAdvance-CXI-Double-Buffering2,0.0533858,0.10909,frontier,16384,fine,Ready Send,1000
1024,2,MPIAdvance-CXI-Single-Buffering2,0.0564766,0.115798,frontier,16384,fine,Standard,1000
1024,2,Cray-MPICH-CXI-GPU-Enabled,0.0326547,0.127404,frontier,16384,coarse,Standard,1000
1024,2,MPIAdvance-CXI-Double-Buffering2,0.0526427,0.151576,frontier,61440,coarse,Ready Send,1000
1024,2,MPIAdvance-CXI-Single-Buffering2,0.059669,0.154093,frontier,61440,coarse,Standard,1000
1024,2,MPIAdvance-CXI-Double-Buffering2,0.0535784,0.160303,frontier,61440,fine,Ready Send,1000
1024,2,MPIAdvance-CXI-Single-Buffering2,0.0551637,0.159737,frontier,61440,fine,Standard,1000
1024,2,Cray-MPICH-CXI-GPU-Enabled,0.0367176,0.19081,frontier,61440,coarse,Standard,1000
1,1,MPIAdvance-CXI-Double-Buffering2,0.0524413,6.17579,frontier,16384,coarse,Ready Send,1000
1,1,MPIAdvance-CXI-Single-Buffering2,0.0229554,6.34128,frontier,16384,coarse,Standard,1000
1,1,MPIAdvance-CXI-Double-Buffering2,0.0192438,6.17809,frontier,16384,fine,Ready Send,1000
1,1,MPIAdvance-CXI-Single-Buffering2,0.0220697,6.34221,frontier,16384,fine,Standard,1000
1,1,Cray-MPICH-CXI-GPU-Enabled,0.00638943,6.00757,frontier,16384,coarse,Standard,1000
1,1,MPIAdvance-CXI-Double-Buffering2,0.0238607,90.9584,frontier,61440,coarse,Ready Send,1000
1,1,MPIAdvance-CXI-Single-Buffering2,1.57166,91.1301,frontier,61440,coarse,Standard,1000
1,1,MPIAdvance-CXI-Double-Buffering2,0.850944,91.0148,frontier,61440,fine,Ready Send,1000
1,1,MPIAdvance-CXI-Single-Buffering2,1.5154,91.1808,frontier,61440,fine,Standard,1000
1,1,Cray-MPICH-CXI-GPU-Enabled,0.00808717,91.2831,frontier,61440,coarse,Standard,1000
1,2,MPIAdvance-CXI-Double-Buffering2,0.0698193,3.00893,frontier,16384,coarse,Ready Send,1000
1,2,MPIAdvance-CXI-Single-Buffering2,0.0316853,3.00918,frontier,16384,coarse,Standard,1000
1,2,MPIAdvance-CXI-Double-Buffering2,0.0276852,3.01124,frontier,16384,fine,Ready Send,1000
1,2,MPIAdvance-CXI-Single-Buffering2,0.0312731,3.01168,frontier,16384,fine,Standard,1000
1,2,Cray-MPICH-CXI-GPU-Enabled,0.00676227,3.0907,frontier,16384,coarse,Standard,1000
1,2,MPIAdvance-CXI-Double-Buffering2,0.0375385,43.8928,frontier,61440,coarse,Ready Send,1000
1,2,MPIAdvance-CXI-Single-Buffering2,0.0499628,44.3222,frontier,61440,coarse,Standard,1000
1,2,MPIAdvance-CXI-Double-Buffering2,0.0468286,44.2029,frontier,61440,fine,Ready Send,1000
1,2,MPIAdvance-CXI-Single-Buffering2,0.0513303,44.1071,frontier,61440,fine,Standard,1000
1,2,Cray-MPICH-CXI-GPU-Enabled,0.00866523,44.3059,frontier,61440,coarse,Standard,1000
1,4,MPIAdvance-CXI-Double-Buffering2,0.0560197,1.58205,frontier,16384,coarse,Ready Send,1000
1,4,MPIAdvance-CXI-Single-Buffering2,0.0616437,1.58112,frontier,16384,coarse,Standard,1000
1,4,MPIAdvance-CXI-Double-Buffering2,0.0467768,1.58585,frontier,16384,fine,Ready Send,1000
1,4,MPIAdvance-CXI-Single-Buffering2,0.0528896,1.58576,frontier,16384,fine,Standard,1000
1,4,Cray-MPICH-CXI-GPU-Enabled,0.00656091,1.62916,frontier,16384,coarse,Standard,1000
1,4,MPIAdvance-CXI-Double-Buffering2,0.0463773,22.2963,frontier,61440,coarse,Ready Send,1000
1,4,MPIAdvance-CXI-Single-Buffering2,0.0586113,22.4741,frontier,61440,coarse,Standard,1000
1,4,MPIAdvance-CXI-Double-Buffering2,0.0444143,22.3301,frontier,61440,fine,Ready Send,1000
1,4,MPIAdvance-CXI-Single-Buffering2,0.0574521,22.46,frontier,61440,fine,Standard,1000
1,4,Cray-MPICH-CXI-GPU-Enabled,0.00828762,22.3216,frontier,61440,coarse,Standard,1000
1,8,MPIAdvance-CXI-Double-Buffering2,0.122777,0.85569,frontier,16384,coarse,Ready Send,1000
1,8,MPIAdvance-CXI-Single-Buffering2,0.0940195,0.854716,frontier,16384,coarse,Standard,1000
1,8,MPIAdvance-CXI-Double-Buffering2,0.107078,0.861391,frontier,16384,fine,Ready Send,1000
1,8,MPIAdvance-CXI-Single-Buffering2,0.0919564,0.860704,frontier,16384,fine,Standard,1000
1,8,Cray-MPICH-CXI-GPU-Enabled,0.0116301,0.900141,frontier,16384,coarse,Standard,1000
1,8,MPIAdvance-CXI-Double-Buffering2,0.0882842,10.5874,frontier,61440,coarse,Ready Send,1000
1,8,MPIAdvance-CXI-Single-Buffering2,0.0946517,10.5713,frontier,61440,coarse,Standard,1000
1,8,MPIAdvance-CXI-Double-Buffering2,0.079179,10.5746,frontier,61440,fine,Ready Send,1000
1,8,MPIAdvance-CXI-Single-Buffering2,0.0953979,10.5664,frontier,61440,fine,Standard,1000
1,8,Cray-MPICH-CXI-GPU-Enabled,0.0106396,10.4974,frontier,61440,coarse,Standard,1000
2,1,MPIAdvance-CXI-Double-Buffering2,0.0297711,3.00426,frontier,16384,coarse,Ready Send,1000
2,1,MPIAdvance-CXI-Single-Buffering2,0.0213444,3.00452,frontier,16384,coarse,Standard,1000
2,1,MPIAdvance-CXI-Double-Buffering2,0.0206951,3.00936,frontier,16384,fine,Ready Send,1000
2,1,MPIAdvance-CXI-Single-Buffering2,0.0223247,3.00909,frontier,16384,fine,Standard,1000
2,1,Cray-MPICH-CXI-GPU-Enabled,0.010183,3.07854,frontier,16384,coarse,Standard,1000
2,1,MPIAdvance-CXI-Double-Buffering2,0.0233744,44.164,frontier,61440,coarse,Ready Send,1000
2,1,MPIAdvance-CXI-Single-Buffering2,0.0241444,44.371,frontier,61440,coarse,Standard,1000
2,1,MPIAdvance-CXI-Double-Buffering2,0.0273493,44.3379,frontier,61440,fine,Ready Send,1000
2,1,MPIAdvance-CXI-Single-Buffering2,0.0535904,44.2741,frontier,61440,fine,Standard,1000
2,1,Cray-MPICH-CXI-GPU-Enabled,0.021798,44.5207,frontier,61440,coarse,Standard,1000
2,2,MPIAdvance-CXI-Double-Buffering2,0.0659345,1.58194,frontier,16384,coarse,Ready Send,1000
2,2,MPIAdvance-CXI-Single-Buffering2,0.0257751,1.58038,frontier,16384,coarse,Standard,1000
2,2,MPIAdvance-CXI-Double-Buffering2,0.0228151,1.5851,frontier,16384,fine,Ready Send,1000
2,2,MPIAdvance-CXI-Single-Buffering2,0.0246561,1.58469,frontier,16384,fine,Standard,1000
2,2,Cray-MPICH-CXI-GPU-Enabled,0.0100225,1.61712,frontier,16384,coarse,Standard,1000
2,2,MPIAdvance-CXI-Double-Buffering2,0.0232494,22.4511,frontier,61440,coarse,Ready Send,1000
2,2,MPIAdvance-CXI-Single-Buffering2,0.0279432,22.5939,frontier,61440,coarse,Standard,1000
2,2,MPIAdvance-CXI-Double-Buffering2,0.021667,22.476,frontier,61440,fine,Ready Send,1000
2,2,MPIAdvance-CXI-Single-Buffering2,0.0232064,22.5955,frontier,61440,fine,Standard,1000
2,2,Cray-MPICH-CXI-GPU-Enabled,0.764471,22.422,frontier,61440,coarse,Standard,1000
2,4,MPIAdvance-CXI-Double-Buffering2,0.121632,0.852656,frontier,16384,coarse,Ready Send,1000
2,4,MPIAdvance-CXI-Single-Buffering2,0.0362266,0.852019,frontier,16384,coarse,Standard,1000
2,4,MPIAdvance-CXI-Double-Buffering2,0.0211827,0.859035,frontier,16384,fine,Ready Send,1000
2,4,MPIAdvance-CXI-Single-Buffering2,0.0254947,0.858892,frontier,16384,fine,Standard,1000
2,4,Cray-MPICH-CXI-GPU-Enabled,0.0105419,0.884185,frontier,16384,coarse,Standard,1000
2,4,MPIAdvance-CXI-Double-Buffering2,0.0261719,10.5895,frontier,61440,coarse,Ready Send,1000
2,4,MPIAdvance-CXI-Single-Buffering2,0.0262012,10.6394,frontier,61440,coarse,Standard,1000
2,4,MPIAdvance-CXI-Double-Buffering2,0.0244027,10.7391,frontier,61440,fine,Ready Send,1000
2,4,MPIAdvance-CXI-Single-Buffering2,0.0293083,10.6465,frontier,61440,fine,Standard,1000
2,4,Cray-MPICH-CXI-GPU-Enabled,0.0136091,10.3694,frontier,61440,coarse,Standard,1000
2,8,MPIAdvance-CXI-Double-Buffering2,0.0681709,0.493246,frontier,16384,coarse,Ready Send,1000
2,8,MPIAdvance-CXI-Single-Buffering2,0.0309936,0.492736,frontier,16384,coarse,Standard,1000
2,8,MPIAdvance-CXI-Double-Buffering2,0.0305387,0.499122,frontier,16384,fine,Ready Send,1000
2,8,MPIAdvance-CXI-Single-Buffering2,0.0343616,0.498368,frontier,16384,fine,Standard,1000
2,8,Cray-MPICH-CXI-GPU-Enabled,0.0184243,0.542651,frontier,16384,coarse,Standard,1000
2,8,MPIAdvance-CXI-Double-Buffering2,0.0310206,5.1816,frontier,61440,coarse,Ready Send,1000
2,8,MPIAdvance-CXI-Single-Buffering2,0.0298198,5.18118,frontier,61440,coarse,Standard,1000
2,8,MPIAdvance-CXI-Double-Buffering2,0.0271943,5.18479,frontier,61440,fine,Ready Send,1000
2,8,MPIAdvance-CXI-Single-Buffering2,0.0342937,5.18449,frontier,61440,fine,Standard,1000
2,8,Cray-MPICH-CXI-GPU-Enabled,0.0165803,5.29496,frontier,61440,coarse,Standard,1000
4,1,MPIAdvance-CXI-Double-Buffering2,0.217625,1.57798,frontier,16384,coarse,Ready Send,1000
4,1,MPIAdvance-CXI-Single-Buffering2,0.0196202,1.57801,frontier,16384,coarse,Standard,1000
4,1,MPIAdvance-CXI-Double-Buffering2,0.0158854,1.58093,frontier,16384,fine,Ready Send,1000
4,1,MPIAdvance-CXI-Single-Buffering2,0.0208099,1.58122,frontier,16384,fine,Standard,1000
4,1,Cray-MPICH-CXI-GPU-Enabled,0.117085,1.60073,frontier,16384,coarse,Standard,1000
4,1,MPIAdvance-CXI-Double-Buffering2,0.0231986,22.4613,frontier,61440,coarse,Ready Send,1000
4,1,MPIAdvance-CXI-Single-Buffering2,0.0211049,22.6574,frontier,61440,coarse,Standard,1000
4,1,MPIAdvance-CXI-Double-Buffering2,0.0172817,22.4474,frontier,61440,fine,Ready Send,1000
4,1,MPIAdvance-CXI-Single-Buffering2,0.0262318,22.6434,frontier,61440,fine,Standard,1000
4,1,Cray-MPICH-CXI-GPU-Enabled,0.00758381,22.5602,frontier,61440,coarse,Standard,1000
4,2,MPIAdvance-CXI-Double-Buffering2,0.0652031,0.854664,frontier,16384,coarse,Ready Send,1000
4,2,MPIAdvance-CXI-Single-Buffering2,0.0223975,0.854094,frontier,16384,coarse,Standard,1000
4,2,MPIAdvance-CXI-Double-Buffering2,0.0203193,0.861121,frontier,16384,fine,Ready Send,1000
4,2,MPIAdvance-CXI-Single-Buffering2,0.0241645,0.860527,frontier,16384,fine,Standard,1000
4,2,Cray-MPICH-CXI-GPU-Enabled,0.00838293,0.887734,frontier,16384,coarse,Standard,1000
4,2,MPIAdvance-CXI-Double-Buffering2,0.0211812,10.6428,frontier,61440,coarse,Ready Send,1000
4,2,MPIAdvance-CXI-Single-Buffering2,0.0264953,10.5602,frontier,61440,coarse,Standard,1000
4,2,MPIAdvance-CXI-Double-Buffering2,0.0206721,10.6719,frontier,61440,fine,Ready Send,1000
4,2,MPIAdvance-CXI-Single-Buffering2,0.0228822,10.5637,frontier,61440,fine,Standard,1000
4,2,Cray-MPICH-CXI-GPU-Enabled,0.011228,10.4045,frontier,61440,coarse,Standard,1000
4,4,MPIAdvance-CXI-Double-Buffering2,0.0605337,0.494408,frontier,16384,coarse,Ready Send,1000
4,4,MPIAdvance-CXI-Single-Buffering2,0.0237064,0.493774,frontier,16384,coarse,Standard,1000
4,4,MPIAdvance-CXI-Double-Buffering2,0.0221738,0.499973,frontier,16384,fine,Ready Send,1000
4,4,MPIAdvance-CXI-Single-Buffering2,0.0272477,0.499223,frontier,16384,fine,Standard,1000
4,4,Cray-MPICH-CXI-GPU-Enabled,0.00966393,0.539064,frontier,16384,coarse,Standard,1000
4,4,MPIAdvance-CXI-Double-Buffering2,0.0229418,5.1776,frontier,61440,coarse,Ready Send,1000
4,4,MPIAdvance-CXI-Single-Buffering2,0.0272786,5.17903,frontier,61440,coarse,Standard,1000
4,4,MPIAdvance-CXI-Double-Buffering2,0.0224794,5.18413,frontier,61440,fine,Ready Send,1000
4,4,MPIAdvance-CXI-Single-Buffering2,0.026696,5.18422,frontier,61440,fine,Standard,1000
4,4,Cray-MPICH-CXI-GPU-Enabled,0.00886508,5.35064,frontier,61440,coarse,Standard,1000
4,8,MPIAdvance-CXI-Double-Buffering2,0.0711455,0.30328,frontier,16384,coarse,Ready Send,1000
4,8,MPIAdvance-CXI-Single-Buffering2,0.0334937,0.302479,frontier,16384,coarse,Standard,1000
4,8,MPIAdvance-CXI-Double-Buffering2,0.0251157,0.309921,frontier,16384,fine,Ready Send,1000
4,8,MPIAdvance-CXI-Single-Buffering2,0.0366648,0.309266,frontier,16384,fine,Standard,1000
4,8,Cray-MPICH-CXI-GPU-Enabled,0.0149504,0.352603,frontier,16384,coarse,Standard,1000
4,8,MPIAdvance-CXI-Double-Buffering2,0.0241832,2.66902,frontier,61440,coarse,Ready Send,1000
4,8,MPIAdvance-CXI-Single-Buffering2,0.03745,2.66784,frontier,61440,coarse,Standard,1000
4,8,MPIAdvance-CXI-Double-Buffering2,0.0333099,2.67335,frontier,61440,fine,Ready Send,1000
4,8,MPIAdvance-CXI-Single-Buffering2,0.0358525,2.67275,frontier,61440,fine,Standard,1000
4,8,Cray-MPICH-CXI-GPU-Enabled,0.0131808,2.7011,frontier,61440,coarse,Standard,1000
8,1,MPIAdvance-CXI-Double-Buffering2,0.210809,0.850546,frontier,16384,coarse,Ready Send,1000
8,1,MPIAdvance-CXI-Single-Buffering2,0.0196448,0.850854,frontier,16384,coarse,Standard,1000
8,1,MPIAdvance-CXI-Double-Buffering2,0.0161782,0.854991,frontier,16384,fine,Ready Send,1000
8,1,MPIAdvance-CXI-Single-Buffering2,0.0212753,0.855272,frontier,16384,fine,Standard,1000
8,1,Cray-MPICH-CXI-GPU-Enabled,0.00574938,0.87378,frontier,16384,coarse,Standard,1000
8,1,MPIAdvance-CXI-Double-Buffering2,0.0175604,10.5713,frontier,61440,coarse,Ready Send,1000
8,1,MPIAdvance-CXI-Single-Buffering2,0.0213212,10.8538,frontier,61440,coarse,Standard,1000
8,1,MPIAdvance-CXI-Double-Buffering2,0.0176611,10.5754,frontier,61440,fine,Ready Send,1000
8,1,MPIAdvance-CXI-Single-Buffering2,0.0220839,10.7493,frontier,61440,fine,Standard,1000
8,1,Cray-MPICH-CXI-GPU-Enabled,0.00696637,10.6962,frontier,61440,coarse,Standard,1000
8,2,MPIAdvance-CXI-Double-Buffering2,0.0616156,0.495109,frontier,16384,coarse,Ready Send,1000
8,2,MPIAdvance-CXI-Single-Buffering2,0.0241531,0.49428,frontier,16384,coarse,Standard,1000
8,2,MPIAdvance-CXI-Double-Buffering2,0.0198304,0.500415,frontier,16384,fine,Ready Send,1000
8,2,MPIAdvance-CXI-Single-Buffering2,0.0229877,0.499369,frontier,16384,fine,Standard,1000
8,2,Cray-MPICH-CXI-GPU-Enabled,0.00776475,0.531104,frontier,16384,coarse,Standard,1000
8,2,MPIAdvance-CXI-Double-Buffering2,0.0219659,5.18883,frontier,61440,coarse,Ready Send,1000
8,2,MPIAdvance-CXI-Single-Buffering2,0.0247819,5.18768,frontier,61440,coarse,Standard,1000
8,2,MPIAdvance-CXI-Double-Buffering2,0.0212898,5.19183,frontier,61440,fine,Ready Send,1000
8,2,MPIAdvance-CXI-Single-Buffering2,0.0228593,5.19101,frontier,61440,fine,Standard,1000
8,2,Cray-MPICH-CXI-GPU-Enabled,0.00807905,5.20246,frontier,61440,coarse,Standard,1000
8,4,MPIAdvance-CXI-Double-Buffering2,0.0622277,0.303525,frontier,16384,coarse,Ready Send,1000
8,4,MPIAdvance-CXI-Single-Buffering2,0.0249299,0.302583,frontier,16384,coarse,Standard,1000
8,4,MPIAdvance-CXI-Double-Buffering2,0.0221331,0.309936,frontier,16384,fine,Ready Send,1000
8,4,MPIAdvance-CXI-Single-Buffering2,0.0271326,0.309226,frontier,16384,fine,Standard,1000
8,4,Cray-MPICH-CXI-GPU-Enabled,0.00847449,0.346581,frontier,16384,coarse,Standard,1000
8,4,MPIAdvance-CXI-Double-Buffering2,0.0206175,2.67842,frontier,61440,coarse,Ready Send,1000
8,4,MPIAdvance-CXI-Single-Buffering2,0.0280904,2.67733,frontier,61440,coarse,Standard,1000
8,4,MPIAdvance-CXI-Double-Buffering2,0.0222917,2.68092,frontier,61440,fine,Ready Send,1000
8,4,MPIAdvance-CXI-Single-Buffering2,0.0240547,2.68042,frontier,61440,fine,Standard,1000
8,4,Cray-MPICH-CXI-GPU-Enabled,0.0072735,2.69939,frontier,61440,coarse,Standard,1000
8,8,MPIAdvance-CXI-Double-Buffering2,0.0732895,0.210787,frontier,16384,coarse,Ready Send,1000
8,8,MPIAdvance-CXI-Single-Buffering2,0.0337528,0.209593,frontier,16384,coarse,Standard,1000
8,8,MPIAdvance-CXI-Double-Buffering2,0.0295712,0.216468,frontier,16384,fine,Ready Send,1000
8,8,MPIAdvance-CXI-Single-Buffering2,0.0382845,0.215725,frontier,16384,fine,Standard,1000
8,8,Cray-MPICH-CXI-GPU-Enabled,0.0152115,0.26593,frontier,16384,coarse,Standard,1000
8,8,MPIAdvance-CXI-Double-Buffering2,0.0302088,1.41744,frontier,61440,coarse,Ready Send,1000
8,8,MPIAdvance-CXI-Single-Buffering2,0.0351019,1.41664,frontier,61440,coarse,Standard,1000
8,8,MPIAdvance-CXI-Double-Buffering2,0.0299362,1.41918,frontier,61440,fine,Ready Send,1000
8,8,MPIAdvance-CXI-Single-Buffering2,0.0328967,1.41846,frontier,61440,fine,Standard,1000
8,8,Cray-MPICH-CXI-GPU-Enabled,0.0162478,1.4558,frontier,61440,coarse,Standard,1000
16,1,MPIAdvance-CXI-Double-Buffering2,0.453849,0.490547,frontier,16384,coarse,Ready Send,1000
16,1,MPIAdvance-CXI-Single-Buffering2,0.0230995,0.49086,frontier,16384,coarse,Standard,1000
16,1,MPIAdvance-CXI-Double-Buffering2,0.0170412,0.495533,frontier,16384,fine,Ready Send,1000
16,1,MPIAdvance-CXI-Single-Buffering2,0.0215604,0.496221,frontier,16384,fine,Standard,1000
16,1,Cray-MPICH-CXI-GPU-Enabled,0.00949961,0.515346,frontier,16384,coarse,Standard,1000
16,1,MPIAdvance-CXI-Double-Buffering2,0.0185479,5.18271,frontier,61440,coarse,Ready Send,1000
16,1,MPIAdvance-CXI-Single-Buffering2,0.0230279,5.18281,frontier,61440,coarse,Standard,1000
16,1,MPIAdvance-CXI-Double-Buffering2,0.0179184,5.18742,frontier,61440,fine,Ready Send,1000
16,1,MPIAdvance-CXI-Single-Buffering2,0.0219138,5.18727,frontier,61440,fine,Standard,1000
16,1,Cray-MPICH-CXI-GPU-Enabled,0.00738883,5.2106,frontier,61440,coarse,Standard,1000
16,2,MPIAdvance-CXI-Double-Buffering2,0.0621366,0.303627,frontier,16384,coarse,Ready Send,1000
16,2,MPIAdvance-CXI-Single-Buffering2,0.0237107,0.30279,frontier,16384,coarse,Standard,1000
16,2,MPIAdvance-CXI-Double-Buffering2,0.0202066,0.309893,frontier,16384,fine,Ready Send,1000
16,2,MPIAdvance-CXI-Single-Buffering2,0.02318,0.309083,frontier,16384,fine,Standard,1000
16,2,Cray-MPICH-CXI-GPU-Enabled,0.00753396,0.342098,frontier,16384,coarse,Standard,1000
16,2,MPIAdvance-CXI-Double-Buffering2,0.0208927,2.67676,frontier,61440,coarse,Ready Send,1000
16,2,MPIAdvance-CXI-Single-Buffering2,0.0238783,2.67559,frontier,61440,coarse,Standard,1000
16,2,MPIAdvance-CXI-Double-Buffering2,0.0208408,2.67957,frontier,61440,fine,Ready Send,1000
16,2,MPIAdvance-CXI-Single-Buffering2,0.0247928,2.67913,frontier,61440,fine,Standard,1000
16,2,Cray-MPICH-CXI-GPU-Enabled,0.00915049,2.69152,frontier,61440,coarse,Standard,1000
16,4,MPIAdvance-CXI-Double-Buffering2,0.0616439,0.211133,frontier,16384,coarse,Ready Send,1000
16,4,MPIAdvance-CXI-Single-Buffering2,0.02686,0.209869,frontier,16384,coarse,Standard,1000
16,4,MPIAdvance-CXI-Double-Buffering2,0.0213282,0.216631,frontier,16384,fine,Ready Send,1000
16,4,MPIAdvance-CXI-Single-Buffering2,0.026582,0.216034,frontier,16384,fine,Standard,1000
16,4,Cray-MPICH-CXI-GPU-Enabled,0.0109348,0.25806,frontier,16384,coarse,Standard,1000
16,4,MPIAdvance-CXI-Double-Buffering2,0.0246117,1.418,frontier,61440,coarse,Ready Send,1000
16,4,MPIAdvance-CXI-Single-Buffering2,0.0289989,1.41704,frontier,61440,coarse,Standard,1000
16,4,MPIAdvance-CXI-Double-Buffering2,0.0218124,1.41904,frontier,61440,fine,Ready Send,1000
16,4,MPIAdvance-CXI-Single-Buffering2,0.0276369,1.41869,frontier,61440,fine,Standard,1000
16,4,Cray-MPICH-CXI-GPU-Enabled,0.00957217,1.45367,frontier,61440,coarse,Standard,1000
16,8,MPIAdvance-CXI-Double-Buffering2,0.0767372,0.156236,frontier,16384,coarse,Ready Send,1000
16,8,MPIAdvance-CXI-Single-Buffering2,0.0405855,0.155158,frontier,16384,coarse,Standard,1000
16,8,MPIAdvance-CXI-Double-Buffering2,0.0354326,0.166441,frontier,16384,fine,Ready Send,1000
16,8,MPIAdvance-CXI-Single-Buffering2,0.0344135,0.165296,frontier,16384,fine,Standard,1000
16,8,Cray-MPICH-CXI-GPU-Enabled,0.0186313,0.211597,frontier,16384,coarse,Standard,1000
16,8,MPIAdvance-CXI-Double-Buffering2,0.0385323,0.773333,frontier,61440,coarse,Ready Send,1000
16,8,MPIAdvance-CXI-Single-Buffering2,0.0350894,0.772673,frontier,61440,coarse,Standard,1000
16,8,MPIAdvance-CXI-Double-Buffering2,0.0339492,0.777194,frontier,61440,fine,Ready Send,1000
16,8,MPIAdvance-CXI-Single-Buffering2,0.0374387,0.776904,frontier,61440,fine,Standard,1000
16,8,Cray-MPICH-CXI-GPU-Enabled,0.0170444,0.818594,frontier,61440,coarse,Standard,1000
32,1,MPIAdvance-CXI-Double-Buffering2,0.470294,0.300862,frontier,16384,coarse,Ready Send,1000
32,1,MPIAdvance-CXI-Single-Buffering2,0.0240804,0.301292,frontier,16384,coarse,Standard,1000
32,1,MPIAdvance-CXI-Double-Buffering2,0.0186723,0.307117,frontier,16384,fine,Ready Send,1000
32,1,MPIAdvance-CXI-Single-Buffering2,0.0231172,0.30771,frontier,16384,fine,Standard,1000
32,1,Cray-MPICH-CXI-GPU-Enabled,0.00755054,0.326611,frontier,16384,coarse,Standard,1000
32,1,MPIAdvance-CXI-Double-Buffering2,0.0196609,2.66181,frontier,61440,coarse,Ready Send,1000
32,1,MPIAdvance-CXI-Single-Buffering2,0.0226255,2.66141,frontier,61440,coarse,Standard,1000
32,1,MPIAdvance-CXI-Double-Buffering2,0.0182439,2.66487,frontier,61440,fine,Ready Send,1000
32,1,MPIAdvance-CXI-Single-Buffering2,0.0225868,2.66536,frontier,61440,fine,Standard,1000
32,1,Cray-MPICH-CXI-GPU-Enabled,0.00883047,2.68605,frontier,61440,coarse,Standard,1000
32,2,MPIAdvance-CXI-Double-Buffering2,0.0632475,0.211183,frontier,16384,coarse,Ready Send,1000
32,2,MPIAdvance-CXI-Single-Buffering2,0.0239662,0.210045,frontier,16384,coarse,Standard,1000
32,2,MPIAdvance-CXI-Double-Buffering2,0.0233015,0.217086,frontier,16384,fine,Ready Send,1000
32,2,MPIAdvance-CXI-Single-Buffering2,0.0240544,0.216206,frontier,16384,fine,Standard,1000
32,2,Cray-MPICH-CXI-GPU-Enabled,0.0116396,0.252635,frontier,16384,coarse,Standard,1000
32,2,MPIAdvance-CXI-Double-Buffering2,0.0231334,1.41612,frontier,61440,coarse,Ready Send,1000
32,2,MPIAdvance-CXI-Single-Buffering2,0.0250472,1.41507,frontier,61440,coarse,Standard,1000
32,2,MPIAdvance-CXI-Double-Buffering2,0.0217721,1.4174,frontier,61440,fine,Ready Send,1000
32,2,MPIAdvance-CXI-Single-Buffering2,0.0252763,1.41699,frontier,61440,fine,Standard,1000
32,2,Cray-MPICH-CXI-GPU-Enabled,0.0103162,1.44017,frontier,61440,coarse,Standard,1000
32,4,MPIAdvance-CXI-Double-Buffering2,0.0629444,0.15624,frontier,16384,coarse,Ready Send,1000
32,4,MPIAdvance-CXI-Single-Buffering2,0.030222,0.155034,frontier,16384,coarse,Standard,1000
32,4,MPIAdvance-CXI-Double-Buffering2,0.0215904,0.166703,frontier,16384,fine,Ready Send,1000
32,4,MPIAdvance-CXI-Single-Buffering2,0.0285101,0.165583,frontier,16384,fine,Standard,1000
32,4,Cray-MPICH-CXI-GPU-Enabled,0.0130764,0.20626,frontier,16384,coarse,Standard,1000
32,4,MPIAdvance-CXI-Double-Buffering2,0.106112,0.772983,frontier,61440,coarse,Ready Send,1000
32,4,MPIAdvance-CXI-Single-Buffering2,0.0297637,0.772399,frontier,61440,coarse,Standard,1000
32,4,MPIAdvance-CXI-Double-Buffering2,0.0235255,0.777119,frontier,61440,fine,Ready Send,1000
32,4,MPIAdvance-CXI-Single-Buffering2,0.0300389,0.776623,frontier,61440,fine,Standard,1000
32,4,Cray-MPICH-CXI-GPU-Enabled,0.0116434,0.809368,frontier,61440,coarse,Standard,1000
32,8,MPIAdvance-CXI-Double-Buffering2,0.0677601,0.133127,frontier,16384,coarse,Ready Send,1000
32,8,MPIAdvance-CXI-Single-Buffering2,0.0385892,0.134426,frontier,16384,coarse,Standard,1000
32,8,MPIAdvance-CXI-Double-Buffering2,0.0351786,0.140595,frontier,16384,fine,Ready Send,1000
32,8,MPIAdvance-CXI-Single-Buffering2,0.0398308,0.139994,frontier,16384,fine,Standard,1000
32,8,Cray-MPICH-CXI-GPU-Enabled,0.0149119,0.193139,frontier,16384,coarse,Standard,1000
32,8,MPIAdvance-CXI-Double-Buffering2,0.0335677,0.455437,frontier,61440,coarse,Ready Send,1000
32,8,MPIAdvance-CXI-Single-Buffering2,0.037345,0.454567,frontier,61440,coarse,Standard,1000
32,8,MPIAdvance-CXI-Double-Buffering2,0.0277007,0.459769,frontier,61440,fine,Ready Send,1000
32,8,MPIAdvance-CXI-Single-Buffering2,0.0348305,0.459065,frontier,61440,fine,Standard,1000
32,8,Cray-MPICH-CXI-GPU-Enabled,0.0183543,0.5151,frontier,61440,coarse,Standard,1000
64,1,MPIAdvance-CXI-Double-Buffering2,0.238897,0.21134,frontier,16384,coarse,Ready Send,1000
64,1,MPIAdvance-CXI-Single-Buffering2,0.0271215,0.211659,frontier,16384,coarse,Standard,1000
64,1,MPIAdvance-CXI-Double-Buffering2,0.0218242,0.216471,frontier,16384,fine,Ready Send,1000
64,1,MPIAdvance-CXI-Single-Buffering2,0.0247324,0.217431,frontier,16384,fine,Standard,1000
64,1,Cray-MPICH-CXI-GPU-Enabled,0.0115428,0.233926,frontier,16384,coarse,Standard,1000
64,1,MPIAdvance-CXI-Double-Buffering2,0.0221566,1.41128,frontier,61440,coarse,Ready Send,1000
64,1,MPIAdvance-CXI-Single-Buffering2,0.0262242,1.41149,frontier,61440,coarse,Standard,1000
64,1,MPIAdvance-CXI-Double-Buffering2,0.0188813,1.41323,frontier,61440,fine,Ready Send,1000
64,1,MPIAdvance-CXI-Single-Buffering2,0.0241212,1.41402,frontier,61440,fine,Standard,1000
64,1,Cray-MPICH-CXI-GPU-Enabled,0.0103356,1.44438,frontier,61440,coarse,Standard,1000
64,2,MPIAdvance-CXI-Double-Buffering2,0.0662096,0.15802,frontier,16384,coarse,Ready Send,1000
64,2,MPIAdvance-CXI-Single-Buffering2,0.0271893,0.157665,frontier,16384,coarse,Standard,1000
64,2,MPIAdvance-CXI-Double-Buffering2,0.0223507,0.168414,frontier,16384,fine,Ready Send,1000
64,2,MPIAdvance-CXI-Single-Buffering2,0.0263522,0.167757,frontier,16384,fine,Standard,1000
64,2,Cray-MPICH-CXI-GPU-Enabled,0.0105607,0.203688,frontier,16384,coarse,Standard,1000
64,2,MPIAdvance-CXI-Double-Buffering2,0.0232546,0.774582,frontier,61440,coarse,Ready Send,1000
64,2,MPIAdvance-CXI-Single-Buffering2,0.0270495,0.773652,frontier,61440,coarse,Standard,1000
64,2,MPIAdvance-CXI-Double-Buffering2,0.0244546,0.778782,frontier,61440,fine,Ready Send,1000
64,2,MPIAdvance-CXI-Single-Buffering2,0.0263222,0.778216,frontier,61440,fine,Standard,1000
64,2,Cray-MPICH-CXI-GPU-Enabled,0.0113812,0.803458,frontier,61440,coarse,Standard,1000
64,4,MPIAdvance-CXI-Double-Buffering2,0.0686047,0.134673,frontier,16384,coarse,Ready Send,1000
64,4,MPIAdvance-CXI-Single-Buffering2,0.0298351,0.134535,frontier,16384,coarse,Standard,1000
64,4,MPIAdvance-CXI-Double-Buffering2,0.0244189,0.142026,frontier,16384,fine,Ready Send,1000
64,4,MPIAdvance-CXI-Single-Buffering2,0.0284814,0.141869,frontier,16384,fine,Standard,1000
64,4,Cray-MPICH-CXI-GPU-Enabled,0.0134976,0.186381,frontier,16384,coarse,Standard,1000
64,4,MPIAdvance-CXI-Double-Buffering2,0.0254032,0.45671,frontier,61440,coarse,Ready Send,1000
64,4,MPIAdvance-CXI-Single-Buffering2,0.0283657,0.456008,frontier,61440,coarse,Standard,1000
64,4,MPIAdvance-CXI-Double-Buffering2,0.0236129,0.461354,frontier,61440,fine,Ready Send,1000
64,4,MPIAdvance-CXI-Single-Buffering2,0.0278275,0.460661,frontier,61440,fine,Standard,1000
64,4,Cray-MPICH-CXI-GPU-Enabled,0.0118467,0.50293,frontier,61440,coarse,Standard,1000
64,8,MPIAdvance-CXI-Double-Buffering2,0.0812681,0.120826,frontier,16384,coarse,Ready Send,1000
64,8,MPIAdvance-CXI-Single-Buffering2,0.0426013,0.126509,frontier,16384,coarse,Standard,1000
64,8,MPIAdvance-CXI-Double-Buffering2,0.0352541,0.12586,frontier,16384,fine,Ready Send,1000
64,8,MPIAdvance-CXI-Single-Buffering2,0.0477397,0.128765,frontier,16384,fine,Standard,1000
64,8,Cray-MPICH-CXI-GPU-Enabled,0.0205605,0.16512,frontier,16384,coarse,Standard,1000
64,8,MPIAdvance-CXI-Double-Buffering2,0.0437943,0.289674,frontier,61440,coarse,Ready Send,1000
64,8,MPIAdvance-CXI-Single-Buffering2,0.0642461,0.288957,frontier,61440,coarse,Standard,1000
64,8,MPIAdvance-CXI-Double-Buffering2,0.0431968,0.292509,frontier,61440,fine,Ready Send,1000
64,8,MPIAdvance-CXI-Single-Buffering2,0.0744444,0.29165,frontier,61440,fine,Standard,1000
64,8,Cray-MPICH-CXI-GPU-Enabled,0.0235029,0.34002,frontier,61440,coarse,Standard,1000
128,1,MPIAdvance-CXI-Double-Buffering2,0.634245,0.155411,frontier,16384,coarse,Ready Send,1000
128,1,MPIAdvance-CXI-Single-Buffering2,0.0232258,0.156587,frontier,16384,coarse,Standard,1000
128,1,MPIAdvance-CXI-Double-Buffering2,0.0220292,0.166381,frontier,16384,fine,Ready Send,1000
128,1,MPIAdvance-CXI-Single-Buffering2,0.0239116,0.167473,frontier,16384,fine,Standard,1000
128,1,Cray-MPICH-CXI-GPU-Enabled,0.00972556,0.182037,frontier,16384,coarse,Standard,1000
128,1,MPIAdvance-CXI-Double-Buffering2,0.0198546,0.768741,frontier,61440,coarse,Ready Send,1000
128,1,MPIAdvance-CXI-Single-Buffering2,0.0242653,0.769306,frontier,61440,coarse,Standard,1000
128,1,MPIAdvance-CXI-Double-Buffering2,0.02029,0.773387,frontier,61440,fine,Ready Send,1000
128,1,MPIAdvance-CXI-Single-Buffering2,0.0239151,0.7741,frontier,61440,fine,Standard,1000
128,1,Cray-MPICH-CXI-GPU-Enabled,0.0172744,0.800195,frontier,61440,coarse,Standard,1000
128,2,MPIAdvance-CXI-Double-Buffering2,0.0626658,0.134857,frontier,16384,coarse,Ready Send,1000
128,2,MPIAdvance-CXI-Single-Buffering2,0.0313655,0.134375,frontier,16384,coarse,Standard,1000
128,2,MPIAdvance-CXI-Double-Buffering2,0.0226299,0.142181,frontier,16384,fine,Ready Send,1000
128,2,MPIAdvance-CXI-Single-Buffering2,0.0334897,0.141778,frontier,16384,fine,Standard,1000
128,2,Cray-MPICH-CXI-GPU-Enabled,0.0115178,0.176892,frontier,16384,coarse,Standard,1000
128,2,MPIAdvance-CXI-Double-Buffering2,0.0241929,0.45658,frontier,61440,coarse,Ready Send,1000
128,2,MPIAdvance-CXI-Single-Buffering2,0.0276779,0.455474,frontier,61440,coarse,Standard,1000
128,2,MPIAdvance-CXI-Double-Buffering2,0.025392,0.461255,frontier,61440,fine,Ready Send,1000
128,2,MPIAdvance-CXI-Single-Buffering2,0.02791,0.46052,frontier,61440,fine,Standard,1000
128,2,Cray-MPICH-CXI-GPU-Enabled,0.0107163,0.49036,frontier,61440,coarse,Standard,1000
128,4,MPIAdvance-CXI-Double-Buffering2,0.0685969,0.11938,frontier,16384,coarse,Ready Send,1000
128,4,MPIAdvance-CXI-Single-Buffering2,0.0302553,0.124185,frontier,16384,coarse,Standard,1000
128,4,MPIAdvance-CXI-Double-Buffering2,0.0269379,0.125564,frontier,16384,fine,Ready Send,1000
128,4,MPIAdvance-CXI-Single-Buffering2,8.09353,0.12743,frontier,16384,fine,Standard,1000
128,4,Cray-MPICH-CXI-GPU-Enabled,2.42157,0.170727,frontier,16384,coarse,Standard,1000
128,4,MPIAdvance-CXI-Double-Buffering2,2.04607,0.289483,frontier,61440,coarse,Ready Send,1000
128,4,MPIAdvance-CXI-Single-Buffering2,0.0653511,0.288759,frontier,61440,coarse,Standard,1000
128,4,MPIAdvance-CXI-Double-Buffering2,0.025904,0.29258,frontier,61440,fine,Ready Send,1000
128,4,MPIAdvance-CXI-Single-Buffering2,0.0299314,0.29164,frontier,61440,fine,Standard,1000
128,4,Cray-MPICH-CXI-GPU-Enabled,0.0108396,0.345822,frontier,61440,coarse,Standard,1000
128,8,MPIAdvance-CXI-Double-Buffering2,0.0731954,0.119874,frontier,16384,coarse,Ready Send,1000
128,8,MPIAdvance-CXI-Single-Buffering2,0.0650074,0.124317,frontier,16384,coarse,Standard,1000
128,8,MPIAdvance-CXI-Double-Buffering2,0.0318574,0.114642,frontier,16384,fine,Ready Send,1000
128,8,MPIAdvance-CXI-Single-Buffering2,0.0336589,0.121051,frontier,16384,fine,Standard,1000
128,8,Cray-MPICH-CXI-GPU-Enabled,0.0212676,0.140446,frontier,16384,coarse,Standard,1000
128,8,MPIAdvance-CXI-Double-Buffering2,0.0350233,0.207452,frontier,61440,coarse,Ready Send,1000
128,8,MPIAdvance-CXI-Single-Buffering2,0.0438289,0.206464,frontier,61440,coarse,Standard,1000
128,8,MPIAdvance-CXI-Double-Buffering2,0.0357154,0.211035,frontier,61440,fine,Ready Send,1000
128,8,MPIAdvance-CXI-Single-Buffering2,0.0394508,0.210311,frontier,61440,fine,Standard,1000
128,8,Cray-MPICH-CXI-GPU-Enabled,0.0164108,0.261513,frontier,61440,coarse,Standard,1000
256,1,MPIAdvance-CXI-Double-Buffering2,0.502059,0.132985,frontier,16384,coarse,Ready Send,1000
256,1,MPIAdvance-CXI-Single-Buffering2,0.0302146,0.134487,frontier,16384,coarse,Standard,1000
256,1,MPIAdvance-CXI-Double-Buffering2,0.0223594,0.140409,frontier,16384,fine,Ready Send,1000
256,1,MPIAdvance-CXI-Single-Buffering2,0.0265651,0.141935,frontier,16384,fine,Standard,1000
256,1,Cray-MPICH-CXI-GPU-Enabled,0.0110085,0.157538,frontier,16384,coarse,Standard,1000
256,1,MPIAdvance-CXI-Double-Buffering2,0.0213212,0.453283,frontier,61440,coarse,Ready Send,1000
256,1,MPIAdvance-CXI-Single-Buffering2,0.0264734,0.454085,frontier,61440,coarse,Standard,1000
256,1,MPIAdvance-CXI-Double-Buffering2,0.0207511,0.458126,frontier,61440,fine,Ready Send,1000
256,1,MPIAdvance-CXI-Single-Buffering2,0.0244983,0.45896,frontier,61440,fine,Standard,1000
256,1,Cray-MPICH-CXI-GPU-Enabled,0.0111339,0.485593,frontier,61440,coarse,Standard,1000
256,2,MPIAdvance-CXI-Double-Buffering2,0.06799,0.116903,frontier,16384,coarse,Ready Send,1000
256,2,MPIAdvance-CXI-Single-Buffering2,0.0701322,0.123583,frontier,16384,coarse,Standard,1000
256,2,MPIAdvance-CXI-Double-Buffering2,0.0614184,0.125408,frontier,16384,fine,Ready Send,1000
256,2,MPIAdvance-CXI-Single-Buffering2,0.0274973,0.126738,frontier,16384,fine,Standard,1000
256,2,Cray-MPICH-CXI-GPU-Enabled,0.0676321,0.161577,frontier,16384,coarse,Standard,1000
256,2,MPIAdvance-CXI-Double-Buffering2,0.0252947,0.290054,frontier,61440,coarse,Ready Send,1000
256,2,MPIAdvance-CXI-Single-Buffering2,0.0408583,0.28933,frontier,61440,coarse,Standard,1000
256,2,MPIAdvance-CXI-Double-Buffering2,0.0251338,0.293044,frontier,61440,fine,Ready Send,1000
256,2,MPIAdvance-CXI-Single-Buffering2,0.0276857,0.291989,frontier,61440,fine,Standard,1000
256,2,Cray-MPICH-CXI-GPU-Enabled,0.0733197,0.325195,frontier,61440,coarse,Standard,1000
256,4,MPIAdvance-CXI-Double-Buffering2,0.0666715,0.113044,frontier,16384,coarse,Ready Send,1000
256,4,MPIAdvance-CXI-Single-Buffering2,0.0335369,0.119562,frontier,16384,coarse,Standard,1000
256,4,MPIAdvance-CXI-Double-Buffering2,0.0228871,0.110012,frontier,16384,fine,Ready Send,1000
256,4,MPIAdvance-CXI-Single-Buffering2,0.0291998,0.118018,frontier,16384,fine,Standard,1000
256,4,Cray-MPICH-CXI-GPU-Enabled,0.0158198,0.135781,frontier,16384,coarse,Standard,1000
256,4,MPIAdvance-CXI-Double-Buffering2,0.0780486,0.207879,frontier,61440,coarse,Ready Send,1000
256,4,MPIAdvance-CXI-Single-Buffering2,0.0345221,0.206867,frontier,61440,coarse,Standard,1000
256,4,MPIAdvance-CXI-Double-Buffering2,0.11222,0.211517,frontier,61440,fine,Ready Send,1000
256,4,MPIAdvance-CXI-Single-Buffering2,0.0659938,0.210714,frontier,61440,fine,Standard,1000
256,4,Cray-MPICH-CXI-GPU-Enabled,0.0204003,0.258193,frontier,61440,coarse,Standard,1000
256,8,MPIAdvance-CXI-Double-Buffering2,0.119559,0.120595,frontier,16384,coarse,Ready Send,1000
256,8,MPIAdvance-CXI-Single-Buffering2,0.0398384,0.124214,frontier,16384,coarse,Standard,1000
256,8,MPIAdvance-CXI-Double-Buffering2,0.154769,0.116764,frontier,16384,fine,Ready Send,1000
256,8,MPIAdvance-CXI-Single-Buffering2,0.0404307,0.121219,frontier,16384,fine,Standard,1000
256,8,Cray-MPICH-CXI-GPU-Enabled,0.0768079,0.135822,frontier,16384,coarse,Standard,1000
256,8,MPIAdvance-CXI-Double-Buffering2,0.12365,0.151257,frontier,61440,coarse,Ready Send,1000
256,8,MPIAdvance-CXI-Single-Buffering2,0.0478817,0.150864,frontier,61440,coarse,Standard,1000
256,8,MPIAdvance-CXI-Double-Buffering2,0.0631629,0.15995,frontier,61440,fine,Ready Send,1000
256,8,MPIAdvance-CXI-Single-Buffering2,0.0755472,0.159593,frontier,61440,fine,Standard,1000
256,8,Cray-MPICH-CXI-GPU-Enabled,0.0571514,0.210893,frontier,61440,coarse,Standard,1000
512,1,MPIAdvance-CXI-Double-Buffering2,0.58771,0.114988,frontier,16384,coarse,Ready Send,1000
512,1,MPIAdvance-CXI-Single-Buffering2,0.0501012,0.122489,frontier,16384,coarse,Standard,1000
512,1,MPIAdvance-CXI-Double-Buffering2,0.0898067,0.124839,frontier,16384,fine,Ready Send,1000
512,1,MPIAdvance-CXI-Single-Buffering2,0.0354243,0.126159,frontier,16384,fine,Standard,1000
512,1,Cray-MPICH-CXI-GPU-Enabled,0.0144129,0.142714,frontier,16384,coarse,Standard,1000
512,1,MPIAdvance-CXI-Double-Buffering2,0.033595,0.287516,frontier,61440,coarse,Ready Send,1000
512,1,MPIAdvance-CXI-Single-Buffering2,0.0593779,0.28812,frontier,61440,coarse,Standard,1000
512,1,MPIAdvance-CXI-Double-Buffering2,0.0257594,0.290808,frontier,61440,fine,Ready Send,1000
512,1,MPIAdvance-CXI-Single-Buffering2,0.0286081,0.291273,frontier,61440,fine,Standard,1000
512,1,Cray-MPICH-CXI-GPU-Enabled,0.0200193,0.317818,frontier,61440,coarse,Standard,1000
512,2,MPIAdvance-CXI-Double-Buffering2,0.065518,0.112359,frontier,16384,coarse,Ready Send,1000
512,2,MPIAdvance-CXI-Single-Buffering2,0.0309266,0.118991,frontier,16384,coarse,Standard,1000
512,2,MPIAdvance-CXI-Double-Buffering2,0.0228586,0.109081,frontier,16384,fine,Ready Send,1000
512,2,MPIAdvance-CXI-Single-Buffering2,0.1147,0.116242,frontier,16384,fine,Standard,1000
512,2,Cray-MPICH-CXI-GPU-Enabled,0.298591,0.128024,frontier,16384,coarse,Standard,1000
512,2,MPIAdvance-CXI-Double-Buffering2,0.0875135,0.208145,frontier,61440,coarse,Ready Send,1000
512,2,MPIAdvance-CXI-Single-Buffering2,0.0832704,0.206977,frontier,61440,coarse,Standard,1000
512,2,MPIAdvance-CXI-Double-Buffering2,0.0342571,0.211772,frontier,61440,fine,Ready Send,1000
512,2,MPIAdvance-CXI-Single-Buffering2,0.0370556,0.210851,frontier,61440,fine,Standard,1000
512,2,Cray-MPICH-CXI-GPU-Enabled,0.0264559,0.244358,frontier,61440,coarse,Standard,1000
512,4,MPIAdvance-CXI-Double-Buffering2,0.0712647,0.112476,frontier,16384,coarse,Ready Send,1000
512,4,MPIAdvance-CXI-Single-Buffering2,0.135568,0.120768,frontier,16384,coarse,Standard,1000
512,4,MPIAdvance-CXI-Double-Buffering2,0.0683892,0.110107,frontier,16384,fine,Ready Send,1000
512,4,MPIAdvance-CXI-Single-Buffering2,0.229805,0.117464,frontier,16384,fine,Standard,1000
512,4,Cray-MPICH-CXI-GPU-Enabled,0.232125,0.132844,frontier,16384,coarse,Standard,1000
512,4,MPIAdvance-CXI-Double-Buffering2,0.0567159,0.151192,frontier,61440,coarse,Ready Send,1000
512,4,MPIAdvance-CXI-Single-Buffering2,0.0597257,0.150836,frontier,61440,coarse,Standard,1000
512,4,MPIAdvance-CXI-Double-Buffering2,0.0553168,0.159978,frontier,61440,fine,Ready Send,1000
512,4,MPIAdvance-CXI-Single-Buffering2,0.0573756,0.159306,frontier,61440,fine,Standard,1000
512,4,Cray-MPICH-CXI-GPU-Enabled,0.0419233,0.204795,frontier,61440,coarse,Standard,1000
512,8,MPIAdvance-CXI-Double-Buffering2,0.0885834,0.11598,frontier,16384,coarse,Ready Send,1000
512,8,MPIAdvance-CXI-Single-Buffering2,0.211014,0.122169,frontier,16384,coarse,Standard,1000
512,8,MPIAdvance-CXI-Double-Buffering2,0.204888,0.114727,frontier,16384,fine,Ready Send,1000
512,8,MPIAdvance-CXI-Single-Buffering2,0.203692,0.119892,frontier,16384,fine,Standard,1000
512,8,Cray-MPICH-CXI-GPU-Enabled,0.0606482,0.132169,frontier,16384,coarse,Standard,1000
512,8,MPIAdvance-CXI-Double-Buffering2,0.150778,0.130916,frontier,61440,coarse,Ready Send,1000
512,8,MPIAdvance-CXI-Single-Buffering2,0.277933,0.134804,frontier,61440,coarse,Standard,1000
512,8,MPIAdvance-CXI-Double-Buffering2,0.169883,0.138974,frontier,61440,fine,Ready Send,1000
512,8,MPIAdvance-CXI-Single-Buffering2,0.170968,0.139254,frontier,61440,fine,Standard,1000
512,8,Cray-MPICH-CXI-GPU-Enabled,0.0936385,0.200301,frontier,61440,coarse,Standard,1000
1024,1,MPIAdvance-CXI-Double-Buffering2,0.748034,0.110438,frontier,16384,coarse,Ready Send,1000
1024,1,MPIAdvance-CXI-Single-Buffering2,0.0357343,0.116319,frontier,16384,coarse,Standard,1000
1024,1,MPIAdvance-CXI-Double-Buffering2,0.0236039,0.106224,frontier,16384,fine,Ready Send,1000
1024,1,MPIAdvance-CXI-Single-Buffering2,0.0331183,0.114506,frontier,16384,fine,Standard,1000
1024,1,Cray-MPICH-CXI-GPU-Enabled,0.0107282,0.122816,frontier,16384,coarse,Standard,1000
1024,1,MPIAdvance-CXI-Double-Buffering2,0.0240557,0.206659,frontier,61440,coarse,Ready Send,1000
1024,1,MPIAdvance-CXI-Single-Buffering2,0.0322075,0.206772,frontier,61440,coarse,Standard,1000
1024,1,MPIAdvance-CXI-Double-Buffering2,0.0310101,0.210313,frontier,61440,fine,Ready Send,1000
1024,1,MPIAdvance-CXI-Single-Buffering2,0.0294701,0.210535,frontier,61440,fine,Standard,1000
1024,1,Cray-MPICH-CXI-GPU-Enabled,0.0190769,0.230278,frontier,61440,coarse,Standard,1000
1024,2,MPIAdvance-CXI-Double-Buffering2,0.0560325,0.11045,frontier,16384,coarse,Ready Send,1000
1024,2,MPIAdvance-CXI-Single-Buffering2,0.0511592,0.118268,frontier,16384,coarse,Standard,1000
1024,2,MPIAdvance-CXI-Double-Buffering2,0.04998,0.108267,frontier,16384,fine,Ready Send,1000
1024,2,MPIAdvance-CXI-Single-Buffering2,0.0545974,0.115653,frontier,16384,fine,Standard,1000
1024,2,Cray-MPICH-CXI-GPU-Enabled,0.0267203,0.125808,frontier,16384,coarse,Standard,1000
1024,2,MPIAdvance-CXI-Double-Buffering2,0.0559622,0.151702,frontier,61440,coarse,Ready Send,1000
1024,2,MPIAdvance-CXI-Single-Buffering2,0.0508432,0.151285,frontier,61440,coarse,Standard,1000
1024,2,MPIAdvance-CXI-Double-Buffering2,0.0636068,0.160291,frontier,61440,fine,Ready Send,1000
1024,2,MPIAdvance-CXI-Single-Buffering2,0.0544674,0.159729,frontier,61440,fine,Standard,1000
1024,2,Cray-MPICH-CXI-GPU-Enabled,0.0274683,0.190989,frontier,61440,coarse,Standard,1000
1024,4,MPIAdvance-CXI-Double-Buffering2,0.103823,0.111955,frontier,16384,coarse,Ready Send,1000
1024,4,MPIAdvance-CXI-Single-Buffering2,0.0777712,0.119535,frontier,16384,coarse,Standard,1000
1024,4,MPIAdvance-CXI-Double-Buffering2,0.101638,0.110103,frontier,16384,fine,Ready Send,1000
1024,4,MPIAdvance-CXI-Single-Buffering2,0.0955362,0.116384,frontier,16384,fine,Standard,1000
1024,4,Cray-MPICH-CXI-GPU-Enabled,0.0711399,0.126335,frontier,16384,coarse,Standard,1000
1024,4,MPIAdvance-CXI-Double-Buffering2,0.0838172,0.129919,frontier,61440,coarse,Ready Send,1000
1024,4,MPIAdvance-CXI-Single-Buffering2,0.113079,0.133566,frontier,61440,coarse,Standard,1000
1024,4,MPIAdvance-CXI-Double-Buffering2,0.0671635,0.136302,frontier,61440,fine,Ready Send,1000
1024,4,MPIAdvance-CXI-Single-Buffering2,0.11082,0.13648,frontier,61440,fine,Standard,1000
1024,4,Cray-MPICH-CXI-GPU-Enabled,0.0785314,0.187662,frontier,61440,coarse,Standard,1000
1024,8,MPIAdvance-CXI-Double-Buffering2,0.25443,0.115984,frontier,16384,coarse,Ready Send,1000
1024,8,MPIAdvance-CXI-Single-Buffering2,0.192006,0.122211,frontier,16384,coarse,Standard,1000
1024,8,MPIAdvance-CXI-Double-Buffering2,0.146929,0.114574,frontier,16384,fine,Ready Send,1000
1024,8,MPIAdvance-CXI-Single-Buffering2,0.20468,0.119389,frontier,16384,fine,Standard,1000
1024,8,Cray-MPICH-CXI-GPU-Enabled,0.082354,0.129291,frontier,16384,coarse,Standard,1000
1024,8,MPIAdvance-CXI-Double-Buffering2,0.193718,0.124203,frontier,61440,coarse,Ready Send,1000
1024,8,MPIAdvance-CXI-Single-Buffering2,0.173693,0.126188,frontier,61440,coarse,Standard,1000
1024,8,MPIAdvance-CXI-Double-Buffering2,0.185945,0.127033,frontier,61440,fine,Ready Send,1000
1024,8,MPIAdvance-CXI-Single-Buffering2,0.148685,0.127503,frontier,61440,fine,Standard,1000
1024,8,Cray-MPICH-CXI-GPU-Enabled,0.127789,0.178901,frontier,61440,coarse,Standard,1000
